NMF.cluster,UniProt accession,Gene,Probability
NMF 1,A0AVT1,UBA6,0.913989826
NMF 1,A1A4S6,ARHGAP10,0.850170789
NMF 1,A1X283,SH3PXD2B,1
NMF 1,A4D1P6,WDR91,0.871277982
NMF 1,A6NDG6,PGP,1
NMF 1,A6NHR9,SMCHD1,0.852158459
NMF 1,A6NMY6,ANXA2P2,0.999964499
NMF 1,B0I1T2,MYO1G,0.842384596
NMF 1,O00139,KIF2A,0.944532642
NMF 1,O00151,PDLIM1,0.943303753
NMF 1,O00170,AIP,0.984593564
NMF 1,O00214,LGALS8,0.942648064
NMF 1,O00244,ATOX1,0.998375762
NMF 1,O00291,HIP1,0.955179836
NMF 1,O00429,DNM1L,0.888809628
NMF 1,O00468,AGRN,0.932758495
NMF 1,O00487,PSMD14,0.855285371
NMF 1,O00562,PITPNM1,0.893809849
NMF 1,O00584,RNASET2,0.832504488
NMF 1,O00592,PODXL,0.96746936
NMF 1,O00629,KPNA4,0.90340015
NMF 1,O00754,MAN2B1,0.944816615
NMF 1,O00764,PDXK,0.81264171
NMF 1,O14562,UBFD1,0.85161999
NMF 1,O14737,PDCD5,0.894725116
NMF 1,O14773,TPP1,0.974879553
NMF 1,O14795,UNC13B,0.809295584
NMF 1,O14879,IFIT3,0.989015293
NMF 1,O14907,TAX1BP3,0.906358503
NMF 1,O14933,UBE2L6,0.928743281
NMF 1,O14964,HGS,0.923280112
NMF 1,O14974,PPP1R12A,0.980719169
NMF 1,O15143,ARPC1B,1
NMF 1,O15144,ARPC2,0.984273757
NMF 1,O15145,ARPC3,0.843253771
NMF 1,O15211,RGL2,0.93349938
NMF 1,O15327,INPP4B,0.947599665
NMF 1,O15511,ARPC5,1
NMF 1,O43294,TGFB1I1,0.974269009
NMF 1,O43399,TPD52L2,0.915116458
NMF 1,O43504,LAMTOR5,0.845043057
NMF 1,O43516,WIPF1,0.877509164
NMF 1,O43639,NCK2,0.819718515
NMF 1,O43707,ACTN4,1
NMF 1,O43741,PRKAB2,0.934905338
NMF 1,O43815,STRN,0.960258179
NMF 1,O43852,CALU,1
NMF 1,O60232,SSSCA1,0.97887453
NMF 1,O60234,GMFG,0.82578267
NMF 1,O60271,SPAG9,0.979292467
NMF 1,O60437,PPL,0.943468028
NMF 1,O60488,ACSL4,0.850163626
NMF 1,O60493,SNX3,0.979537916
NMF 1,O60502,OGA,0.957835271
NMF 1,O60506,SYNCRIP,0.850529688
NMF 1,O60664,PLIN3,1
NMF 1,O60749,SNX2,0.970182781
NMF 1,O60784,TOM1,0.871953271
NMF 1,O60925,PFDN1,0.857210457
NMF 1,O75083,WDR1,0.99855002
NMF 1,O75165,DNAJC13,0.908840268
NMF 1,O75312,ZPR1,0.943005785
NMF 1,O75347,TBCA,0.884878685
NMF 1,O75368,SH3BGRL,0.928465741
NMF 1,O75369,FLNB,0.906148204
NMF 1,O75410,TACC1,0.800975345
NMF 1,O75718,CRTAP,0.957203316
NMF 1,O75822,EIF3J,0.884746948
NMF 1,O75828,CBR3,0.808095305
NMF 1,O75914,PAK3,0.849755302
NMF 1,O75940,SMNDC1,0.961684062
NMF 1,O75962,TRIO,0.907817672
NMF 1,O76021,RSL1D1,0.825475779
NMF 1,O94851,MICAL2,0.86313207
NMF 1,O95302,FKBP9,1
NMF 1,O95373,IPO7,0.833530197
NMF 1,O95425,SVIL,0.975648202
NMF 1,O95479,H6PD,0.946930945
NMF 1,O95747,OXSR1,0.821914736
NMF 1,O95782,AP2A1,0.916972071
NMF 1,O95786,DDX58,0.941209604
NMF 1,O95816,BAG2,0.930615655
NMF 1,O95817,BAG3,0.974868155
NMF 1,O95819,MAP4K4,0.950273545
NMF 1,O95825,CRYZL1,0.854706475
NMF 1,O95967,EFEMP2,0.949608061
NMF 1,P00338,LDHA,0.930367016
NMF 1,P00488,F13A1,0.841041195
NMF 1,P00558,PGK1,0.979530101
NMF 1,P00736,C1R,0.973005919
NMF 1,P00738,HP,0.889603596
NMF 1,P00918,CA2,0.818118114
NMF 1,P01011,SERPINA3,0.823495681
NMF 1,P01033,TIMP1,0.865568625
NMF 1,P01860,IGHG3,0.864212841
NMF 1,P01871,IGHM,0.818402477
NMF 1,P01903,HLA-DRA,0.863622957
NMF 1,P02545,LMNA,0.989060124
NMF 1,P02747,C1QC,0.808426712
NMF 1,P02751,FN1,0.88250612
NMF 1,P03950,ANG,0.914301867
NMF 1,P04075,ALDOA,0.922875443
NMF 1,P04080,CSTB,0.829503524
NMF 1,P04083,ANXA1,0.993092634
NMF 1,P04179,SOD2,0.982646327
NMF 1,P04406,GAPDH,0.921098207
NMF 1,P04792,HSPB1,0.922449994
NMF 1,P05067,APP,0.825967069
NMF 1,P05156,CFI,0.812327398
NMF 1,P05161,ISG15,1
NMF 1,P05362,ICAM1,0.904367626
NMF 1,P05452,CLEC3B,0.821353752
NMF 1,P06280,GLA,0.976236862
NMF 1,P06454,PTMA,0.941783065
NMF 1,P06681,C2,0.90578424
NMF 1,P06733,ENO1,1
NMF 1,P06737,PYGL,0.812982724
NMF 1,P06748,NPM1,0.951903348
NMF 1,P06753,TPM3,0.992156092
NMF 1,P06756,ITGAV,0.873968567
NMF 1,P06865,HEXA,0.913323159
NMF 1,P07339,CTSD,0.902667663
NMF 1,P07355,ANXA2,1
NMF 1,P07357,C8A,0.884048575
NMF 1,P07358,C8B,0.818989174
NMF 1,P07437,TUBB,0.898589181
NMF 1,P07602,PSAP,0.970439213
NMF 1,P07711,CTSL,0.909713239
NMF 1,P07737,PFN1,0.907377581
NMF 1,P07858,CTSB,1
NMF 1,P07900,HSP90AA1,0.986746102
NMF 1,P07919,UQCRH,0.822809865
NMF 1,P07942,LAMB1,0.884861273
NMF 1,P08133,ANXA6,0.962040835
NMF 1,P08238,HSP90AB1,0.971528215
NMF 1,P08253,MMP2,0.884027068
NMF 1,P08670,VIM,0.975767064
NMF 1,P08729,KRT7,0.901525711
NMF 1,P08758,ANXA5,0.864755854
NMF 1,P08779,KRT16,0.815061763
NMF 1,P09012,SNRPA,0.885357512
NMF 1,P09104,ENO2,0.991941685
NMF 1,P09382,LGALS1,1
NMF 1,P09467,FBP1,0.844590658
NMF 1,P09486,SPARC,0.972321287
NMF 1,P09525,ANXA4,0.808123612
NMF 1,P09668,CTSH,0.946010443
NMF 1,P09871,C1S,0.931812981
NMF 1,P09960,LTA4H,0.863230401
NMF 1,P09972,ALDOC,0.909320655
NMF 1,P0DP23,CALM1,0.870840595
NMF 1,P10253,GAA,0.942607069
NMF 1,P11142,HSPA8,0.951309125
NMF 1,P11279,LAMP1,0.802195427
NMF 1,P11586,MTHFD1,0.864144857
NMF 1,P12814,ACTN1,1
NMF 1,P12955,PEPD,0.985496696
NMF 1,P13010,XRCC5,0.851043925
NMF 1,P13284,IFI30,0.911671367
NMF 1,P13489,RNH1,0.985658846
NMF 1,P13611,VCAN,0.986387723
NMF 1,P13674,P4HA1,0.976277398
NMF 1,P13796,LCP1,0.81114648
NMF 1,P13797,PLS3,1
NMF 1,P13929,ENO3,0.896727903
NMF 1,P14174,MIF,0.985704864
NMF 1,P14317,HCLS1,0.878515185
NMF 1,P14543,NID1,0.891446906
NMF 1,P14618,PKM,0.99544548
NMF 1,P14866,HNRNPL,0.88549069
NMF 1,P15121,AKR1B1,0.961393785
NMF 1,P15311,EZR,0.800148909
NMF 1,P15586,GNS,0.928514911
NMF 1,P16333,NCK1,0.999205128
NMF 1,P16401,HIST1H1B,0.909408983
NMF 1,P16949,STMN1,0.995898741
NMF 1,P17050,NAGA,0.819520105
NMF 1,P17480,UBTF,0.9480903
NMF 1,P17900,GM2A,0.92107554
NMF 1,P18031,PTPN1,0.957757737
NMF 1,P18206,VCL,0.984222686
NMF 1,P18428,LBP,0.952538807
NMF 1,P18669,PGAM1,0.980786474
NMF 1,P19338,NCL,0.910251788
NMF 1,P19474,TRIM21,0.992652015
NMF 1,P19525,EIF2AK2,0.999873061
NMF 1,P19784,CSNK2A2,0.890737694
NMF 1,P19827,ITIH1,0.875736621
NMF 1,P19971,TYMP,1
NMF 1,P20591,MX1,1
NMF 1,P20592,MX2,0.948977337
NMF 1,P20700,LMNB1,0.845701253
NMF 1,P20810,CAST,0.942261078
NMF 1,P21283,ATP6V1C1,0.979843125
NMF 1,P21291,CSRP1,0.976083893
NMF 1,P21333,FLNA,0.91393218
NMF 1,P21980,TGM2,0.934936143
NMF 1,P22352,GPX3,0.829420523
NMF 1,P22626,HNRNPA2B1,0.889812489
NMF 1,P23142,FBLN1,0.966751469
NMF 1,P23219,PTGS1,0.810205784
NMF 1,P23246,SFPQ,0.913002849
NMF 1,P23381,WARS,0.880032183
NMF 1,P23497,SP100,1
NMF 1,P23527,HIST1H2BO,0.844997704
NMF 1,P23528,CFL1,0.805279008
NMF 1,P23743,DGKA,0.94450455
NMF 1,P24534,EEF1B2,0.924819183
NMF 1,P24539,ATP5PB,0.92360835
NMF 1,P24821,TNC,0.915728635
NMF 1,P25490,YY1,0.856663344
NMF 1,P25686,DNAJB2,0.816152049
NMF 1,P25774,CTSS,0.929803053
NMF 1,P26038,MSN,0.999999999
NMF 1,P26368,U2AF2,0.902673093
NMF 1,P26447,S100A4,0.920920234
NMF 1,P27348,YWHAQ,1
NMF 1,P27448,MARK3,0.946734852
NMF 1,P27708,CAD,0.9364313
NMF 1,P27816,MAP4,1
NMF 1,P28062,PSMB8,0.83927379
NMF 1,P28066,PSMA5,0.854031766
NMF 1,P28799,GRN,0.969889811
NMF 1,P28838,LAP3,1
NMF 1,P29144,TPP2,0.976394118
NMF 1,P29350,PTPN6,0.867467514
NMF 1,P29401,TKT,0.8847814
NMF 1,P29466,CASP1,0.937772667
NMF 1,P29590,PML,1
NMF 1,P29622,SERPINA4,0.873802994
NMF 1,P29966,MARCKS,1
NMF 1,P29992,GNA11,0.802096747
NMF 1,P30419,NMT1,0.989217221
NMF 1,P30622,CLIP1,0.987438147
NMF 1,P31942,HNRNPH3,0.973040237
NMF 1,P31943,HNRNPH1,0.994380722
NMF 1,P31946,YWHAB,0.95573048
NMF 1,P31947,SFN,0.815613977
NMF 1,P31948,STIP1,1
NMF 1,P32455,GBP1,0.967191398
NMF 1,P32456,GBP2,0.933107318
NMF 1,P33241,LSP1,0.946662903
NMF 1,P35241,RDX,0.996342479
NMF 1,P35579,MYH9,1
NMF 1,P35609,ACTN2,0.840907419
NMF 1,P36405,ARL3,0.897720992
NMF 1,P36543,ATP6V1E1,0.983672459
NMF 1,P36955,SERPINF1,0.912234764
NMF 1,P36969,GPX4,0.849027754
NMF 1,P37198,NUP62,0.999528804
NMF 1,P38606,ATP6V1A,0.925413185
NMF 1,P38919,EIF4A3,0.893796475
NMF 1,P39687,ANP32A,0.88718469
NMF 1,P40121,CAPG,0.966910282
NMF 1,P40261,NNMT,0.839183752
NMF 1,P40306,PSMB10,0.985390345
NMF 1,P41240,CSK,0.857544476
NMF 1,P42224,STAT1,0.954998075
NMF 1,P42566,EPS15,0.964471054
NMF 1,P42765,ACAA2,0.844585498
NMF 1,P42768,WAS,0.877362413
NMF 1,P43243,MATR3,0.939234498
NMF 1,P43307,SSR1,0.845401469
NMF 1,P43378,PTPN9,0.855491743
NMF 1,P43487,RANBP1,0.860393845
NMF 1,P43490,NAMPT,0.980777032
NMF 1,P43686,PSMC4,0.991355142
NMF 1,P45974,USP5,0.816109332
NMF 1,P46063,RECQL,0.983954293
NMF 1,P46379,BAG6,0.928296474
NMF 1,P46926,GNPDA1,0.998227578
NMF 1,P46976,GYG1,0.81247569
NMF 1,P47755,CAPZA2,0.98920283
NMF 1,P47756,CAPZB,0.893897939
NMF 1,P47895,ALDH1A3,0.927093536
NMF 1,P48059,LIMS1,1
NMF 1,P48634,PRRC2A,0.98811801
NMF 1,P48681,NES,0.924868099
NMF 1,P48739,PITPNB,0.80666125
NMF 1,P48960,CD97,0.830027295
NMF 1,P49023,PXN,1
NMF 1,P49321,NASP,0.962059306
NMF 1,P49354,FNTA,0.81137905
NMF 1,P49585,PCYT1A,0.816144513
NMF 1,P49589,CARS,0.807935385
NMF 1,P49662,CASP4,0.866155427
NMF 1,P49750,YLPM1,0.924531097
NMF 1,P49790,NUP153,0.926660012
NMF 1,P49902,NT5C2,0.851664977
NMF 1,P49959,MRE11,0.892362889
NMF 1,P50281,MMP14,0.84164213
NMF 1,P50453,SERPINB9,0.940767598
NMF 1,P50454,SERPINH1,0.987235904
NMF 1,P50479,PDLIM4,1
NMF 1,P50552,VASP,0.923795889
NMF 1,P50579,METAP2,0.967736099
NMF 1,P50991,CCT4,0.87777661
NMF 1,P51452,DUSP3,0.961894903
NMF 1,P51808,DYNLT3,0.988525547
NMF 1,P51858,HDGF,0.811933946
NMF 1,P52306,RAP1GDS1,0.850575047
NMF 1,P52565,ARHGDIA,0.919582277
NMF 1,P52597,HNRNPF,0.880078424
NMF 1,P52630,STAT2,1
NMF 1,P52788,SMS,0.919726109
NMF 1,P52907,CAPZA1,0.981764104
NMF 1,P52943,CRIP2,0.881488195
NMF 1,P53004,BLVRA,0.94727685
NMF 1,P54578,USP14,0.872273553
NMF 1,P55008,AIF1,0.961263474
NMF 1,P55209,NAP1L1,0.965792147
NMF 1,P55795,HNRNPH2,0.943684061
NMF 1,P56377,AP1S2,0.822837801
NMF 1,P56537,EIF6,0.884071056
NMF 1,P57737,CORO7,0.876218064
NMF 1,P58546,MTPN,0.856016941
NMF 1,P60174,TPI1,0.912290028
NMF 1,P60709,ACTB,0.956819408
NMF 1,P60842,EIF4A1,0.88872277
NMF 1,P60900,PSMA6,0.870333056
NMF 1,P60903,S100A10,0.821184867
NMF 1,P60983,GMFB,0.987040455
NMF 1,P61158,ACTR3,1
NMF 1,P61160,ACTR2,0.937098317
NMF 1,P61421,ATP6V0D1,0.944574257
NMF 1,P61916,NPC2,1
NMF 1,P61978,HNRNPK,0.965183749
NMF 1,P61981,YWHAG,1
NMF 1,P62140,PPP1CB,0.986486712
NMF 1,P62333,PSMC6,0.82215725
NMF 1,P62873,GNB1,0.999088072
NMF 1,P62879,GNB2,0.87613946
NMF 1,P62993,GRB2,0.951627123
NMF 1,P63104,YWHAZ,0.971453102
NMF 1,P63208,SKP1,0.964995831
NMF 1,P63261,ACTG1,0.956404355
NMF 1,P63279,UBE2I,0.841374456
NMF 1,P63313,TMSB10,0.964659957
NMF 1,P67775,PPP2CA,0.896676404
NMF 1,P67936,TPM4,1
NMF 1,P68036,UBE2L3,0.919859024
NMF 1,P68104,EEF1A1,0.875910214
NMF 1,P68371,TUBB4B,0.838604311
NMF 1,P78371,CCT2,0.928523836
NMF 1,P78536,ADAM17,0.849670769
NMF 1,P80217,IFI35,0.985851889
NMF 1,P80723,BASP1,0.800769908
NMF 1,P83916,CBX1,0.943198042
NMF 1,P84103,SRSF3,0.896447411
NMF 1,P98095,FBLN2,0.924016609
NMF 1,Q01105,SET,0.886142937
NMF 1,Q01130,SRSF2,0.935178121
NMF 1,Q01459,CTBS,0.94875776
NMF 1,Q01518,CAP1,0.967150001
NMF 1,Q01813,PFKP,0.922334931
NMF 1,Q01995,TAGLN,0.869370345
NMF 1,Q02750,MAP2K1,0.987720289
NMF 1,Q02809,PLOD1,1
NMF 1,Q03001,DST,0.886293119
NMF 1,Q03169,TNFAIP2,0.802860786
NMF 1,Q03252,LMNB2,0.993520934
NMF 1,Q04206,RELA,0.973734348
NMF 1,Q04446,GBE1,0.890884433
NMF 1,Q04917,YWHAH,0.905392254
NMF 1,Q05209,PTPN12,0.996181331
NMF 1,Q05682,CALD1,0.962362218
NMF 1,Q06830,PRDX1,0.925647338
NMF 1,Q07666,KHDRBS1,0.897417904
NMF 1,Q07866,KLC1,1
NMF 1,Q07960,ARHGAP1,0.869456071
NMF 1,Q08380,LGALS3BP,0.935560495
NMF 1,Q08AF3,SLFN5,0.855702717
NMF 1,Q08AM6,VAC14,0.983214067
NMF 1,Q09028,RBBP4,0.852024177
NMF 1,Q09666,AHNAK,0.810447886
NMF 1,Q12765,SCRN1,0.811487962
NMF 1,Q12797,ASPH,0.960389153
NMF 1,Q12802,AKAP13,0.872995105
NMF 1,Q12805,EFEMP1,0.891258675
NMF 1,Q12882,DPYD,1
NMF 1,Q12888,TP53BP1,0.943617154
NMF 1,Q12929,EPS8,0.999709634
NMF 1,Q12965,MYO1E,0.906844621
NMF 1,Q12979,ABR,0.90189464
NMF 1,Q13033,STRN3,0.996727992
NMF 1,Q13043,STK4,0.813124462
NMF 1,Q13177,PAK2,0.997863931
NMF 1,Q13188,STK3,0.828884527
NMF 1,Q13263,TRIM28,0.974041809
NMF 1,Q13283,G3BP1,0.950149517
NMF 1,Q13287,NMI,0.941433829
NMF 1,Q13303,KCNAB2,0.872217943
NMF 1,Q13308,PTK7,0.904517427
NMF 1,Q13363,CTBP1,0.910976395
NMF 1,Q13409,DYNC1I2,0.846466789
NMF 1,Q13418,ILK,0.985675701
NMF 1,Q13451,FKBP5,0.921969942
NMF 1,Q13492,PICALM,0.996483636
NMF 1,Q13501,SQSTM1,0.943814687
NMF 1,Q13509,TUBB3,0.871687777
NMF 1,Q13510,ASAH1,0.959423498
NMF 1,Q13526,PIN1,0.806118524
NMF 1,Q13547,HDAC1,0.850148367
NMF 1,Q13561,DCTN2,0.986911627
NMF 1,Q13596,SNX1,0.96816348
NMF 1,Q13643,FHL3,1
NMF 1,Q13724,MOGS,0.807004313
NMF 1,Q13751,LAMB3,0.964192679
NMF 1,Q13867,BLMH,0.952944423
NMF 1,Q13951,CBFB,0.984328039
NMF 1,Q14005,IL16,0.89243316
NMF 1,Q14112,NID2,0.802329001
NMF 1,Q14141,SEPT6,0.94504276
NMF 1,Q14149,MORC3,0.857476755
NMF 1,Q14161,GIT2,0.997516316
NMF 1,Q14192,FHL2,0.976438174
NMF 1,Q14194,CRMP1,0.815846333
NMF 1,Q14195,DPYSL3,0.981140469
NMF 1,Q14247,CTTN,0.851831039
NMF 1,Q14444,CAPRIN1,0.88300415
NMF 1,Q14697,GANAB,0.81384806
NMF 1,Q14764,MVP,0.944422012
NMF 1,Q14790,CASP8,0.911595654
NMF 1,Q14847,LASP1,0.829651439
NMF 1,Q14974,KPNB1,0.993919638
NMF 1,Q14980,NUMA1,0.894979074
NMF 1,Q15019,SEPT2,0.959881762
NMF 1,Q15036,SNX17,0.876037164
NMF 1,Q15052,ARHGEF6,0.914463096
NMF 1,Q15056,EIF4H,0.926086422
NMF 1,Q15057,ACAP2,1
NMF 1,Q15063,POSTN,1
NMF 1,Q15075,EEA1,1
NMF 1,Q15113,PCOLCE,0.963368768
NMF 1,Q15121,PEA15,0.80161494
NMF 1,Q15149,PLEC,1
NMF 1,Q15185,PTGES3,0.934130954
NMF 1,Q15233,NONO,0.846616142
NMF 1,Q15287,RNPS1,0.859333873
NMF 1,Q15293,RCN1,0.811916744
NMF 1,Q15365,PCBP1,0.873797346
NMF 1,Q15417,CNN3,1
NMF 1,Q15424,SAFB,0.949127763
NMF 1,Q15428,SF3A2,0.97022898
NMF 1,Q15436,SEC23A,1
NMF 1,Q15582,TGFBI,0.820576864
NMF 1,Q15628,TRADD,0.935564184
NMF 1,Q15642,TRIP10,0.996238917
NMF 1,Q15654,TRIP6,0.97903746
NMF 1,Q15691,MAPRE1,0.983198269
NMF 1,Q15746,MYLK,0.819980652
NMF 1,Q15833,STXBP2,0.83538049
NMF 1,Q15942,ZYX,1
NMF 1,Q16181,SEPT7,0.985786838
NMF 1,Q16204,CCDC6,0.979423526
NMF 1,Q16270,IGFBP7,0.905341006
NMF 1,Q16512,PKN1,0.965187827
NMF 1,Q16527,CSRP2,0.939122004
NMF 1,Q16543,CDC37,0.894272209
NMF 1,Q16555,DPYSL2,0.863101665
NMF 1,Q16610,ECM1,0.931845708
NMF 1,Q16630,CPSF6,0.974513523
NMF 1,Q16643,DBN1,1
NMF 1,Q16658,FSCN1,0.97210232
NMF 1,Q16666,IFI16,0.987790173
NMF 1,Q16719,KYNU,0.925372955
NMF 1,Q16787,LAMA3,0.957671412
NMF 1,Q16851,UGP2,0.957732634
NMF 1,Q16864,ATP6V1F,0.907668832
NMF 1,Q16881,TXNRD1,0.810776169
NMF 1,Q1KMD3,HNRNPUL2,0.934342177
NMF 1,Q2M2I8,AAK1,0.997775435
NMF 1,Q2TAA2,IAH1,0.827486753
NMF 1,Q32MZ4,LRRFIP1,0.930427776
NMF 1,Q32P28,P3H1,1
NMF 1,Q3KQV9,UAP1L1,0.86422914
NMF 1,Q3ZCW2,LGALSL,0.811420302
NMF 1,Q460N5,PARP14,1
NMF 1,Q4L180,FILIP1L,0.933513227
NMF 1,Q53EP0,FNDC3B,0.866657639
NMF 1,Q53T59,HS1BP3,0.923056597
NMF 1,Q562R1,ACTBL2,0.85426555
NMF 1,Q5EBM0,CMPK2,0.980659327
NMF 1,Q5M775,SPECC1,0.990581506
NMF 1,Q5T1M5,FKBP15,1
NMF 1,Q5T2W1,PDZK1,0.846169967
NMF 1,Q5T5P2,KIAA1217,0.898107741
NMF 1,Q63HN8,RNF213,0.994211447
NMF 1,Q68CZ2,TNS3,1
NMF 1,Q68EM7,ARHGAP17,0.926296366
NMF 1,Q6IAN0,DHRS7B,0.877555218
NMF 1,Q6IBS0,TWF2,1
NMF 1,Q6PJT7,ZC3H14,0.903778478
NMF 1,Q6UX06,OLFM4,0.867782657
NMF 1,Q6VY07,PACS1,0.970557274
NMF 1,Q6WCQ1,MPRIP,0.961398994
NMF 1,Q6YHK3,CD109,0.995877791
NMF 1,Q6ZT62,BARGIN,0.913914603
NMF 1,Q6ZUM4,ARHGAP27,0.859206198
NMF 1,Q70UQ0,IKBIP,0.883138969
NMF 1,Q7Z3K3,POGZ,0.86565477
NMF 1,Q7Z3T8,ZFYVE16,1
NMF 1,Q7Z406,MYH14,0.951611511
NMF 1,Q7Z4H8,KDELC2,0.921496914
NMF 1,Q86TI2,DPP9,0.8553689
NMF 1,Q86UP2,KTN1,0.912658979
NMF 1,Q86V48,LUZP1,0.996413161
NMF 1,Q86VS8,HOOK3,1
NMF 1,Q86W92,PPFIBP1,1
NMF 1,Q8IUD2,ERC1,0.875945622
NMF 1,Q8IUX7,AEBP1,0.881459799
NMF 1,Q8IVD9,NUDCD3,0.991915525
NMF 1,Q8IVF2,AHNAK2,0.970329766
NMF 1,Q8IXI2,RHOT1,0.855668115
NMF 1,Q8IXM2,BAP18,0.832765745
NMF 1,Q8IY67,RAVER1,0.924373312
NMF 1,Q8N129,CNPY4,0.970922946
NMF 1,Q8N3D4,EHBP1L1,0.962245626
NMF 1,Q8N8S7,ENAH,0.882611344
NMF 1,Q8NBJ5,COLGALT1,1
NMF 1,Q8NEZ2,VPS37A,0.918433869
NMF 1,Q8TAA3,PSMA8,0.805854753
NMF 1,Q8TAQ2,SMARCC2,0.983065371
NMF 1,Q8TB22,SPATA20,0.872537504
NMF 1,Q8TD16,BICD2,0.870561333
NMF 1,Q8TD55,PLEKHO2,0.920818968
NMF 1,Q8TDB6,DTX3L,0.99438282
NMF 1,Q8TDQ7,GNPDA2,0.977112459
NMF 1,Q8TDX7,NEK7,0.854142828
NMF 1,Q8TEQ6,GEMIN5,0.860538788
NMF 1,Q8WUP2,FBLIM1,0.999508898
NMF 1,Q8WV41,SNX33,0.829478219
NMF 1,Q8WW12,PCNP,0.959780025
NMF 1,Q8WWI1,LMO7,0.861350565
NMF 1,Q8WX93,PALLD,1
NMF 1,Q8WZA0,LZIC,0.887479889
NMF 1,Q92556,ELMO1,0.806605804
NMF 1,Q92597,NDRG1,0.925832554
NMF 1,Q92598,HSPH1,0.988542475
NMF 1,Q92599,SEPT8,0.865091542
NMF 1,Q92673,SORL1,0.859984674
NMF 1,Q92769,HDAC2,0.855404977
NMF 1,Q92783,STAM,0.927126452
NMF 1,Q92878,RAD50,0.941067553
NMF 1,Q92882,OSTF1,0.933640768
NMF 1,Q92945,KHSRP,0.957490559
NMF 1,Q92947,GCDH,0.816337667
NMF 1,Q93052,LPP,0.957282149
NMF 1,Q96AC1,FERMT2,0.988685202
NMF 1,Q96AE4,FUBP1,0.945612416
NMF 1,Q96B97,SH3KBP1,0.995109987
NMF 1,Q96CP2,FLYWCH2,0.856734852
NMF 1,Q96CV9,OPTN,0.953337745
NMF 1,Q96CX2,KCTD12,0.809472715
NMF 1,Q96EP0,RNF31,0.920414201
NMF 1,Q96FS4,SIPA1,0.993284325
NMF 1,Q96FV2,SCRN2,0.908954126
NMF 1,Q96FW1,OTUB1,0.964946152
NMF 1,Q96HC4,PDLIM5,1
NMF 1,Q96HE7,ERO1A,0.969131876
NMF 1,Q96IV0,NGLY1,0.989789499
NMF 1,Q96JH7,VCPIP1,0.984538014
NMF 1,Q96JJ3,ELMO2,0.99766086
NMF 1,Q96JJ7,TMX3,0.841147929
NMF 1,Q96LD4,TRIM47,0.968089948
NMF 1,Q96P48,ARAP1,0.850325443
NMF 1,Q96PD5,PGLYRP2,0.835263599
NMF 1,Q96PU5,NEDD4L,0.885219962
NMF 1,Q96PU8,QKI,0.900482592
NMF 1,Q96RF0,SNX18,0.839631762
NMF 1,Q96SB3,PPP1R9B,1
NMF 1,Q96SZ5,ADO,0.865116415
NMF 1,Q96T23,RSF1,0.872476713
NMF 1,Q96T51,RUFY1,0.945948727
NMF 1,Q96TC7,RMDN3,0.880709808
NMF 1,Q99426,TBCB,0.948728058
NMF 1,Q99439,CNN2,1
NMF 1,Q99536,VAT1,0.86032189
NMF 1,Q99538,LGMN,0.820176578
NMF 1,Q99614,TTC1,1
NMF 1,Q99622,C12orf57,0.907117102
NMF 1,Q99733,NAP1L4,0.905329215
NMF 1,Q99832,CCT7,0.891294672
NMF 1,Q99969,RARRES2,0.895406674
NMF 1,Q9BQE5,APOL2,0.94403816
NMF 1,Q9BRF8,CPPED1,0.806251415
NMF 1,Q9BS40,LXN,0.876046779
NMF 1,Q9BT09,CNPY3,0.906097346
NMF 1,Q9BTW9,TBCD,0.90542778
NMF 1,Q9BUF5,TUBB6,0.977607314
NMF 1,Q9BX66,SORBS1,0.824346605
NMF 1,Q9BZL4,PPP1R12C,0.917042959
NMF 1,Q9BZV1,UBXN6,0.91876197
NMF 1,Q9H074,PAIP1,0.905506099
NMF 1,Q9H0B6,KLC2,0.855890752
NMF 1,Q9H0R5,GBP3,0.825704532
NMF 1,Q9H223,EHD4,0.986038246
NMF 1,Q9H2D6,TRIOBP,0.825440753
NMF 1,Q9H2G2,SLK,0.886336844
NMF 1,Q9H3G5,CPVL,0.890133596
NMF 1,Q9H3K6,BOLA2,0.885095371
NMF 1,Q9H479,FN3K,0.805417575
NMF 1,Q9H488,POFUT1,0.800001673
NMF 1,Q9H4A3,WNK1,0.99348853
NMF 1,Q9H9A6,LRRC40,0.93743928
NMF 1,Q9HAV0,GNB4,0.931679767
NMF 1,Q9HB07,C12orf10,0.926187004
NMF 1,Q9HB40,SCPEP1,1
NMF 1,Q9HBL0,TNS1,0.897081445
NMF 1,Q9NR12,PDLIM7,1
NMF 1,Q9NR56,MBNL1,0.917197092
NMF 1,Q9NR99,MXRA5,0.944674633
NMF 1,Q9NRL3,STRN4,0.978786715
NMF 1,Q9NRV9,HEBP1,0.862271357
NMF 1,Q9NRX4,PHPT1,0.843984355
NMF 1,Q9NT62,ATG3,0.897742611
NMF 1,Q9NTJ5,SACM1L,0.848824516
NMF 1,Q9NUQ9,FAM49B,0.821100744
NMF 1,Q9NUU7,DDX19A,1
NMF 1,Q9NVA2,SEPT11,0.993152455
NMF 1,Q9NVD7,PARVA,0.96944649
NMF 1,Q9NVE7,PANK4,0.983967428
NMF 1,Q9NVH1,DNAJC11,0.957384717
NMF 1,Q9NVI7,ATAD3A,0.832164559
NMF 1,Q9NVZ3,NECAP2,0.97698881
NMF 1,Q9NW64,RBM22,0.9385105
NMF 1,Q9NWU2,GID8,0.870224343
NMF 1,Q9NX08,COMMD8,0.815637481
NMF 1,Q9NX46,ADPRHL2,0.833027422
NMF 1,Q9NYL9,TMOD3,0.907350132
NMF 1,Q9NZM1,MYOF,0.931492848
NMF 1,Q9NZN3,EHD3,0.83143587
NMF 1,Q9NZT2,OGFR,0.999654551
NMF 1,Q9NZU5,LMCD1,0.924456516
NMF 1,Q9NZZ3,CHMP5,0.857252639
NMF 1,Q9P0J0,NDUFA13,0.819097843
NMF 1,Q9P0J1,PDP1,0.876207254
NMF 1,Q9P0K7,RAI14,1
NMF 1,Q9P0M6,H2AFY2,0.834805375
NMF 1,Q9P0V9,SEPT10,0.974287501
NMF 1,Q9UBE0,SAE1,0.939989899
NMF 1,Q9UBI1,COMMD3,0.828056869
NMF 1,Q9UBR2,CTSZ,0.999371137
NMF 1,Q9UBT2,UBA2,0.874258515
NMF 1,Q9UDT6,CLIP2,0.965732576
NMF 1,Q9UFN0,NIPSNAP3A,0.928468378
NMF 1,Q9UGV2,NDRG3,0.868422615
NMF 1,Q9UH65,SWAP70,0.875914624
NMF 1,Q9UHA4,LAMTOR3,0.940135117
NMF 1,Q9UHD1,CHORDC1,0.996437056
NMF 1,Q9UHD2,TBK1,0.941719085
NMF 1,Q9UHD8,SEPT9,0.965968879
NMF 1,Q9UHD9,UBQLN2,0.906524175
NMF 1,Q9UHL4,DPP7,0.834772531
NMF 1,Q9UHY1,NRBP1,1
NMF 1,Q9UI12,ATP6V1H,0.88015168
NMF 1,Q9UI15,TAGLN3,0.873134459
NMF 1,Q9UJ70,NAGK,0.997501598
NMF 1,Q9UJU6,DBNL,0.984185604
NMF 1,Q9UK45,LSM7,0.869770854
NMF 1,Q9UK76,JPT1,0.916242
NMF 1,Q9UKX7,NUP50,0.957891725
NMF 1,Q9UKY7,CDV3,0.878261211
NMF 1,Q9ULH1,ASAP1,0.900265406
NMF 1,Q9ULV4,CORO1C,0.954195412
NMF 1,Q9ULZ3,PYCARD,0.963967702
NMF 1,Q9UMS4,PRPF19,1
NMF 1,Q9UMY4,SNX12,0.82941633
NMF 1,Q9UNF1,MAGED2,0.990779438
NMF 1,Q9UNH7,SNX6,1
NMF 1,Q9UNZ2,NSFL1C,0.987458557
NMF 1,Q9UPU7,TBC1D2B,0.974492659
NMF 1,Q9Y265,RUVBL1,0.931523221
NMF 1,Q9Y2Q5,LAMTOR2,0.915306387
NMF 1,Q9Y2U5,MAP3K2,0.880544476
NMF 1,Q9Y2Z0,SUGT1,0.977927235
NMF 1,Q9Y2Z9,COQ6,0.841490659
NMF 1,Q9Y316,MEMO1,0.865512324
NMF 1,Q9Y371,SH3GLB1,0.887860234
NMF 1,Q9Y3A3,MOB4,0.827051968
NMF 1,Q9Y3B8,REXO2,0.870580192
NMF 1,Q9Y3Z3,SAMHD1,0.960216418
NMF 1,Q9Y490,TLN1,0.950786775
NMF 1,Q9Y4E1,WASHC2C,1
NMF 1,Q9Y4G6,TLN2,0.879516597
NMF 1,Q9Y5B9,SUPT16H,0.815577621
NMF 1,Q9Y5X1,SNX9,0.961919985
NMF 1,Q9Y680,FKBP7,0.988219205
NMF 1,Q9Y692,GMEB1,0.823383076
NMF 1,Q9Y696,CLIC4,1
NMF 1,Q9Y6G5,COMMD10,0.847625906
NMF 1,Q9Y6I3,EPN1,1
NMF 1,Q9Y6K5,OAS3,0.971341605
NMF 2,A0A075B6S4,IGKV1D-17,0.986769368
NMF 2,A0MZ66,SHTN1,0.816498541
NMF 2,O00116,AGPS,0.938197255
NMF 2,O00186,STXBP3,0.863020742
NMF 2,O00203,AP3B1,0.959317179
NMF 2,O00232,PSMD12,0.842856133
NMF 2,O00267,SUPT5H,0.891597164
NMF 2,O00273,DFFA,0.921074388
NMF 2,O00299,CLIC1,0.871134001
NMF 2,O00410,IPO5,0.987392165
NMF 2,O00422,SAP18,0.854380339
NMF 2,O00442,RTCA,0.919965002
NMF 2,O00505,KPNA3,0.932871167
NMF 2,O00515,LAD1,0.86970464
NMF 2,O00567,NOP56,0.975225141
NMF 2,O14617,AP3D1,0.829657571
NMF 2,O14715,RGPD8,0.917168986
NMF 2,O14908,GIPC1,0.880909953
NMF 2,O14979,HNRNPDL,0.965758934
NMF 2,O14980,XPO1,0.927783027
NMF 2,O15042,U2SURP,0.940218014
NMF 2,O15084,ANKRD28,0.941852398
NMF 2,O15212,PFDN6,0.906224128
NMF 2,O15355,PPM1G,0.839778464
NMF 2,O15371,EIF3D,0.989175955
NMF 2,O43143,DHX15,0.859630838
NMF 2,O43150,ASAP2,0.870501126
NMF 2,O43172,PRPF4,0.992294614
NMF 2,O43237,DYNC1LI2,0.804856586
NMF 2,O43252,PAPSS1,0.880494516
NMF 2,O43290,SART1,1
NMF 2,O43390,HNRNPR,0.9462208
NMF 2,O43670,ZNF207,0.966366916
NMF 2,O43684,BUB3,0.987154383
NMF 2,O43747,AP1G1,0.956761539
NMF 2,O43765,SGTA,0.873378709
NMF 2,O43809,NUDT21,0.955071129
NMF 2,O43823,AKAP8,0.935846277
NMF 2,O43847,NRDC,0.862028551
NMF 2,O60264,SMARCA5,0.879700775
NMF 2,O60313,OPA1,0.888746985
NMF 2,O60341,KDM1A,0.939904757
NMF 2,O60613,SELENOF,0.803015745
NMF 2,O60701,UGDH,0.88659828
NMF 2,O60716,CTNND1,0.977249454
NMF 2,O60739,EIF1B,0.862161303
NMF 2,O60763,USO1,0.991906485
NMF 2,O60832,DKC1,0.994760866
NMF 2,O60841,EIF5B,0.990950869
NMF 2,O60869,EDF1,0.96219916
NMF 2,O60907,TBL1X,0.906278478
NMF 2,O60934,NBN,0.906237302
NMF 2,O75150,RNF40,0.883547631
NMF 2,O75170,PPP6R2,0.914102718
NMF 2,O75175,CNOT3,0.801794994
NMF 2,O75223,GGCT,0.833254483
NMF 2,O75431,MTX2,0.903961157
NMF 2,O75436,VPS26A,0.871839199
NMF 2,O75533,SF3B1,0.999940686
NMF 2,O75569,PRKRA,0.90358116
NMF 2,O75608,LYPLA1,0.910468445
NMF 2,O75643,SNRNP200,0.983500609
NMF 2,O75663,TIPRL,0.935905098
NMF 2,O75821,EIF3G,0.858402752
NMF 2,O75874,IDH1,0.800513251
NMF 2,O75923,DYSF,0.872598067
NMF 2,O75934,BCAS2,0.882343976
NMF 2,O76003,GLRX3,0.892938064
NMF 2,O76094,SRP72,0.953278021
NMF 2,O94776,MTA2,0.986323454
NMF 2,O94855,SEC24D,0.910211869
NMF 2,O94906,PRPF6,0.970689853
NMF 2,O94979,SEC31A,1
NMF 2,O95232,LUC7L3,0.954322262
NMF 2,O95433,AHSA1,0.841648154
NMF 2,O95445,APOM,0.965202797
NMF 2,O95453,PARN,0.882582428
NMF 2,O95486,SEC24A,0.876711515
NMF 2,O95758,PTBP3,0.876487687
NMF 2,O95793,STAU1,0.978432914
NMF 2,O95810,CAVIN2,0.878487898
NMF 2,O95861,BPNT1,0.855861325
NMF 2,P00325,ADH1B,0.899874766
NMF 2,P00326,ADH1C,0.853762645
NMF 2,P00505,GOT2,0.873910219
NMF 2,P00915,CA1,0.959778365
NMF 2,P01834,IGKC,0.997023366
NMF 2,P02042,HBD,1
NMF 2,P02462,COL4A1,0.959669287
NMF 2,P02549,SPTA1,1
NMF 2,P02654,APOC1,0.829296165
NMF 2,P02655,APOC2,0.925378926
NMF 2,P02656,APOC3,0.861527161
NMF 2,P02671,FGA,0.85388012
NMF 2,P02675,FGB,0.958408637
NMF 2,P02679,FGG,0.920626563
NMF 2,P02730,SLC4A1,1
NMF 2,P02743,APCS,0.838027859
NMF 2,P04040,CAT,0.988505489
NMF 2,P04070,PROC,0.960883047
NMF 2,P04275,VWF,0.816557447
NMF 2,P04632,CAPNS1,0.808278144
NMF 2,P05114,HMGN1,0.827074721
NMF 2,P05160,F13B,0.854665241
NMF 2,P05164,MPO,0.891489875
NMF 2,P05198,EIF2S1,0.937654468
NMF 2,P05455,SSB,0.95231526
NMF 2,P05543,SERPINA7,0.841223473
NMF 2,P05997,COL5A2,0.804693053
NMF 2,P06730,EIF4E,0.971381508
NMF 2,P06744,GPI,0.813674304
NMF 2,P07738,BPGM,0.99722139
NMF 2,P07814,EPRS,1
NMF 2,P07910,HNRNPC,0.923024242
NMF 2,P08069,IGF1R,0.892230346
NMF 2,P08123,COL1A2,0.951825086
NMF 2,P08311,CTSG,0.954913883
NMF 2,P08572,COL4A2,0.979032252
NMF 2,P08621,SNRNP70,0.963969179
NMF 2,P08708,RPS17,0.933362073
NMF 2,P09110,ACAA1,0.808376402
NMF 2,P09496,CLTA,0.813883592
NMF 2,P09497,CLTB,0.80336494
NMF 2,P09661,SNRPA1,0.980737907
NMF 2,P09874,PARP1,0.86194972
NMF 2,P10114,RAP2A,0.904920296
NMF 2,P10155,TROVE2,0.968443732
NMF 2,P11021,HSPA5,0.855023696
NMF 2,P11172,UMPS,0.879832293
NMF 2,P11274,BCR,0.857516613
NMF 2,P11387,TOP1,0.839553833
NMF 2,P11441,UBL4A,0.810883438
NMF 2,P11940,PABPC1,0.965932049
NMF 2,P12004,PCNA,0.89787395
NMF 2,P12081,HARS,0.889639035
NMF 2,P12109,COL6A1,0.979152889
NMF 2,P12110,COL6A2,0.988128535
NMF 2,P12111,COL6A3,0.95778389
NMF 2,P12270,TPR,0.878166027
NMF 2,P12956,XRCC6,0.845752531
NMF 2,P13639,EEF2,0.880880786
NMF 2,P14314,PRKCSH,0.81906718
NMF 2,P14678,SNRPB,0.988694346
NMF 2,P14868,DARS,0.999385764
NMF 2,P14923,JUP,0.940958273
NMF 2,P15814,IGLL1,0.943752987
NMF 2,P15880,RPS2,0.8679873
NMF 2,P15924,DSP,0.840021908
NMF 2,P16157,ANK1,1
NMF 2,P16284,PECAM1,0.829154804
NMF 2,P16989,YBX3,0.805536239
NMF 2,P17844,DDX5,0.942867875
NMF 2,P17987,TCP1,0.919148805
NMF 2,P18583,SON,0.967336324
NMF 2,P18754,RCC1,0.883543174
NMF 2,P18887,XRCC1,0.876564959
NMF 2,P19367,HK1,0.83520634
NMF 2,P19388,POLR2E,0.864468327
NMF 2,P20042,EIF2S2,0.949525644
NMF 2,P20073,ANXA7,0.920094317
NMF 2,P20160,AZU1,0.919052603
NMF 2,P22059,OSBP,0.98646902
NMF 2,P22087,FBL,0.964543313
NMF 2,P22102,GART,0.970490101
NMF 2,P22105,TNXB,0.824490393
NMF 2,P22234,PAICS,0.813873622
NMF 2,P22307,SCP2,0.942032278
NMF 2,P22392,NME2,0.964639111
NMF 2,P22792,CPN2,0.899743023
NMF 2,P23193,TCEA1,0.889113396
NMF 2,P23284,PPIB,0.886374992
NMF 2,P23396,RPS3,0.887637569
NMF 2,P23526,AHCY,0.96894467
NMF 2,P23588,EIF4B,0.865745802
NMF 2,P25685,DNAJB1,0.864049148
NMF 2,P25788,PSMA3,0.953460181
NMF 2,P26196,DDX6,0.857802416
NMF 2,P26639,TARS,0.966692861
NMF 2,P26640,VARS,0.82059773
NMF 2,P27105,STOM,0.882470478
NMF 2,P27694,RPA1,0.914805442
NMF 2,P27695,APEX1,0.883013296
NMF 2,P28070,PSMB4,0.847364521
NMF 2,P29218,IMPA1,0.803887514
NMF 2,P29353,SHC1,0.893776831
NMF 2,P29400,COL4A5,0.897380091
NMF 2,P29692,EEF1D,0.815936639
NMF 2,P30043,BLVRB,0.895534594
NMF 2,P30050,RPL12,0.934320547
NMF 2,P30101,PDIA3,0.841327524
NMF 2,P30153,PPP2R1A,0.945727433
NMF 2,P30740,SERPINB1,0.822697412
NMF 2,P31153,MAT2A,0.997972255
NMF 2,P31483,TIA1,0.839761374
NMF 2,P31689,DNAJA1,0.946851565
NMF 2,P31939,ATIC,0.914091933
NMF 2,P32119,PRDX2,0.98778468
NMF 2,P32321,DCTD,0.851722161
NMF 2,P33176,KIF5B,0.993203488
NMF 2,P33240,CSTF2,0.896061396
NMF 2,P34949,MPI,0.816515786
NMF 2,P35221,CTNNA1,0.909230193
NMF 2,P35222,CTNNB1,0.931042873
NMF 2,P35542,SAA4,0.87100357
NMF 2,P35555,FBN1,0.960644659
NMF 2,P35612,ADD2,0.960682769
NMF 2,P35659,DEK,0.898679497
NMF 2,P36507,MAP2K2,0.852346494
NMF 2,P36551,CPOX,0.831714614
NMF 2,P36776,LONP1,0.813858028
NMF 2,P36871,PGM1,0.803834201
NMF 2,P36873,PPP1CC,0.849294406
NMF 2,P36954,POLR2I,0.852191323
NMF 2,P37108,SRP14,0.83603899
NMF 2,P38159,RBMX,0.931375929
NMF 2,P38646,HSPA9,0.814570715
NMF 2,P39748,FEN1,0.833443165
NMF 2,P40222,TXLNA,0.956342316
NMF 2,P41091,EIF2S3,0.903116247
NMF 2,P41214,EIF2D,0.900194825
NMF 2,P41226,UBA7,0.808573714
NMF 2,P41250,GARS,0.803699988
NMF 2,P43121,MCAM,0.981646426
NMF 2,P43246,MSH2,0.90002582
NMF 2,P43304,GPD2,0.876452192
NMF 2,P45973,CBX5,0.843153999
NMF 2,P45985,MAP2K4,0.835711797
NMF 2,P46060,RANGAP1,1
NMF 2,P46459,NSF,0.855468699
NMF 2,P46777,RPL5,0.879598016
NMF 2,P46940,IQGAP1,0.962605893
NMF 2,P47897,QARS,0.920696239
NMF 2,P48556,PSMD8,0.92562824
NMF 2,P48735,IDH2,0.913976247
NMF 2,P49368,CCT3,0.895033443
NMF 2,P49458,SRP9,0.807544594
NMF 2,P49588,AARS,0.836044604
NMF 2,P49720,PSMB3,0.987229224
NMF 2,P49721,PSMB2,0.902248695
NMF 2,P49757,NUMB,0.906342667
NMF 2,P49903,SEPHS1,0.883253863
NMF 2,P49908,SELENOP,0.877674363
NMF 2,P49915,GMPS,0.945743212
NMF 2,P50570,DNM2,0.872275357
NMF 2,P50995,ANXA11,0.833250264
NMF 2,P51580,TPMT,0.855835976
NMF 2,P51610,HCFC1,0.966066233
NMF 2,P51659,HSD17B4,0.913145915
NMF 2,P51812,RPS6KA3,0.934862083
NMF 2,P51991,HNRNPA3,0.895483881
NMF 2,P52272,HNRNPM,0.849835882
NMF 2,P52594,AGFG1,0.937339747
NMF 2,P53041,PPP5C,0.873343436
NMF 2,P53582,METAP1,0.833777612
NMF 2,P53621,COPA,0.97919316
NMF 2,P53990,IST1,0.881228929
NMF 2,P53992,SEC24C,0.991835426
NMF 2,P54136,RARS,1
NMF 2,P54920,NAPA,0.911274908
NMF 2,P55001,MFAP2,0.874531079
NMF 2,P55010,EIF5,0.958179547
NMF 2,P55036,PSMD4,0.845966023
NMF 2,P55039,DRG2,0.8783164
NMF 2,P55060,CSE1L,0.90884488
NMF 2,P55072,VCP,0.830651346
NMF 2,P55083,MFAP4,0.830057275
NMF 2,P55196,AFDN,0.921343864
NMF 2,P55263,ADK,0.808496501
NMF 2,P55265,ADAR,0.904727159
NMF 2,P55268,LAMB2,0.904848017
NMF 2,P55290,CDH13,0.966949461
NMF 2,P55735,SEC13,0.846123611
NMF 2,P55769,SNU13,0.851624494
NMF 2,P56192,MARS,0.843051278
NMF 2,P56199,ITGA1,0.875533526
NMF 2,P56545,CTBP2,0.94438113
NMF 2,P60033,CD81,0.869864749
NMF 2,P60228,EIF3E,0.889670561
NMF 2,P60660,MYL6,0.821256998
NMF 2,P60866,RPS20,0.959220042
NMF 2,P61011,SRP54,0.926286722
NMF 2,P61086,UBE2K,0.884444888
NMF 2,P61247,RPS3A,0.868147905
NMF 2,P61289,PSME3,0.868990508
NMF 2,P61513,RPL37A,0.926226837
NMF 2,P61923,COPZ1,0.944892618
NMF 2,P62136,PPP1CA,0.906910781
NMF 2,P62256,UBE2H,0.835731659
NMF 2,P62269,RPS18,0.94310926
NMF 2,P62314,SNRPD1,0.964559628
NMF 2,P62316,SNRPD2,0.877609688
NMF 2,P62487,POLR2G,0.858696335
NMF 2,P62495,ETF1,1
NMF 2,P62701,RPS4X,0.909246856
NMF 2,P62857,RPS28,0.812022321
NMF 2,P62875,POLR2L,0.817505125
NMF 2,P62877,RBX1,0.819983448
NMF 2,P62888,RPL30,0.885091363
NMF 2,P62906,RPL10A,0.946690967
NMF 2,P63010,AP2B1,0.902830263
NMF 2,P63218,GNG5,0.819572437
NMF 2,P63220,RPS21,0.911909204
NMF 2,P63244,RACK1,0.876511781
NMF 2,P68871,HBB,1
NMF 2,P69891,HBG1,0.914187776
NMF 2,P69905,HBA1,1
NMF 2,P78344,EIF4G2,0.940765496
NMF 2,P78346,RPP30,0.917431942
NMF 2,P78347,GTF2I,0.961683436
NMF 2,P78527,PRKDC,0.95370833
NMF 2,P82094,TMF1,0.94540048
NMF 2,P99999,CYCS,0.829712742
NMF 2,Q00013,MPP1,0.904153035
NMF 2,Q00341,HDLBP,0.922427004
NMF 2,Q00688,FKBP3,0.953272457
NMF 2,Q01085,TIAL1,0.95714261
NMF 2,Q01780,EXOSC10,0.869863392
NMF 2,Q01844,EWSR1,0.839575984
NMF 2,Q02790,FKBP4,0.815872499
NMF 2,Q02818,NUCB1,0.877361043
NMF 2,Q03135,CAV1,0.962385324
NMF 2,Q04637,EIF4G1,0.933986016
NMF 2,Q04726,TLE3,0.836948598
NMF 2,Q05397,PTK2,0.883986862
NMF 2,Q05519,SRSF11,0.957517314
NMF 2,Q06323,PSME1,0.886228024
NMF 2,Q07157,TJP1,0.888220741
NMF 2,Q07812,BAX,0.944901755
NMF 2,Q07955,SRSF1,0.97238326
NMF 2,Q08211,DHX9,0.992989177
NMF 2,Q08378,GOLGA3,0.917153992
NMF 2,Q08379,GOLGA2,0.883641398
NMF 2,Q08752,PPID,0.886601504
NMF 2,Q08945,SSRP1,0.907160759
NMF 2,Q08J23,NSUN2,0.860153917
NMF 2,Q0JRZ9,FCHO2,0.915833986
NMF 2,Q10567,AP1B1,0.887558867
NMF 2,Q10588,BST1,0.977151158
NMF 2,Q12792,TWF1,0.938348586
NMF 2,Q12800,TFCP2,0.873390746
NMF 2,Q12840,KIF5A,0.985932832
NMF 2,Q12873,CHD3,0.858872202
NMF 2,Q12874,SF3A3,0.906010331
NMF 2,Q12899,TRIM26,0.833007742
NMF 2,Q12904,AIMP1,1
NMF 2,Q12905,ILF2,0.830367578
NMF 2,Q12906,ILF3,0.903018659
NMF 2,Q12996,CSTF3,0.944134437
NMF 2,Q13045,FLII,0.85351351
NMF 2,Q13131,PRKAA1,0.907427307
NMF 2,Q13144,EIF2B5,0.918554688
NMF 2,Q13148,TARDBP,0.976120832
NMF 2,Q13151,HNRNPA0,0.81082054
NMF 2,Q13153,PAK1,0.882216345
NMF 2,Q13185,CBX3,0.864967484
NMF 2,Q13247,SRSF6,0.829538771
NMF 2,Q13347,EIF3I,0.927138565
NMF 2,Q13361,MFAP5,0.959723793
NMF 2,Q13362,PPP2R5C,0.815535954
NMF 2,Q13404,UBE2V1,0.813408849
NMF 2,Q13427,PPIG,0.915265474
NMF 2,Q13428,TCOF1,0.838385625
NMF 2,Q13435,SF3B2,0.986008137
NMF 2,Q13442,PDAP1,0.970590074
NMF 2,Q13573,SNW1,0.933079488
NMF 2,Q13620,CUL4B,0.925452484
NMF 2,Q13685,AAMP,0.867385305
NMF 2,Q13790,APOF,0.905818032
NMF 2,Q13838,DDX39B,0.958098864
NMF 2,Q14008,CKAP5,0.967573696
NMF 2,Q14103,HNRNPD,0.946696141
NMF 2,Q14126,DSG2,0.816752788
NMF 2,Q14151,SAFB2,0.921484265
NMF 2,Q14152,EIF3A,0.964873445
NMF 2,Q14157,UBAP2L,0.906993536
NMF 2,Q14204,DYNC1H1,0.952254115
NMF 2,Q14257,RCN2,0.824745734
NMF 2,Q14258,TRIM25,0.999705537
NMF 2,Q14498,RBM39,0.991804491
NMF 2,Q14554,PDIA5,0.921210015
NMF 2,Q14677,CLINT1,0.996563504
NMF 2,Q14690,PDCD11,0.940663157
NMF 2,Q14978,NOLC1,0.864894124
NMF 2,Q14CX7,NAA25,0.837067626
NMF 2,Q15006,EMC2,0.943892965
NMF 2,Q15008,PSMD6,0.95345408
NMF 2,Q15018,ABRAXAS2,0.842496267
NMF 2,Q15046,KARS,0.960262273
NMF 2,Q15061,WDR43,0.869074149
NMF 2,Q15181,PPA1,0.870564499
NMF 2,Q15366,PCBP2,0.808667763
NMF 2,Q15369,ELOC,0.807202463
NMF 2,Q15435,PPP1R7,0.881973064
NMF 2,Q15631,TSN,0.896683479
NMF 2,Q15717,ELAVL1,0.935466138
NMF 2,Q15813,TBCE,0.809098123
NMF 2,Q15907,RAB11B,0.839893505
NMF 2,Q16401,PSMD5,0.895134344
NMF 2,Q27J81,INF2,0.885891405
NMF 2,Q29RF7,PDS5A,0.9354361
NMF 2,Q2TAY7,SMU1,0.951528341
NMF 2,Q32P51,HNRNPA1L2,0.936886244
NMF 2,Q3LXA3,TKFC,0.803288538
NMF 2,Q3MHD2,LSM12,0.858539805
NMF 2,Q52LJ0,FAM98B,0.948649809
NMF 2,Q53F19,NCBP3,0.878421827
NMF 2,Q53FA7,TP53I3,0.807224526
NMF 2,Q53GS9,USP39,0.872944849
NMF 2,Q5H9R7,PPP6R3,0.858421384
NMF 2,Q5SZK8,FREM2,0.848295347
NMF 2,Q5T0N5,FNBP1L,0.868373699
NMF 2,Q5TAQ9,DCAF8,0.849422064
NMF 2,Q5TFE4,NT5DC1,0.848891271
NMF 2,Q5VT25,CDC42BPA,0.825704917
NMF 2,Q5VW32,BROX,0.816523075
NMF 2,Q5VYK3,ECPAS,0.801521308
NMF 2,Q5VYS8,TUT7,0.832093781
NMF 2,Q5XKP0,MICOS13,0.888532731
NMF 2,Q66K74,MAP1S,0.815513777
NMF 2,Q68DK2,ZFYVE26,0.834956007
NMF 2,Q6FI81,CIAPIN1,0.977343499
NMF 2,Q6I9Y2,THOC7,0.832642717
NMF 2,Q6P1N0,CC2D1A,0.883955124
NMF 2,Q6P2E9,EDC4,0.934667905
NMF 2,Q6P2Q9,PRPF8,0.915865596
NMF 2,Q6P3W7,SCYL2,0.952524165
NMF 2,Q6PKG0,LARP1,0.831578428
NMF 2,Q6UXN9,WDR82,0.948370639
NMF 2,Q6ZS17,RIPOR1,0.941897727
NMF 2,Q7KZF4,SND1,0.938297259
NMF 2,Q7KZI7,MARK2,0.913358065
NMF 2,Q7L014,DDX46,0.898687317
NMF 2,Q7L2H7,EIF3M,0.961609925
NMF 2,Q7L576,CYFIP1,0.851545235
NMF 2,Q7Z3B4,NUP54,0.974265707
NMF 2,Q7Z478,DHX29,0.922429083
NMF 2,Q7Z5K2,WAPL,0.860923953
NMF 2,Q7Z5L9,IRF2BP2,0.961372569
NMF 2,Q7Z739,YTHDF3,1
NMF 2,Q86U42,PABPN1,0.826234959
NMF 2,Q86U44,METTL3,0.842886352
NMF 2,Q86UE4,MTDH,0.878970703
NMF 2,Q86VP6,CAND1,0.963943092
NMF 2,Q86WB0,ZC3HC1,0.848945774
NMF 2,Q8IWE2,FAM114A1,0.91299413
NMF 2,Q8IWV7,UBR1,0.800554387
NMF 2,Q8IYB3,SRRM1,0.909906052
NMF 2,Q8IYD1,GSPT2,0.833164687
NMF 2,Q8IZL8,PELP1,0.926365387
NMF 2,Q8N163,CCAR2,0.894601661
NMF 2,Q8N1F7,NUP93,0.977035894
NMF 2,Q8N1G4,LRRC47,0.806628304
NMF 2,Q8N392,ARHGAP18,0.810154457
NMF 2,Q8N684,CPSF7,0.930864559
NMF 2,Q8N6H7,ARFGAP2,0.888365932
NMF 2,Q8NBN7,RDH13,0.87193088
NMF 2,Q8NC51,SERBP1,0.838848417
NMF 2,Q8ND56,LSM14A,0.940334812
NMF 2,Q8NDH3,NPEPL1,0.804432804
NMF 2,Q8NE71,ABCF1,0.983781247
NMF 2,Q8NFH5,NUP35,0.9132214
NMF 2,Q8NFW8,CMAS,0.839970757
NMF 2,Q8NI27,THOC2,0.903048726
NMF 2,Q8TC07,TBC1D15,0.903982978
NMF 2,Q8TDH9,BLOC1S5,0.800338281
NMF 2,Q8TEX9,IPO4,0.846947864
NMF 2,Q8WU76,SCFD2,0.822597569
NMF 2,Q8WUH6,TMEM263,0.928607715
NMF 2,Q8WUM4,PDCD6IP,0.96163272
NMF 2,Q8WVM8,SCFD1,0.976329776
NMF 2,Q8WWM7,ATXN2L,0.916776286
NMF 2,Q8WXF1,PSPC1,0.883059111
NMF 2,Q8WXI9,GATAD2B,0.855344983
NMF 2,Q92499,DDX1,0.96990106
NMF 2,Q92538,GBF1,0.968071355
NMF 2,Q92600,CNOT9,0.826789075
NMF 2,Q92621,NUP205,0.916039672
NMF 2,Q92804,TAF15,0.969192877
NMF 2,Q92841,DDX17,0.980382438
NMF 2,Q92900,UPF1,0.948857655
NMF 2,Q92973,TNPO1,0.827544331
NMF 2,Q969G3,SMARCE1,0.901075401
NMF 2,Q969H8,MYDGF,0.878549082
NMF 2,Q96B26,EXOSC8,0.840415091
NMF 2,Q96C86,DCPS,0.859410762
NMF 2,Q96D46,NMD3,0.867994299
NMF 2,Q96DZ1,ERLEC1,0.809011015
NMF 2,Q96EP5,DAZAP1,0.87630306
NMF 2,Q96FQ6,S100A16,0.812075535
NMF 2,Q96G03,PGM2,0.879433316
NMF 2,Q96I24,FUBP3,0.983026246
NMF 2,Q96I25,RBM17,0.851090234
NMF 2,Q96K76,USP47,0.881494647
NMF 2,Q96KG9,SCYL1,0.885297729
NMF 2,Q96KR1,ZFR,0.972835562
NMF 2,Q96PK6,RBM14,0.940643473
NMF 2,Q96QC0,PPP1R10,0.90198368
NMF 2,Q96QK1,VPS35,0.955173563
NMF 2,Q96T37,RBM15,0.955002043
NMF 2,Q96TA1,FAM129B,0.936186967
NMF 2,Q99460,PSMD1,0.924098552
NMF 2,Q99471,PFDN5,0.929502369
NMF 2,Q99613,EIF3C,0.979988932
NMF 2,Q99615,DNAJC7,0.911281878
NMF 2,Q9BPX5,ARPC5L,0.808324495
NMF 2,Q9BQ39,DDX50,0.963485145
NMF 2,Q9BR76,CORO1B,0.84373926
NMF 2,Q9BRP8,PYM1,0.932196236
NMF 2,Q9BT78,COPS4,0.864634361
NMF 2,Q9BTE1,DCTN5,0.805066333
NMF 2,Q9BUH6,PAXX,0.867846382
NMF 2,Q9BUJ2,HNRNPUL1,0.987716167
NMF 2,Q9BVC4,MLST8,0.979555583
NMF 2,Q9BVG4,PBDC1,0.842618706
NMF 2,Q9BWF3,RBM4,0.980313094
NMF 2,Q9BWJ5,SF3B5,0.865389597
NMF 2,Q9BXJ9,NAA15,0.837947296
NMF 2,Q9BXP5,SRRT,0.971077408
NMF 2,Q9BY44,EIF2A,0.91403726
NMF 2,Q9BY77,POLDIP3,0.938115076
NMF 2,Q9BZZ5,API5,0.989822748
NMF 2,Q9C0C2,TNKS1BP1,0.889638588
NMF 2,Q9GZT8,NIF3L1,0.834761921
NMF 2,Q9H0D6,XRN2,0.948458661
NMF 2,Q9H1Z4,WDR13,0.946100471
NMF 2,Q9H2U1,DHX36,0.837711417
NMF 2,Q9H3P2,NELFA,0.873250886
NMF 2,Q9H3P7,ACBD3,0.944694516
NMF 2,Q9H3U1,UNC45A,0.896974047
NMF 2,Q9H444,CHMP4B,0.857896867
NMF 2,Q9H4A4,RNPEP,0.871987626
NMF 2,Q9H6S3,EPS8L2,0.919545322
NMF 2,Q9H6T3,RPAP3,0.945508652
NMF 2,Q9H832,UBE2Z,0.937072586
NMF 2,Q9H9A5,CNOT10,0.832044321
NMF 2,Q9H9E3,COG4,0.901021311
NMF 2,Q9H9H4,VPS37B,0.825433024
NMF 2,Q9H9Q2,COPS7B,0.805696388
NMF 2,Q9HB21,PLEKHA1,0.86431847
NMF 2,Q9HB71,CACYBP,0.886028416
NMF 2,Q9HC35,EML4,0.903021185
NMF 2,Q9HCE1,MOV10,0.887746452
NMF 2,Q9NP61,ARFGAP3,0.90445846
NMF 2,Q9NP79,VTA1,0.840122651
NMF 2,Q9NP97,DYNLRB1,0.811124272
NMF 2,Q9NPF4,OSGEP,0.955789051
NMF 2,Q9NQ29,LUC7L,0.888675613
NMF 2,Q9NQG5,RPRD1B,0.922898391
NMF 2,Q9NQR4,NIT2,0.871713849
NMF 2,Q9NQT4,EXOSC5,0.88061645
NMF 2,Q9NQT8,KIF13B,0.837965784
NMF 2,Q9NR28,DIABLO,0.800621809
NMF 2,Q9NR30,DDX21,0.902753021
NMF 2,Q9NR31,SAR1A,0.908356188
NMF 2,Q9NRF8,CTPS2,0.8780831
NMF 2,Q9NSD9,FARSB,0.919608234
NMF 2,Q9NSK0,KLC4,0.848814229
NMF 2,Q9NTZ6,RBM12,0.97822779
NMF 2,Q9NUQ8,ABCF3,0.999991449
NMF 2,Q9NVP1,DDX18,0.881224894
NMF 2,Q9NWH9,SLTM,0.875524032
NMF 2,Q9NXG2,THUMPD1,0.953324704
NMF 2,Q9NXR7,BABAM2,0.858570203
NMF 2,Q9NXV6,CDKN2AIP,0.908922733
NMF 2,Q9NY27,PPP4R2,0.958211649
NMF 2,Q9NY33,DPP3,0.872825278
NMF 2,Q9NYF8,BCLAF1,0.975409173
NMF 2,Q9NZB2,FAM120A,1
NMF 2,Q9P258,RCC2,0.836498533
NMF 2,Q9P260,RELCH,0.851179729
NMF 2,Q9P2J5,LARS,0.935135853
NMF 2,Q9UBB4,ATXN10,0.811079453
NMF 2,Q9UBF2,COPG2,0.811437736
NMF 2,Q9UBN7,HDAC6,0.853080471
NMF 2,Q9UBQ0,VPS29,0.87785016
NMF 2,Q9UBQ5,EIF3K,0.948139719
NMF 2,Q9UBS4,DNAJB11,0.828361522
NMF 2,Q9UBU9,NXF1,0.958234723
NMF 2,Q9UHB6,LIMA1,0.829138905
NMF 2,Q9UHB9,SRP68,0.952817813
NMF 2,Q9UHX1,PUF60,0.931674703
NMF 2,Q9UHY7,ENOPH1,0.882167859
NMF 2,Q9UI10,EIF2B4,0.814175335
NMF 2,Q9UKK3,PARP4,0.94899927
NMF 2,Q9UKM9,RALY,0.932293021
NMF 2,Q9UKV3,ACIN1,0.992707192
NMF 2,Q9UL15,BAG5,0.869929565
NMF 2,Q9ULU4,ZMYND8,0.889134793
NMF 2,Q9UM54,MYO6,0.812537512
NMF 2,Q9UN37,VPS4A,0.857615252
NMF 2,Q9UN86,G3BP2,0.960738652
NMF 2,Q9UPZ3,HPS5,0.890784585
NMF 2,Q9UQ35,SRRM2,0.882547753
NMF 2,Q9UQ80,PA2G4,0.860618811
NMF 2,Q9Y224,RTRAF,0.857103855
NMF 2,Q9Y230,RUVBL2,0.955417959
NMF 2,Q9Y263,PLAA,0.848178731
NMF 2,Q9Y266,NUDC,0.873149342
NMF 2,Q9Y295,DRG1,1
NMF 2,Q9Y2A7,NCKAP1,0.90705685
NMF 2,Q9Y2B0,CNPY2,0.890635801
NMF 2,Q9Y2H0,DLGAP4,0.821590254
NMF 2,Q9Y2L1,DIS3,0.886143717
NMF 2,Q9Y2W1,THRAP3,0.935550741
NMF 2,Q9Y2X3,NOP58,0.970373935
NMF 2,Q9Y305,ACOT9,0.847392304
NMF 2,Q9Y314,NOSIP,0.837276876
NMF 2,Q9Y333,LSM2,0.827381252
NMF 2,Q9Y376,CAB39,0.889124033
NMF 2,Q9Y383,LUC7L2,0.879518115
NMF 2,Q9Y3A5,SBDS,0.879492367
NMF 2,Q9Y3B4,SF3B6,0.851491122
NMF 2,Q9Y3F4,STRAP,0.949656067
NMF 2,Q9Y3I0,RTCB,1
NMF 2,Q9Y3I1,FBXO7,0.833598487
NMF 2,Q9Y3P9,RABGAP1,0.924728208
NMF 2,Q9Y4L1,HYOU1,0.82954748
NMF 2,Q9Y520,PRRC2C,0.953449629
NMF 2,Q9Y570,PPME1,0.828857282
NMF 2,Q9Y5A7,NUB1,0.898703948
NMF 2,Q9Y5A9,YTHDF2,0.988507593
NMF 2,Q9Y5K5,UCHL5,0.894805138
NMF 2,Q9Y5K6,CD2AP,0.886118873
NMF 2,Q9Y5L0,TNPO3,0.88177679
NMF 2,Q9Y6D5,ARFGEF2,0.86016174
NMF 2,Q9Y6D6,ARFGEF1,0.851404402
NMF 2,Q9Y6E0,STK24,0.967938596
NMF 3,A0AV96,RBM47,0.860908105
NMF 3,A3KMH1,VWA8,0.993455252
NMF 3,C9JRZ8,AKR1B15,0.90401482
NMF 3,O00161,SNAP23,0.84461274
NMF 3,O00194,RAB27B,0.986473447
NMF 3,O00217,NDUFS8,0.857777178
NMF 3,O00264,PGRMC1,0.828190659
NMF 3,O00330,PDHX,0.856654113
NMF 3,O00483,NDUFA4,0.941325654
NMF 3,O14548,COX7A2L,0.992891884
NMF 3,O14672,ADAM10,0.887312195
NMF 3,O14976,GAK,0.903063158
NMF 3,O15027,SEC16A,0.956392136
NMF 3,O15085,ARHGEF11,0.815016732
NMF 3,O15264,MAPK13,0.870597965
NMF 3,O15305,PMM2,0.999114722
NMF 3,O15382,BCAT2,0.853829164
NMF 3,O43324,EEF1E1,0.856199454
NMF 3,O43615,TIMM44,0.817376518
NMF 3,O43719,HTATSF1,0.82844039
NMF 3,O43776,NARS,0.840918594
NMF 3,O43920,NDUFS5,0.954719894
NMF 3,O60547,GMDS,0.97982557
NMF 3,O60762,DPM1,0.987677246
NMF 3,O75153,CLUH,0.804413683
NMF 3,O75208,COQ9,0.890186822
NMF 3,O75251,NDUFS7,0.949297439
NMF 3,O75306,NDUFS2,0.950782622
NMF 3,O75323,NIPSNAP2,0.953896146
NMF 3,O75380,NDUFS6,0.885564958
NMF 3,O75390,CS,0.860360911
NMF 3,O75396,SEC22B,0.855843531
NMF 3,O75489,NDUFS3,0.939004206
NMF 3,O75521,ECI2,0.895941991
NMF 3,O75880,SCO1,0.893998403
NMF 3,O75947,ATP5PD,0.933210226
NMF 3,O75964,ATP5MG,0.954808981
NMF 3,O75976,CPD,0.963883953
NMF 3,O76031,CLPX,0.985924514
NMF 3,O94760,DDAH1,0.820651905
NMF 3,O94826,TOMM70,0.828220246
NMF 3,O94874,UFL1,0.850019931
NMF 3,O94905,ERLIN2,0.86082082
NMF 3,O95154,AKR7A3,0.902079144
NMF 3,O95182,NDUFA7,0.913370336
NMF 3,O95202,LETM1,0.960010603
NMF 3,O95249,GOSR1,0.905214383
NMF 3,O95292,VAPB,0.87811933
NMF 3,O95299,NDUFA10,0.979701031
NMF 3,O95394,PGM3,0.853080018
NMF 3,O95716,RAB3D,0.964400175
NMF 3,O95749,GGPS1,0.953796705
NMF 3,O95757,HSPA4L,0.833238725
NMF 3,O95822,MLYCD,0.966726615
NMF 3,O95831,AIFM1,0.997005887
NMF 3,O95881,TXNDC12,0.962594029
NMF 3,O96000,NDUFB10,0.966965866
NMF 3,P00450,CP,0.846027279
NMF 3,P00751,CFB,0.807266848
NMF 3,P01009,SERPINA1,0.822039854
NMF 3,P01024,C3,0.835115477
NMF 3,P01116,KRAS,0.860511254
NMF 3,P02765,AHSG,0.837081736
NMF 3,P02768,ALB,0.883110562
NMF 3,P02774,GC,0.82214801
NMF 3,P02787,TF,0.806475216
NMF 3,P04843,RPN1,0.933862012
NMF 3,P04844,RPN2,0.813590926
NMF 3,P05023,ATP1A1,0.995336115
NMF 3,P05026,ATP1B1,0.990931855
NMF 3,P05091,ALDH2,0.860734324
NMF 3,P05141,SLC25A5,0.879844677
NMF 3,P05165,PCCA,0.968649138
NMF 3,P05166,PCCB,0.929348885
NMF 3,P07237,P4HB,0.858622979
NMF 3,P07954,FH,0.933530142
NMF 3,P08240,SRPRA,0.983269108
NMF 3,P08243,ASNS,0.897859699
NMF 3,P08559,PDHA1,0.937797718
NMF 3,P08574,CYC1,0.896372431
NMF 3,P08603,CFH,0.807561534
NMF 3,P09001,MRPL3,0.86244935
NMF 3,P09669,COX6C,0.855145709
NMF 3,P0DOX5,P0DOX5,0.829412351
NMF 3,P0DOX7,P0DOX7,0.827003374
NMF 3,P10515,DLAT,0.822847607
NMF 3,P10606,COX5B,0.829922042
NMF 3,P11182,DBT,0.93326567
NMF 3,P11233,RALA,0.815719311
NMF 3,P11310,ACADM,0.899771276
NMF 3,P11908,PRPS2,0.828854854
NMF 3,P12235,SLC25A4,0.968818938
NMF 3,P12532,CKMT1A,0.972235911
NMF 3,P12694,BCKDHA,0.916286641
NMF 3,P12830,CDH1,0.901028229
NMF 3,P12931,SRC,0.98125217
NMF 3,P13073,COX4I1,0.97730229
NMF 3,P13637,ATP1A3,0.997433474
NMF 3,P13667,PDIA4,0.86200096
NMF 3,P14735,IDE,0.831584182
NMF 3,P14927,UQCRB,0.956515095
NMF 3,P15529,CD46,0.973444823
NMF 3,P16219,ACADS,0.81054954
NMF 3,P16422,EPCAM,0.96840673
NMF 3,P16435,POR,0.925476886
NMF 3,P16615,ATP2A2,0.804301313
NMF 3,P17174,GOT1,0.923041083
NMF 3,P18065,IGFBP2,0.80964486
NMF 3,P18085,ARF4,0.873118342
NMF 3,P19404,NDUFV2,0.922068807
NMF 3,P19823,ITIH2,0.815481786
NMF 3,P20674,COX5A,0.875087213
NMF 3,P21397,MAOA,0.889472533
NMF 3,P21399,ACO1,0.800013636
NMF 3,P21796,VDAC1,0.844172309
NMF 3,P21912,SDHB,0.906951172
NMF 3,P21953,BCKDHB,0.989274434
NMF 3,P22033,MMUT,0.962024921
NMF 3,P23786,CPT2,0.990962011
NMF 3,P24666,ACP1,0.839258214
NMF 3,P24752,ACAT1,0.869679683
NMF 3,P25705,ATP5F1A,0.859755766
NMF 3,P26440,IVD,0.946099749
NMF 3,P26572,MGAT1,0.803827267
NMF 3,P27918,CFP,0.803879062
NMF 3,P28288,ABCD3,0.858572103
NMF 3,P28331,NDUFS1,0.904230465
NMF 3,P30040,ERP29,0.958099336
NMF 3,P30085,CMPK1,0.888045892
NMF 3,P30405,PPIF,0.85005967
NMF 3,P32322,PYCR1,0.884808516
NMF 3,P33527,ABCC1,0.958947942
NMF 3,P35270,SPR,0.897979535
NMF 3,P35606,COPB2,0.811724855
NMF 3,P36542,ATP5F1C,0.952132608
NMF 3,P36957,DLST,0.839364351
NMF 3,P39656,DDOST,0.911022206
NMF 3,P40616,ARL1,0.894420443
NMF 3,P41252,IARS,0.84626231
NMF 3,P42126,ECI1,0.806705599
NMF 3,P42704,LRPPRC,0.99096309
NMF 3,P43155,CRAT,0.804212125
NMF 3,P45954,ACADSB,0.856583765
NMF 3,P48200,IREB2,0.839311537
NMF 3,P48444,ARCN1,0.96780213
NMF 3,P49189,ALDH9A1,0.80300572
NMF 3,P49257,LMAN1,0.976838331
NMF 3,P49406,MRPL19,0.977785723
NMF 3,P49419,ALDH7A1,0.866330213
NMF 3,P49748,ACADVL,0.959261075
NMF 3,P49755,TMED10,0.923571548
NMF 3,P49821,NDUFV1,0.953712816
NMF 3,P49916,LIG3,0.890300591
NMF 3,P50336,PPOX,0.817410265
NMF 3,P50851,LRBA,0.983253664
NMF 3,P51153,RAB13,0.917389476
NMF 3,P51159,RAB27A,0.88364704
NMF 3,P51571,SSR4,0.994355608
NMF 3,P51648,ALDH3A2,0.976098516
NMF 3,P51649,ALDH5A1,0.918799843
NMF 3,P51970,NDUFA8,0.803198349
NMF 3,P52758,RIDA,0.94868566
NMF 3,P53007,SLC25A1,0.924871242
NMF 3,P53367,ARFIP1,0.877517305
NMF 3,P53597,SUCLG1,0.875235459
NMF 3,P53618,COPB1,0.885605972
NMF 3,P53701,HCCS,0.907703593
NMF 3,P54802,NAGLU,0.811340571
NMF 3,P54819,AK2,0.851768674
NMF 3,P54886,ALDH18A1,0.967061859
NMF 3,P55011,SLC12A2,0.994548515
NMF 3,P55145,MANF,0.953594986
NMF 3,P55327,TPD52,0.804456267
NMF 3,P55809,OXCT1,0.828624324
NMF 3,P56385,ATP5ME,0.922158789
NMF 3,P56556,NDUFA6,0.964229552
NMF 3,P57105,SYNJ2BP,0.851931505
NMF 3,P60468,SEC61B,0.841290796
NMF 3,P61009,SPCS3,0.902260121
NMF 3,P61019,RAB2A,0.926861788
NMF 3,P61026,RAB10,0.828231042
NMF 3,P61626,LYZ,0.809385092
NMF 3,P61966,AP1S1,0.861196643
NMF 3,P62072,TIMM10,0.813081095
NMF 3,P62312,LSM6,0.872372124
NMF 3,P62330,ARF6,0.859158563
NMF 3,P62633,CNBP,0.866205131
NMF 3,P62820,RAB1A,0.904913024
NMF 3,P62847,RPS24,0.926763904
NMF 3,P62851,RPS25,0.911515143
NMF 3,P63173,RPL38,0.921115656
NMF 3,P80303,NUCB2,0.984035236
NMF 3,P82650,MRPS22,0.892541186
NMF 3,P82663,MRPS25,0.923805217
NMF 3,P82673,MRPS35,0.925168352
NMF 3,P82909,MRPS36,0.842387
NMF 3,P83436,COG7,0.946971284
NMF 3,P98088,MUC5AC,0.885488027
NMF 3,P98160,HSPG2,0.800158579
NMF 3,Q00059,TFAM,0.836341954
NMF 3,Q00325,SLC25A3,0.862143847
NMF 3,Q01415,GALK2,0.962028604
NMF 3,Q02127,DHODH,0.86726997
NMF 3,Q02252,ALDH6A1,0.941444374
NMF 3,Q02338,BDH1,0.992229473
NMF 3,Q02543,RPL18A,0.83765015
NMF 3,Q02978,SLC25A11,0.880042768
NMF 3,Q06210,GFPT1,0.969373349
NMF 3,Q0VDF9,HSPA14,0.808183284
NMF 3,Q10713,PMPCA,0.934947167
NMF 3,Q12846,STX4,0.890381771
NMF 3,Q12907,LMAN2,0.84322189
NMF 3,Q12931,TRAP1,0.847462133
NMF 3,Q13155,AIMP2,0.853608053
NMF 3,Q13162,PRDX4,0.903461555
NMF 3,Q13190,STX5,0.932950581
NMF 3,Q13217,DNAJC3,0.931768365
NMF 3,Q13310,PABPC4,0.801966457
NMF 3,Q13423,NNT,0.972710808
NMF 3,Q13439,GOLGA4,0.932302268
NMF 3,Q13496,MTM1,0.812421639
NMF 3,Q13505,MTX1,0.80667567
NMF 3,Q13576,IQGAP2,0.904524137
NMF 3,Q13630,TSTA3,0.831161654
NMF 3,Q13884,SNTB1,0.834229973
NMF 3,Q13907,IDI1,0.990489684
NMF 3,Q14160,SCRIB,0.928365908
NMF 3,Q14165,MLEC,0.9607461
NMF 3,Q14376,GALE,0.941631992
NMF 3,Q14435,GALNT3,0.998179312
NMF 3,Q14571,ITPR2,0.815421101
NMF 3,Q14746,COG2,0.996339354
NMF 3,Q14789,GOLGB1,0.923127523
NMF 3,Q15005,SPCS2,0.932851361
NMF 3,Q15172,PPP2R5A,0.93678335
NMF 3,Q15311,RALBP1,0.832651947
NMF 3,Q15363,TMED2,0.916792994
NMF 3,Q15437,SEC23B,0.993444587
NMF 3,Q15555,MAPRE2,0.948318913
NMF 3,Q15599,SLC9A3R2,0.818200293
NMF 3,Q15738,NSDHL,0.885835268
NMF 3,Q15796,SMAD2,0.835772557
NMF 3,Q16134,ETFDH,0.952456434
NMF 3,Q16222,UAP1,0.968636952
NMF 3,Q16563,SYPL1,0.805859881
NMF 3,Q16706,MAN2A1,0.850155637
NMF 3,Q16718,NDUFA5,0.805455075
NMF 3,Q16740,CLPP,0.861043847
NMF 3,Q16762,TST,0.923043301
NMF 3,Q16795,NDUFA9,0.993212764
NMF 3,Q16891,IMMT,0.967546975
NMF 3,Q2PPJ7,RALGAPA2,0.826837921
NMF 3,Q4G0N4,NADK2,0.812027262
NMF 3,Q4G176,ACSF3,0.972412299
NMF 3,Q53GQ0,HSD17B12,0.937764862
NMF 3,Q53H12,AGK,0.851078919
NMF 3,Q56VL3,OCIAD2,0.951059247
NMF 3,Q5HYK3,COQ5,0.867969062
NMF 3,Q5JRA6,MIA3,1
NMF 3,Q5JRX3,PITRM1,0.822171579
NMF 3,Q5JTZ9,AARS2,0.918042946
NMF 3,Q5SWX8,ODR4,0.997316263
NMF 3,Q5T440,IBA57,0.908814246
NMF 3,Q5T9A4,ATAD3B,0.838422123
NMF 3,Q5VIR6,VPS53,0.831833839
NMF 3,Q5VW38,GPR107,0.82875326
NMF 3,Q5VWZ2,LYPLAL1,0.848338879
NMF 3,Q5VZK9,CARMIL1,0.949894648
NMF 3,Q5XKE5,KRT79,0.809531268
NMF 3,Q6NUK1,SLC25A24,0.801243041
NMF 3,Q6NUM9,RETSAT,0.928156014
NMF 3,Q6NUQ4,TMEM214,0.96817251
NMF 3,Q6NVY1,HIBCH,0.942184033
NMF 3,Q6P474,PDXDC2P,0.971067448
NMF 3,Q6P996,PDXDC1,0.998100782
NMF 3,Q6PGP7,TTC37,0.821237116
NMF 3,Q6PI48,DARS2,0.943624082
NMF 3,Q6UXV4,APOOL,0.908179356
NMF 3,Q6YN16,HSDL2,0.941195863
NMF 3,Q71UM5,RPS27L,0.896899143
NMF 3,Q7L0Y3,TRMT10C,0.859519852
NMF 3,Q7Z7H5,TMED4,0.977964306
NMF 3,Q86WA6,BPHL,0.91834053
NMF 3,Q86YS7,C2CD5,0.897443307
NMF 3,Q8IV36,HID1,0.999948321
NMF 3,Q8IWJ2,GCC2,0.914655513
NMF 3,Q8IWW6,ARHGAP12,0.838945196
NMF 3,Q8IXB1,DNAJC10,0.962026839
NMF 3,Q8IXI1,RHOT2,0.84785932
NMF 3,Q8IXM3,MRPL41,0.929003889
NMF 3,Q8IYQ7,THNSL1,0.865216226
NMF 3,Q8N183,NDUFAF2,0.811586371
NMF 3,Q8N335,GPD1L,0.822523002
NMF 3,Q8N4P3,HDDC3,0.86987338
NMF 3,Q8N8N7,PTGR2,0.875103475
NMF 3,Q8N983,MRPL43,0.843961989
NMF 3,Q8N9N7,LRRC57,0.932536826
NMF 3,Q8NBJ4,GOLM1,0.960873085
NMF 3,Q8NBJ7,SUMF2,0.859076513
NMF 3,Q8NC96,NECAP1,0.863472399
NMF 3,Q8NCW5,NAXE,0.876395037
NMF 3,Q8NE01,CNNM3,0.854884134
NMF 3,Q8TAE8,GADD45GIP1,0.912931063
NMF 3,Q8TB96,ITFG1,0.841865172
NMF 3,Q8TC12,RDH11,0.90007411
NMF 3,Q8TCS8,PNPT1,0.833867083
NMF 3,Q8WTW3,COG1,0.923468074
NMF 3,Q8WW22,DNAJA4,0.849775126
NMF 3,Q8WZ82,OVCA2,0.827341016
NMF 3,Q92506,HSD17B8,0.830661891
NMF 3,Q92552,MRPS27,0.914817793
NMF 3,Q92616,GCN1,0.821919323
NMF 3,Q92796,DLG3,0.829891025
NMF 3,Q93084,ATP2A3,0.883283655
NMF 3,Q96A26,FAM162A,0.87559123
NMF 3,Q96A33,CCDC47,0.936945266
NMF 3,Q96A49,SYAP1,0.858497414
NMF 3,Q96AG4,LRRC59,0.936538654
NMF 3,Q96AZ6,ISG20,0.814198043
NMF 3,Q96BW5,PTER,0.949119708
NMF 3,Q96C19,EFHD2,0.814453135
NMF 3,Q96D71,REPS1,0.827176114
NMF 3,Q96DG6,CMBL,0.937016396
NMF 3,Q96DH6,MSI2,0.829494493
NMF 3,Q96DV4,MRPL38,0.953075958
NMF 3,Q96EK6,GNPNAT1,0.995830885
NMF 3,Q96EL3,MRPL53,0.9108353
NMF 3,Q96EY7,PTCD3,0.959098819
NMF 3,Q96EY8,MMAB,0.905555609
NMF 3,Q96HN2,AHCYL2,0.864018385
NMF 3,Q96HY6,DDRGK1,0.961245865
NMF 3,Q96I99,SUCLG2,0.969436924
NMF 3,Q96IJ6,GMPPA,0.993248484
NMF 3,Q96IX5,ATP5MD,0.902037524
NMF 3,Q96JB2,COG3,0.865532456
NMF 3,Q96JB5,CDK5RAP3,0.951537552
NMF 3,Q96KC8,DNAJC1,0.835199512
NMF 3,Q96LJ7,DHRS1,0.873575318
NMF 3,Q96M27,PRRC1,0.8601111
NMF 3,Q96PC5,MIA2,1
NMF 3,Q96PE7,MCEE,0.911300113
NMF 3,Q96RP9,GFM1,0.95335366
NMF 3,Q96RQ3,MCCC1,0.956310079
NMF 3,Q96S44,TP53RK,0.862017616
NMF 3,Q96SB4,SRPK1,0.850326773
NMF 3,Q96SI9,STRBP,0.903725547
NMF 3,Q99417,MYCBP,0.842384845
NMF 3,Q99653,CHP1,0.907557787
NMF 3,Q99729,HNRNPAB,0.859703436
NMF 3,Q99798,ACO2,0.849321028
NMF 3,Q99805,TM9SF2,1
NMF 3,Q99933,BAG1,0.953873718
NMF 3,Q99959,PKP2,0.93625463
NMF 3,Q99996,AKAP9,0.892946343
NMF 3,Q9BPX6,MICU1,0.922181
NMF 3,Q9BS26,ERP44,0.906452391
NMF 3,Q9BSD7,NTPCR,0.934238992
NMF 3,Q9BUP3,HTATIP2,0.974965185
NMF 3,Q9BVK6,TMED9,0.955273733
NMF 3,Q9BW92,TARS2,0.906104333
NMF 3,Q9BWS9,CHID1,0.895945638
NMF 3,Q9BX68,HINT2,0.837768495
NMF 3,Q9BYD1,MRPL13,0.943953608
NMF 3,Q9BYD2,MRPL9,0.880698232
NMF 3,Q9BYD6,MRPL1,0.810361403
NMF 3,Q9BZE1,MRPL37,0.852274646
NMF 3,Q9BZQ8,FAM129A,0.818873612
NMF 3,Q9C040,TRIM2,0.865305714
NMF 3,Q9C0I1,MTMR12,0.831017991
NMF 3,Q9GZT3,SLIRP,0.975323713
NMF 3,Q9H098,FAM107B,0.979264152
NMF 3,Q9H0U4,RAB1B,0.910962658
NMF 3,Q9H173,SIL1,0.840282852
NMF 3,Q9H2U2,PPA2,0.975466111
NMF 3,Q9H2W6,MRPL46,0.93243686
NMF 3,Q9H3N1,TMX1,0.874226306
NMF 3,Q9H845,ACAD9,0.82528276
NMF 3,Q9H8Y8,GORASP2,0.831740716
NMF 3,Q9H936,SLC25A22,0.835241762
NMF 3,Q9H993,ARMT1,0.820967898
NMF 3,Q9H9B4,SFXN1,0.894855668
NMF 3,Q9H9J2,MRPL44,0.874564441
NMF 3,Q9H9P8,L2HGDH,0.991205616
NMF 3,Q9HAB8,PPCS,0.818054159
NMF 3,Q9HCC0,MCCC2,0.953982471
NMF 3,Q9HCM4,EPB41L5,0.837343942
NMF 3,Q9HCU5,PREB,0.867662127
NMF 3,Q9HD20,ATP13A1,0.811295242
NMF 3,Q9HD45,TM9SF3,0.987050991
NMF 3,Q9NNW7,TXNRD2,0.898753601
NMF 3,Q9NP81,SARS2,0.94818035
NMF 3,Q9NP92,MRPS30,0.995032353
NMF 3,Q9NPE3,NOP10,0.833862121
NMF 3,Q9NQW7,XPNPEP1,0.872779198
NMF 3,Q9NQX3,GPHN,0.883327994
NMF 3,Q9NQX4,MYO5C,0.995143272
NMF 3,Q9NR19,ACSS2,0.843118794
NMF 3,Q9NR45,NANS,0.845961398
NMF 3,Q9NRX2,MRPL17,0.888850719
NMF 3,Q9NSE4,IARS2,0.915940292
NMF 3,Q9NUB1,ACSS1,0.995309481
NMF 3,Q9NUJ1,ABHD10,0.908226043
NMF 3,Q9NUY8,TBC1D23,0.914017811
NMF 3,Q9NX20,MRPL16,0.896649962
NMF 3,Q9NX40,OCIAD1,0.902253766
NMF 3,Q9NX63,CHCHD3,0.816702687
NMF 3,Q9NXA8,SIRT5,0.869577235
NMF 3,Q9NY12,GAR1,0.859677801
NMF 3,Q9NYK5,MRPL39,0.949282341
NMF 3,Q9NYU2,UGGT1,0.91040056
NMF 3,Q9NZ01,TECR,0.964208436
NMF 3,Q9NZD2,GLTP,0.992755962
NMF 3,Q9P015,MRPL15,0.933580792
NMF 3,Q9P2E9,RRBP1,0.844386486
NMF 3,Q9UBX3,SLC25A10,0.990663684
NMF 3,Q9UGP8,SEC63,0.899398321
NMF 3,Q9UH62,ARMCX3,0.869341225
NMF 3,Q9UHQ9,CYB5R1,0.852711096
NMF 3,Q9UIA9,XPO7,0.814350306
NMF 3,Q9UIJ7,AK3,0.913457546
NMF 3,Q9UJS0,SLC25A13,0.929899601
NMF 3,Q9UKU7,ACAD8,0.964580849
NMF 3,Q9UL03,INTS6,0.809292302
NMF 3,Q9ULK4,MED23,0.830055464
NMF 3,Q9ULV0,MYO5B,0.899522355
NMF 3,Q9UP83,COG5,0.95107008
NMF 3,Q9Y223,GNE,0.90263411
NMF 3,Q9Y277,VDAC3,0.863692736
NMF 3,Q9Y2H5,PLEKHA6,0.927704288
NMF 3,Q9Y2H6,FNDC3A,0.829925159
NMF 3,Q9Y2Q9,MRPS28,0.873677309
NMF 3,Q9Y2R9,MRPS7,0.960385584
NMF 3,Q9Y365,STARD10,0.977802336
NMF 3,Q9Y3A6,TMED5,0.874816808
NMF 3,Q9Y3B3,TMED7,0.894559712
NMF 3,Q9Y3E5,PTRH2,0.888354634
NMF 3,Q9Y3Q3,TMED3,0.968284094
NMF 3,Q9Y3R5,DOP1B,0.870001877
NMF 3,Q9Y478,PRKAB1,0.87136314
NMF 3,Q9Y4P3,TBL2,0.988033969
NMF 3,Q9Y4W6,AFG3L2,0.963604578
NMF 3,Q9Y512,SAMM50,0.856159777
NMF 3,Q9Y5L4,TIMM13,0.868846982
NMF 3,Q9Y5M8,SRPRB,0.966315443
NMF 3,Q9Y5P6,GMPPB,0.884795524
NMF 3,Q9Y5Y6,ST14,0.922500251
NMF 3,Q9Y606,PUS1,0.8844101
NMF 3,Q9Y617,PSAT1,0.89864281
NMF 3,Q9Y624,F11R,0.988746242
NMF 3,Q9Y676,MRPS18B,0.879978075
NMF 3,Q9Y678,COPG1,0.93458799
NMF 3,Q9Y6C9,MTCH2,0.983247434
NMF 3,Q9Y6M9,NDUFB9,0.922458574
NMF 3,Q9Y6Q5,AP1M2,1
NMF 3,Q9Y6U3,SCIN,0.901030311
NMF 3,Q9Y6Y8,SEC23IP,0.931062936
