,gene,p_val,avg_log2FC,pct.1,pct.2,p_val_adj,cluster_number
1707,HSPA6,0.0,6.650533878,0.345,0.039,0.0,cluster 8 (Plasma cells)
1708,HSPA1B,0.0,4.005115014,0.9,0.316,0.0,cluster 8 (Plasma cells)
1709,HSPA1A,0.0,3.83125913,0.949,0.33,0.0,cluster 8 (Plasma cells)
1710,DNAJB1,0.0,3.501825747,0.862,0.406,0.0,cluster 8 (Plasma cells)
1711,JUN1,0.0,3.274597637,0.885,0.607,0.0,cluster 8 (Plasma cells)
1712,HSPB1,0.0,3.075901998,0.663,0.282,0.0,cluster 8 (Plasma cells)
1713,FOS1,0.0,3.050804831,0.697,0.517,0.0,cluster 8 (Plasma cells)
1714,ZFAND2A,0.0,2.724929226,0.353,0.14,0.0,cluster 8 (Plasma cells)
1715,DUSP11,0.0,2.715101078,0.766,0.596,0.0,cluster 8 (Plasma cells)
1716,HSP90AA11,0.0,2.505321985,0.959,0.743,0.0,cluster 8 (Plasma cells)
1717,UBC1,0.0,2.358684171,0.942,0.803,0.0,cluster 8 (Plasma cells)
1718,ATF3,0.0,2.330519877,0.281,0.099,0.0,cluster 8 (Plasma cells)
1719,XBP11,0.0,2.193507939,0.647,0.378,0.0,cluster 8 (Plasma cells)
1720,EGR11,0.0,2.165552001,0.341,0.164,0.0,cluster 8 (Plasma cells)
1721,BTG21,0.0,2.114827646,0.726,0.598,0.0,cluster 8 (Plasma cells)
1722,PPP1R15A1,0.0,2.059698687,0.699,0.453,0.0,cluster 8 (Plasma cells)
1723,HSPA81,0.0,1.958058659,0.838,0.701,0.0,cluster 8 (Plasma cells)
1724,HSPA51,0.0,1.888929044,0.637,0.432,0.0,cluster 8 (Plasma cells)
1725,HSPD11,0.0,1.776932599,0.673,0.451,0.0,cluster 8 (Plasma cells)
1726,IER22,0.0,1.755172082,0.649,0.504,0.0,cluster 8 (Plasma cells)
1727,FOSB1,0.0,1.753847109,0.637,0.411,0.0,cluster 8 (Plasma cells)
1728,HM131,0.0,1.74567529,0.488,0.288,0.0,cluster 8 (Plasma cells)
1729,HSPH11,0.0,1.732951806,0.617,0.349,0.0,cluster 8 (Plasma cells)
1730,PIM21,0.0,1.731190845,0.569,0.37,0.0,cluster 8 (Plasma cells)
1731,DNAJB91,0.0,1.705527576,0.512,0.288,0.0,cluster 8 (Plasma cells)
1732,P4HB1,0.0,1.621020667,0.524,0.329,0.0,cluster 8 (Plasma cells)
1733,DNAJB4,0.0,1.610073542,0.283,0.099,0.0,cluster 8 (Plasma cells)
1734,PDIA61,0.0,1.609986006,0.573,0.419,0.0,cluster 8 (Plasma cells)
1735,HERPUD11,0.0,1.592949418,0.829,0.722,0.0,cluster 8 (Plasma cells)
1736,PSAP1,0.0,1.569597873,0.601,0.428,0.0,cluster 8 (Plasma cells)
1737,JSRP11,0.0,1.566859735,0.276,0.129,0.0,cluster 8 (Plasma cells)
1738,SDC11,0.0,1.554844059,0.36,0.153,0.0,cluster 8 (Plasma cells)
1739,TRIB11,0.0,1.547432299,0.305,0.147,0.0,cluster 8 (Plasma cells)
1740,IGLV3-11,0.0,1.542637648,0.264,0.129,0.0,cluster 8 (Plasma cells)
1741,HSP90AB12,0.0,1.506804678,0.865,0.726,0.0,cluster 8 (Plasma cells)
1742,CRELD21,0.0,1.491564144,0.441,0.243,0.0,cluster 8 (Plasma cells)
1743,LAMP21,0.0,1.484011838,0.275,0.141,0.0,cluster 8 (Plasma cells)
1744,SLAMF71,0.0,1.43802536,0.383,0.189,0.0,cluster 8 (Plasma cells)
1745,PDIA41,0.0,1.433834488,0.444,0.265,0.0,cluster 8 (Plasma cells)
1746,CITED21,0.0,1.432962123,0.4,0.227,0.0,cluster 8 (Plasma cells)
1747,TMED91,0.0,1.424841605,0.508,0.333,0.0,cluster 8 (Plasma cells)
1748,TRAM11,0.0,1.415130738,0.533,0.367,0.0,cluster 8 (Plasma cells)
1749,RPN21,0.0,1.405438275,0.512,0.328,0.0,cluster 8 (Plasma cells)
1750,VSIR1,0.0,1.403559483,0.301,0.157,0.0,cluster 8 (Plasma cells)
1751,ANKRD371,0.0,1.400798608,0.401,0.215,0.0,cluster 8 (Plasma cells)
1752,PRDM11,0.0,1.395883087,0.37,0.199,0.0,cluster 8 (Plasma cells)
1753,PDK11,0.0,1.395613524,0.282,0.144,0.0,cluster 8 (Plasma cells)
1754,ANKRD281,0.0,1.384112237,0.394,0.199,0.0,cluster 8 (Plasma cells)
1755,RHOB1,0.0,1.380753113,0.424,0.218,0.0,cluster 8 (Plasma cells)
1756,HSP90B11,0.0,1.377368538,0.709,0.481,0.0,cluster 8 (Plasma cells)
1757,KDELR11,0.0,1.373891582,0.475,0.295,0.0,cluster 8 (Plasma cells)
1758,ARF41,0.0,1.369640341,0.528,0.363,0.0,cluster 8 (Plasma cells)
1759,TXNDC111,0.0,1.368752152,0.373,0.209,0.0,cluster 8 (Plasma cells)
1760,ARSA1,0.0,1.354262266,0.32,0.152,0.0,cluster 8 (Plasma cells)
1761,GAS61,0.0,1.349290256,0.256,0.11,0.0,cluster 8 (Plasma cells)
1762,SSR31,0.0,1.333592522,0.602,0.388,0.0,cluster 8 (Plasma cells)
1763,LMAN21,0.0,1.326377812,0.505,0.344,0.0,cluster 8 (Plasma cells)
1764,ITM2C1,0.0,1.318668669,0.53,0.291,0.0,cluster 8 (Plasma cells)
1765,DNAJA11,0.0,1.317460636,0.666,0.479,0.0,cluster 8 (Plasma cells)
1766,NEAT11,0.0,1.303729665,0.703,0.508,0.0,cluster 8 (Plasma cells)
1767,SEL1L1,0.0,1.293619892,0.379,0.219,0.0,cluster 8 (Plasma cells)
1768,CHPF1,0.0,1.281271416,0.302,0.132,0.0,cluster 8 (Plasma cells)
1769,KDELR21,0.0,1.276216262,0.48,0.318,0.0,cluster 8 (Plasma cells)
1770,DERL31,0.0,1.269250089,0.567,0.307,0.0,cluster 8 (Plasma cells)
1771,SQSTM11,0.0,1.254319666,0.595,0.428,0.0,cluster 8 (Plasma cells)
1772,DNAJC11,0.0,1.251476084,0.42,0.228,0.0,cluster 8 (Plasma cells)
1773,NUCB21,0.0,1.245044243,0.417,0.197,0.0,cluster 8 (Plasma cells)
1774,SEC61A11,0.0,1.244413824,0.373,0.205,0.0,cluster 8 (Plasma cells)
1775,ERN11,0.0,1.236545051,0.312,0.136,0.0,cluster 8 (Plasma cells)
1776,SPAG41,0.0,1.234113949,0.326,0.136,0.0,cluster 8 (Plasma cells)
1777,SRPRB1,0.0,1.228313851,0.357,0.191,0.0,cluster 8 (Plasma cells)
1778,SPCS21,0.0,1.226777724,0.646,0.508,0.0,cluster 8 (Plasma cells)
1779,TECR1,0.0,1.212139623,0.447,0.274,0.0,cluster 8 (Plasma cells)
1780,MEI11,0.0,1.205001767,0.311,0.153,0.0,cluster 8 (Plasma cells)
1781,ATF41,0.0,1.203802632,0.611,0.418,0.0,cluster 8 (Plasma cells)
1782,NEU11,0.0,1.202278193,0.323,0.167,0.0,cluster 8 (Plasma cells)
1783,SSR41,0.0,1.192591842,0.78,0.622,0.0,cluster 8 (Plasma cells)
1784,GADD45A1,0.0,1.187809066,0.254,0.123,0.0,cluster 8 (Plasma cells)
1785,SIL11,0.0,1.185213993,0.308,0.148,0.0,cluster 8 (Plasma cells)
1786,HDLBP1,0.0,1.185146636,0.395,0.229,0.0,cluster 8 (Plasma cells)
1787,MZB11,0.0,1.172875344,0.617,0.373,0.0,cluster 8 (Plasma cells)
1788,ERLEC11,0.0,1.16968449,0.48,0.282,0.0,cluster 8 (Plasma cells)
1789,HLA-C1,0.0,1.167041693,0.933,0.895,0.0,cluster 8 (Plasma cells)
1790,UBB1,0.0,1.162515547,0.906,0.789,0.0,cluster 8 (Plasma cells)
1791,PRDX41,0.0,1.156808711,0.517,0.286,0.0,cluster 8 (Plasma cells)
1792,MYDGF1,0.0,1.155569784,0.514,0.326,0.0,cluster 8 (Plasma cells)
1793,TMED101,0.0,1.148880937,0.528,0.369,0.0,cluster 8 (Plasma cells)
1794,SEC11C1,0.0,1.140442624,0.602,0.403,0.0,cluster 8 (Plasma cells)
1795,ERGIC31,0.0,1.128700415,0.505,0.342,0.0,cluster 8 (Plasma cells)
1796,RRBP11,0.0,1.123846461,0.447,0.216,0.0,cluster 8 (Plasma cells)
1797,PLD31,0.0,1.120820811,0.292,0.151,0.0,cluster 8 (Plasma cells)
1798,SELENOS1,0.0,1.108313045,0.549,0.325,0.0,cluster 8 (Plasma cells)
1799,FNDC3A1,0.0,1.095765685,0.3,0.158,0.0,cluster 8 (Plasma cells)
1800,SDF2L11,0.0,1.078987253,0.513,0.29,0.0,cluster 8 (Plasma cells)
1801,FKBP111,0.0,1.065542345,0.544,0.291,0.0,cluster 8 (Plasma cells)
1802,FTL1,0.0,1.062643937,0.964,0.929,0.0,cluster 8 (Plasma cells)
1803,FNDC3B1,0.0,1.062229608,0.299,0.144,0.0,cluster 8 (Plasma cells)
1804,HSPE11,0.0,1.051408864,0.761,0.545,0.0,cluster 8 (Plasma cells)
1805,NPC21,0.0,1.035113029,0.558,0.407,0.0,cluster 8 (Plasma cells)
1806,TXNDC151,0.0,1.033259723,0.419,0.234,0.0,cluster 8 (Plasma cells)
1807,LMAN11,0.0,1.020804856,0.501,0.297,0.0,cluster 8 (Plasma cells)
1808,PPIB1,0.0,1.011330831,0.632,0.49,0.0,cluster 8 (Plasma cells)
1809,PLPP51,0.0,1.009542462,0.462,0.291,0.0,cluster 8 (Plasma cells)
1810,NFKBIA1,0.0,1.006360279,0.68,0.515,0.0,cluster 8 (Plasma cells)
1811,TMEM591,0.0,0.990467757,0.634,0.48,0.0,cluster 8 (Plasma cells)
1812,CYTOR1,0.0,0.979354501,0.391,0.21,0.0,cluster 8 (Plasma cells)
1813,LMNA1,0.0,0.973581242,0.328,0.181,0.0,cluster 8 (Plasma cells)
1814,RABAC11,0.0,0.947625954,0.574,0.432,0.0,cluster 8 (Plasma cells)
1815,SPCS11,0.0,0.879200192,0.656,0.529,0.0,cluster 8 (Plasma cells)
1816,FKBP21,0.0,0.874738878,0.579,0.363,0.0,cluster 8 (Plasma cells)
1817,CD631,0.0,0.859353367,0.565,0.343,0.0,cluster 8 (Plasma cells)
1818,CREB3L21,0.0,0.800337336,0.309,0.159,0.0,cluster 8 (Plasma cells)
1819,SPCS31,0.0,0.799073815,0.531,0.349,0.0,cluster 8 (Plasma cells)
1820,TNFRSF171,0.0,0.782943138,0.402,0.229,0.0,cluster 8 (Plasma cells)
1821,LGALS11,0.0,0.694270754,0.639,0.404,0.0,cluster 8 (Plasma cells)
1822,MANF1,0.0,0.693587047,0.488,0.293,0.0,cluster 8 (Plasma cells)
1823,MALAT11,0.0,0.650140889,0.951,0.917,0.0,cluster 8 (Plasma cells)
1824,SRGN1,0.0,0.629992132,0.689,0.532,0.0,cluster 8 (Plasma cells)
1825,SEC61B1,0.0,0.595426621,0.661,0.529,0.0,cluster 8 (Plasma cells)
1826,GADD45B1,2.31685453770711e-306,1.499148312,0.433,0.277,1.5269693201666298e-301,cluster 8 (Plasma cells)
1827,DPP71,2.01063000400225e-304,1.047293887,0.472,0.315,1.32514591673776e-299,cluster 8 (Plasma cells)
1828,JCHAIN1,3.60074318715982e-303,1.612895615,0.559,0.424,2.37314181236142e-298,cluster 8 (Plasma cells)
1829,CD591,4.938084849887109e-299,0.790897789,0.309,0.17,3.2545435820151e-294,cluster 8 (Plasma cells)
1830,VIM1,8.03553802312065e-299,1.105892013,0.741,0.597,5.29598204489813e-294,cluster 8 (Plasma cells)
1831,TMEM2581,6.81531728289447e-296,0.418606356,0.642,0.506,4.49177116163726e-291,cluster 8 (Plasma cells)
1832,IGHG31,2.38037355382375e-294,2.120153381,0.476,0.328,1.56883279811862e-289,cluster 8 (Plasma cells)
1833,SLC3A21,5.37495553892246e-294,1.425107668,0.409,0.255,3.54247194703762e-289,cluster 8 (Plasma cells)
1834,TMED21,3.1356440078341897e-292,1.440729592,0.505,0.355,2.0666088962432798e-287,cluster 8 (Plasma cells)
1835,HLA-B1,1.61911457842871e-289,0.809375257,0.963,0.935,1.06710984520501e-284,cluster 8 (Plasma cells)
1836,ALG51,6.66250340934696e-289,1.124810729,0.35,0.206,4.3910561219983e-284,cluster 8 (Plasma cells)
1837,TENT5C1,1.06314524446177e-284,1.637335145,0.515,0.362,7.006871362674201e-280,cluster 8 (Plasma cells)
1838,PHPT11,2.53272307935938e-281,0.512772176,0.439,0.283,1.6692417999133798e-276,cluster 8 (Plasma cells)
1839,CACYBP1,2.68205929230895e-281,1.166120937,0.491,0.333,1.7676648177820598e-276,cluster 8 (Plasma cells)
1840,LRPAP11,1.00272622393959e-278,1.262302535,0.39,0.243,6.60866772411865e-274,cluster 8 (Plasma cells)
1841,SUB11,1.93633692895024e-278,0.354678846,0.737,0.619,1.27618157976323e-273,cluster 8 (Plasma cells)
1842,MGAT11,9.62789049211119e-278,1.598677681,0.341,0.199,6.345453786635719e-273,cluster 8 (Plasma cells)
1843,ACADVL1,4.8812489996498596e-275,1.359946431,0.353,0.21,3.21708477819923e-270,cluster 8 (Plasma cells)
1844,DNAJC31,1.5487983286378e-274,1.227737706,0.366,0.221,1.0207665144553101e-269,cluster 8 (Plasma cells)
1845,GMPPB1,6.57886559871792e-274,1.53033238,0.269,0.142,4.33593295014702e-269,cluster 8 (Plasma cells)
1846,RPN11,3.86365583885401e-271,1.517344067,0.418,0.271,2.54641965371351e-266,cluster 8 (Plasma cells)
1847,CCPG11,8.247159405288e-271,0.937187863,0.315,0.181,5.4354553492431596e-266,cluster 8 (Plasma cells)
1848,TPST21,2.88710830074603e-270,1.308005002,0.312,0.176,1.90280646777269e-265,cluster 8 (Plasma cells)
1849,GSTP11,6.95066187690382e-268,0.726179743,0.605,0.47,4.5809727232110004e-263,cluster 8 (Plasma cells)
1850,TAPBPL1,1.20722654523877e-262,1.546572679,0.277,0.152,7.956467991705149e-258,cluster 8 (Plasma cells)
1851,OS91,3.79911986451823e-261,1.493830871,0.382,0.242,2.50388592910803e-256,cluster 8 (Plasma cells)
1852,TMEM2051,1.64041966583027e-259,0.613759269,0.305,0.175,1.08115138915876e-254,cluster 8 (Plasma cells)
1853,TMEM2081,2.81942540588775e-257,0.944404533,0.403,0.261,1.85819870225844e-252,cluster 8 (Plasma cells)
1854,CHID11,3.99628249674913e-257,0.960647732,0.287,0.159,2.63382990513245e-252,cluster 8 (Plasma cells)
1855,CUTA1,1.23599359070459e-256,0.62973275,0.581,0.447,8.14606295825675e-252,cluster 8 (Plasma cells)
1856,NR4A1,1.3322030925985e-255,2.151635098,0.513,0.366,8.78015092238892e-251,cluster 8 (Plasma cells)
1857,ELL21,2.17617559555901e-254,1.24288693,0.383,0.238,1.43425204976508e-249,cluster 8 (Plasma cells)
1858,DYNLL11,3.6300417957832804e-254,0.284810638,0.674,0.534,2.39245164634688e-249,cluster 8 (Plasma cells)
1859,DDIT41,4.8783410791048204e-253,0.994623979,0.448,0.31,3.21516825500561e-248,cluster 8 (Plasma cells)
1860,LY961,1.12446998499299e-252,0.357285226,0.328,0.196,7.4110443300933e-248,cluster 8 (Plasma cells)
1861,BSG1,8.92984887333408e-252,1.089655403,0.452,0.309,5.885395496948299e-247,cluster 8 (Plasma cells)
1862,SERP11,1.16058677332474e-249,0.942088604,0.77,0.691,7.649079246951391e-245,cluster 8 (Plasma cells)
1863,PRDX21,1.23070152146699e-249,1.075381411,0.445,0.298,8.11118451753246e-245,cluster 8 (Plasma cells)
1864,DEDD2,1.57231562242748e-249,1.409688199,0.292,0.168,1.03626605727328e-244,cluster 8 (Plasma cells)
1865,FCRL51,8.7568886965284e-249,1.294644544,0.396,0.252,5.7714026332209695e-244,cluster 8 (Plasma cells)
1866,EIF51,2.4221336353020103e-247,0.774135645,0.637,0.499,1.5963556150185e-242,cluster 8 (Plasma cells)
1867,IER51,1.45503518863916e-242,1.685106187,0.315,0.192,9.589700417764139e-238,cluster 8 (Plasma cells)
1868,B2M1,1.65681834962171e-242,0.470064775,0.993,0.993,1.09195926968518e-237,cluster 8 (Plasma cells)
1869,ICAM21,1.99298710635857e-241,0.930593273,0.349,0.218,1.3135180121877401e-236,cluster 8 (Plasma cells)
1870,GLRX1,9.68049017496534e-241,0.995385175,0.407,0.264,6.380120659614411e-236,cluster 8 (Plasma cells)
1871,NANS1,1.59110915700932e-240,1.005366437,0.371,0.23,1.04865231211013e-235,cluster 8 (Plasma cells)
1872,H1-101,2.53509581318432e-240,0.885666372,0.362,0.225,1.6708055975953902e-235,cluster 8 (Plasma cells)
1873,SAT11,1.64950470395087e-239,0.9144417,0.735,0.623,1.0871390652329e-234,cluster 8 (Plasma cells)
1874,CD381,1.8103668889472202e-239,1.135805889,0.388,0.245,1.19315850549845e-234,cluster 8 (Plasma cells)
1875,CTSD1,1.1862437569391699e-237,1.287815767,0.29,0.168,7.81817672885902e-233,cluster 8 (Plasma cells)
1876,DUSP51,1.58667658670536e-237,1.204932498,0.325,0.204,1.0457309379998999e-232,cluster 8 (Plasma cells)
1877,CALU1,4.0031418117900005e-236,1.324483252,0.277,0.155,2.63835067389643e-231,cluster 8 (Plasma cells)
1878,ST6GALNAC41,1.18355377682154e-230,1.34893107,0.287,0.166,7.80044787689774e-226,cluster 8 (Plasma cells)
1879,SSR22,1.20482756111158e-230,0.477250031,0.656,0.548,7.94065700701812e-226,cluster 8 (Plasma cells)
1880,COPE1,3.7247388440840795e-230,1.184644457,0.572,0.44,2.45486362997049e-225,cluster 8 (Plasma cells)
1881,IFNAR21,1.74521467029203e-228,1.046914307,0.284,0.162,1.15021863274937e-223,cluster 8 (Plasma cells)
1882,DERL11,1.4634669723467398e-227,1.131944906,0.404,0.268,9.64527177464564e-223,cluster 8 (Plasma cells)
1883,MORF4L21,7.855126985180469e-227,1.035598814,0.372,0.237,5.17707854212289e-222,cluster 8 (Plasma cells)
1884,YIPF31,7.03526943025988e-224,1.321284448,0.329,0.204,4.6367350234013804e-219,cluster 8 (Plasma cells)
1885,CNPY21,1.2365069213203798e-221,0.697883188,0.332,0.207,8.14944616634623e-217,cluster 8 (Plasma cells)
1886,CALR1,2.48801597662852e-221,1.445215804,0.65,0.52,1.6397766897165598e-216,cluster 8 (Plasma cells)
1887,CD271,4.73927110259327e-221,0.998189843,0.474,0.337,3.1235114055861497e-216,cluster 8 (Plasma cells)
1888,ZBP11,5.12788646495336e-221,0.916208296,0.282,0.162,3.3796361324568095e-216,cluster 8 (Plasma cells)
1889,CDKN1A1,1.2964856531624e-220,1.231140096,0.398,0.264,8.544747994297419e-216,cluster 8 (Plasma cells)
1890,IGHG11,3.07229374999e-220,1.643391202,0.51,0.403,2.02485664180591e-215,cluster 8 (Plasma cells)
1891,CYBA1,2.52802018643103e-218,0.622923615,0.862,0.828,1.6661422642711e-213,cluster 8 (Plasma cells)
1892,SEC61G1,2.9544963108305396e-218,0.504909837,0.57,0.452,1.94721988357908e-213,cluster 8 (Plasma cells)
1893,MCL11,6.29474584904085e-217,0.748979308,0.606,0.473,4.14867814672735e-212,cluster 8 (Plasma cells)
1894,KRTCAP21,4.1644031269197e-216,0.510242396,0.464,0.34,2.74463316885897e-211,cluster 8 (Plasma cells)
1895,TMBIM61,4.5107279424474796e-216,0.760877597,0.699,0.6,2.97288546502886e-211,cluster 8 (Plasma cells)
1896,ADA21,1.59759300089477e-215,0.994935323,0.261,0.147,1.0529256190997201e-210,cluster 8 (Plasma cells)
1897,SLC38A21,5.8734913722838e-215,1.030503616,0.363,0.232,3.8710419587310804e-210,cluster 8 (Plasma cells)
1898,OSTC1,8.17549166810784e-215,1.001757011,0.47,0.338,5.38822129369984e-210,cluster 8 (Plasma cells)
1899,EIF11,1.4770641590930499e-213,0.589254696,0.943,0.93,9.73488675333459e-209,cluster 8 (Plasma cells)
1900,CFLAR1,3.9244256628414594e-213,1.007075775,0.454,0.314,2.5864712216089198e-208,cluster 8 (Plasma cells)
1901,IGKC1,5.0621806321902196e-213,1.277928974,0.728,0.67,3.3363313892576097e-208,cluster 8 (Plasma cells)
1902,UQCRQ1,3.3334637844374e-212,0.403541389,0.545,0.412,2.1969859764091498e-207,cluster 8 (Plasma cells)
1903,SDF41,9.14144565361245e-212,1.296602582,0.344,0.218,6.02485258692635e-207,cluster 8 (Plasma cells)
1904,RGCC1,2.5669284684978703e-211,1.113059097,0.371,0.237,1.69178554573289e-206,cluster 8 (Plasma cells)
1905,PDXK1,4.58507199387033e-210,0.742273017,0.288,0.171,3.02188339900012e-205,cluster 8 (Plasma cells)
1906,RGS22,5.600587001318259e-209,1.112500988,0.453,0.321,3.69117887495883e-204,cluster 8 (Plasma cells)
1907,SRM1,4.60774936861781e-208,1.225022886,0.367,0.24,3.03682937637494e-203,cluster 8 (Plasma cells)
1908,ICAM31,5.34716231095234e-208,0.981474319,0.504,0.384,3.52415426427936e-203,cluster 8 (Plasma cells)
1909,TOR3A1,2.0518546365837e-205,1.624746861,0.345,0.223,1.35231583533322e-200,cluster 8 (Plasma cells)
1910,IGHA11,2.7559006372891998e-205,1.466006531,0.544,0.419,1.81633143301819e-200,cluster 8 (Plasma cells)
1911,DNAJB111,2.88217088281841e-205,1.176858717,0.343,0.216,1.89955236373913e-200,cluster 8 (Plasma cells)
1912,SLC35B11,6.93776493577422e-204,0.831677952,0.268,0.155,4.57247273622072e-199,cluster 8 (Plasma cells)
1913,REEP51,5.88820850517482e-202,0.876624559,0.516,0.393,3.88074157950557e-197,cluster 8 (Plasma cells)
1914,S100A61,8.152893546968231e-201,0.262387101,0.59,0.469,5.37332755000035e-196,cluster 8 (Plasma cells)
1915,DAD11,2.5396881890149502e-200,0.552623387,0.544,0.426,1.6738322947340799e-195,cluster 8 (Plasma cells)
1916,DSTN1,7.63302069823871e-200,1.064510066,0.346,0.221,5.0306949515881795e-195,cluster 8 (Plasma cells)
1917,ATRAID1,3.9310892015341703e-199,0.955722827,0.413,0.288,2.5908629600551202e-194,cluster 8 (Plasma cells)
1918,TMEM1471,1.44203568828526e-197,0.743510454,0.384,0.26,9.50402461078167e-193,cluster 8 (Plasma cells)
1919,TMED41,3.4704093832770403e-197,0.901146813,0.375,0.251,2.2872427122363998e-192,cluster 8 (Plasma cells)
1920,PRDX11,6.09811006758396e-197,0.756206724,0.658,0.53,4.01908140224256e-192,cluster 8 (Plasma cells)
1921,DDOST1,9.81935053363855e-197,1.608837526,0.404,0.277,6.4716393562051595e-192,cluster 8 (Plasma cells)
1922,UBE2J11,1.73211871849115e-194,1.353332172,0.553,0.412,1.14158748379597e-189,cluster 8 (Plasma cells)
1923,B4GALT31,2.33870315411431e-194,1.3247539,0.263,0.155,1.54136908778212e-189,cluster 8 (Plasma cells)
1924,NDUFS81,9.63942849422816e-191,0.735817086,0.393,0.266,6.35305813769095e-186,cluster 8 (Plasma cells)
1925,TYMP2,1.7813930777425e-190,0.716331225,0.454,0.324,1.1740627357477499e-185,cluster 8 (Plasma cells)
1926,TNFAIP31,5.93291534109533e-190,1.375375566,0.27,0.162,3.9102065138557e-185,cluster 8 (Plasma cells)
1927,ADI11,6.70882883949564e-190,1.120446914,0.292,0.179,4.4215878232463897e-185,cluster 8 (Plasma cells)
1928,NDUFB111,6.91424087063318e-189,0.386381897,0.61,0.496,4.55696873060821e-184,cluster 8 (Plasma cells)
1929,ARMCX31,1.0610679344201601e-188,1.495200659,0.336,0.217,6.99318043538296e-184,cluster 8 (Plasma cells)
1930,PLP21,1.2614458792313e-188,0.831648561,0.488,0.359,8.31381135624972e-184,cluster 8 (Plasma cells)
1931,MLEC1,2.13443641059864e-188,0.753438346,0.325,0.204,1.40674300513325e-183,cluster 8 (Plasma cells)
1932,EDF11,2.7181787717760904e-188,0.404989274,0.691,0.592,1.7914700831144701e-183,cluster 8 (Plasma cells)
1933,CLPTM1L1,7.784574887813109e-187,1.222227639,0.278,0.166,5.1305797713109905e-182,cluster 8 (Plasma cells)
1934,SPATS21,3.0374236902154696e-185,1.153085432,0.324,0.203,2.00187483151031e-180,cluster 8 (Plasma cells)
1935,CISD21,7.91734669549317e-184,0.948533499,0.355,0.233,5.2180856865986794e-179,cluster 8 (Plasma cells)
1936,AKR1A11,3.4170277647197603e-181,1.091948548,0.421,0.299,2.2520604888938497e-176,cluster 8 (Plasma cells)
1937,SEC621,3.54077427179632e-181,0.596871981,0.653,0.556,2.3336180993128e-176,cluster 8 (Plasma cells)
1938,OST41,6.413637305534901e-181,0.349218613,0.745,0.667,4.22703593895889e-176,cluster 8 (Plasma cells)
1939,SAR1B1,4.72740459120767e-180,0.966393413,0.313,0.2,3.11569054392724e-175,cluster 8 (Plasma cells)
1940,FBXW71,1.7535737104322998e-178,1.091856461,0.279,0.17,1.1557278253346201e-173,cluster 8 (Plasma cells)
1941,SURF41,2.4969635708407e-178,0.918165322,0.284,0.175,1.6456737806339803e-173,cluster 8 (Plasma cells)
1942,GRN1,5.12779377094161e-178,1.280681138,0.394,0.276,3.37957504061449e-173,cluster 8 (Plasma cells)
1943,KLF131,1.82092514590098e-177,0.503246344,0.31,0.197,1.20011713590896e-172,cluster 8 (Plasma cells)
1944,FKBP4,5.75125220555703e-177,1.020283494,0.287,0.18,3.79047779111647e-172,cluster 8 (Plasma cells)
1945,SAT21,7.384449791921199e-177,0.510786663,0.315,0.203,4.8668693243615104e-172,cluster 8 (Plasma cells)
1946,ALKBH71,1.02369677666183e-175,0.775426407,0.391,0.272,6.74687834594511e-171,cluster 8 (Plasma cells)
1947,ARFGAP31,2.02899277131159e-175,0.804776656,0.276,0.169,1.33724826578833e-170,cluster 8 (Plasma cells)
1948,IGHG41,3.84836401087323e-175,1.819008743,0.354,0.241,2.53634126864622e-170,cluster 8 (Plasma cells)
1949,RGS11,1.43365413328954e-174,1.89884751,0.55,0.428,9.44878429627136e-170,cluster 8 (Plasma cells)
1950,SRPRA1,3.0161608142505098e-174,1.009810332,0.39,0.271,1.98786110784808e-169,cluster 8 (Plasma cells)
1951,UFM11,1.2369049956099e-173,0.826519565,0.433,0.311,8.152069754566191e-169,cluster 8 (Plasma cells)
1952,RAB1A1,1.7332313311042703e-173,1.30688834,0.336,0.221,1.14232077339089e-168,cluster 8 (Plasma cells)
1953,GUK11,3.84452812108314e-172,0.930151271,0.571,0.459,2.5338131487622602e-167,cluster 8 (Plasma cells)
1954,TSC22D31,1.86022440928038e-171,1.442291715,0.796,0.74,1.22601810142442e-166,cluster 8 (Plasma cells)
1955,PDIA31,4.20950804111774e-169,1.400447119,0.516,0.397,2.77436046465947e-164,cluster 8 (Plasma cells)
1956,IDH21,1.5634910647458699e-168,1.386471939,0.351,0.235,1.03045005604206e-163,cluster 8 (Plasma cells)
1957,RPL36AL1,4.8850313975557604e-167,0.28307489,0.813,0.769,3.21957764318707e-162,cluster 8 (Plasma cells)
1958,BST21,1.78095328748021e-162,1.099710456,0.532,0.413,1.17377288317958e-157,cluster 8 (Plasma cells)
1959,RTN31,2.78986900573261e-162,1.028642528,0.25,0.151,1.83871896560819e-157,cluster 8 (Plasma cells)
1960,NDUFB71,1.0597456787453301e-161,0.692397084,0.454,0.337,6.98446584490687e-157,cluster 8 (Plasma cells)
1961,MRPL18,7.62997049338803e-161,0.512114341,0.389,0.276,5.02868465307725e-156,cluster 8 (Plasma cells)
1962,SEC131,7.136036189156209e-160,1.392795184,0.327,0.218,4.70314737118718e-155,cluster 8 (Plasma cells)
1963,EMP31,1.47542501903663e-156,0.413899852,0.588,0.473,9.7240836729647e-152,cluster 8 (Plasma cells)
1964,CDK2AP21,2.53232891468352e-156,1.092911387,0.399,0.282,1.66898201780047e-151,cluster 8 (Plasma cells)
1965,ZBTB381,1.94955897514255e-152,0.85751036,0.33,0.219,1.2848958337472e-147,cluster 8 (Plasma cells)
1966,PRDX51,3.24091855044232e-152,0.597678848,0.517,0.412,2.13599218904002e-147,cluster 8 (Plasma cells)
1967,IFI61,1.52882934108376e-151,1.06434356,0.329,0.223,1.00760555382807e-146,cluster 8 (Plasma cells)
1968,SSR11,1.59481927789076e-150,1.371077862,0.389,0.276,1.05109754147947e-145,cluster 8 (Plasma cells)
1969,DHRS71,3.76212781671192e-150,0.648385406,0.327,0.222,2.4795055801603203e-145,cluster 8 (Plasma cells)
1970,PSENEN1,5.19887546317914e-150,0.341850828,0.286,0.186,3.42642285151748e-145,cluster 8 (Plasma cells)
1971,GORASP21,1.61868501044614e-149,1.542342506,0.301,0.198,1.06682672983474e-144,cluster 8 (Plasma cells)
1972,H3-3B2,2.92779709090929e-149,0.655229642,0.902,0.863,1.92962322870559e-144,cluster 8 (Plasma cells)
1973,ZFP361,1.80203004840932e-148,0.976282583,0.676,0.583,1.18766394400513e-143,cluster 8 (Plasma cells)
1974,KLF61,9.51297826032403e-145,1.274242709,0.643,0.571,6.26971858203176e-140,cluster 8 (Plasma cells)
1975,SOCS31,4.03607965186215e-144,1.61334948,0.289,0.192,2.66005901615279e-139,cluster 8 (Plasma cells)
1976,UBXN41,2.39951658527608e-143,0.631473041,0.502,0.387,1.58144939585791e-138,cluster 8 (Plasma cells)
1977,ATP6V0B1,2.31961074876575e-142,0.780561664,0.5,0.392,1.52878585618904e-137,cluster 8 (Plasma cells)
1978,LRRC591,4.70095799861323e-142,0.964730564,0.311,0.21,3.0982603881460197e-137,cluster 8 (Plasma cells)
1979,ERGIC21,1.08102150339386e-141,1.259113165,0.344,0.241,7.12468842241794e-137,cluster 8 (Plasma cells)
1980,LGALS31,3.5898762805092e-140,0.685517436,0.261,0.164,2.3659797601951998e-135,cluster 8 (Plasma cells)
1981,RPS27L1,3.94009251715205e-140,0.390553704,0.547,0.446,2.5967967752794e-135,cluster 8 (Plasma cells)
1982,AURKAIP11,4.36216626907742e-139,0.553830472,0.447,0.338,2.87497292296086e-134,cluster 8 (Plasma cells)
1983,AKAP91,1.23237953756157e-137,0.830321932,0.433,0.322,8.12224381820705e-133,cluster 8 (Plasma cells)
1984,PTGES31,1.9707009569122099e-137,1.053921249,0.61,0.505,1.2988298796721301e-132,cluster 8 (Plasma cells)
1985,MESD1,5.82590300070961e-137,0.587822506,0.313,0.211,3.8396778906776805e-132,cluster 8 (Plasma cells)
1986,CANX1,3.4065943513513596e-135,1.315799447,0.407,0.298,2.24518413914514e-130,cluster 8 (Plasma cells)
1987,GNL31,5.2710723083585495e-135,1.034748231,0.32,0.217,3.47400562626987e-130,cluster 8 (Plasma cells)
1988,MGST31,1.1499651866594599e-134,0.389381999,0.302,0.206,7.57907555571648e-130,cluster 8 (Plasma cells)
1989,COX5A1,1.2018188303325898e-134,0.548080914,0.525,0.417,7.92082736507302e-130,cluster 8 (Plasma cells)
1990,GOLGB11,3.48738007112742e-133,1.260466224,0.311,0.211,2.2984275834779499e-128,cluster 8 (Plasma cells)
1991,JTB1,6.5643001417457805e-133,0.660702529,0.548,0.452,4.3263332944203897e-128,cluster 8 (Plasma cells)
1992,NAXE1,3.23787668227755e-132,0.80472717,0.3,0.204,2.1339873849886598e-127,cluster 8 (Plasma cells)
1993,FIS11,9.50595270409041e-132,0.696904824,0.404,0.302,6.26508824868487e-127,cluster 8 (Plasma cells)
1994,TMEM14C1,1.32046526521497e-131,0.532045552,0.283,0.188,8.70279042345232e-127,cluster 8 (Plasma cells)
1995,AUP11,2.03099190283735e-131,1.026896612,0.437,0.331,1.3385658334030099e-126,cluster 8 (Plasma cells)
1996,NDUFB41,3.55971659029241e-130,0.428246946,0.499,0.392,2.34610241316402e-125,cluster 8 (Plasma cells)
1997,SEC631,4.17737092941955e-130,1.200980163,0.28,0.185,2.75317985845255e-125,cluster 8 (Plasma cells)
1998,CCNL11,6.2603958364443e-130,1.186720298,0.507,0.399,4.1260390839253397e-125,cluster 8 (Plasma cells)
1999,PSMB51,4.99398975387435e-129,0.967892298,0.277,0.184,3.29138882708597e-124,cluster 8 (Plasma cells)
2000,TFG1,8.099635913915919e-129,0.975022336,0.263,0.172,5.33822704178457e-124,cluster 8 (Plasma cells)
2001,NUDT221,9.195634557598289e-129,0.796245687,0.277,0.184,6.06056686787631e-124,cluster 8 (Plasma cells)
2002,COMMD31,1.5128812064832398e-128,0.717712834,0.268,0.176,9.97094616756909e-124,cluster 8 (Plasma cells)
2003,NDUFA111,1.67556882417803e-128,0.414129198,0.422,0.321,1.10431714495101e-123,cluster 8 (Plasma cells)
2004,NDFIP11,5.733042834585069e-128,0.53281909,0.315,0.218,3.7784765409899796e-123,cluster 8 (Plasma cells)
2005,PPP1R101,9.68268940129716e-127,0.966194577,0.312,0.216,6.381570103712919e-122,cluster 8 (Plasma cells)
2006,HAX11,9.91401394289098e-127,0.860792902,0.423,0.322,6.53402916934116e-122,cluster 8 (Plasma cells)
2007,ZNF7061,2.3110046601374697e-126,0.592360322,0.537,0.44,1.5231138413568001e-121,cluster 8 (Plasma cells)
2008,IFNAR11,1.29282861828208e-125,0.615191053,0.292,0.198,8.520645574511681e-121,cluster 8 (Plasma cells)
2009,REX1BD1,1.6094190153102299e-124,0.471472398,0.378,0.278,1.06071979042051e-119,cluster 8 (Plasma cells)
2010,ARL11,2.6508155232016e-124,0.749197776,0.252,0.165,1.74707298687648e-119,cluster 8 (Plasma cells)
2011,CLK12,2.7194691755934498e-124,1.207107034,0.436,0.331,1.79232054955838e-119,cluster 8 (Plasma cells)
2012,YIF1A1,7.34305401249548e-124,1.000436059,0.288,0.196,4.8395866080154e-119,cluster 8 (Plasma cells)
2013,MRPL401,1.1052010738580799e-122,0.509549351,0.269,0.178,7.28404871747645e-118,cluster 8 (Plasma cells)
2014,NME11,2.4026356896936797e-122,0.78327805,0.263,0.173,1.58350510400641e-117,cluster 8 (Plasma cells)
2015,DERL21,6.12125886428898e-122,0.902382257,0.284,0.193,4.0343380796869405e-117,cluster 8 (Plasma cells)
2016,SURF11,2.32156268898503e-120,1.208082438,0.275,0.186,1.53007232142937e-115,cluster 8 (Plasma cells)
2017,TPD521,2.9827109596083802e-120,1.067917878,0.485,0.386,1.9658153121490901e-115,cluster 8 (Plasma cells)
2018,SRP541,9.4371202794436e-120,0.910004974,0.295,0.202,6.21972286257289e-115,cluster 8 (Plasma cells)
2019,LMO41,1.02682308555604e-118,0.551459789,0.309,0.213,6.767482909974209e-114,cluster 8 (Plasma cells)
2020,PQBP11,1.1990126027326002e-118,0.843290904,0.31,0.217,7.90233236082973e-114,cluster 8 (Plasma cells)
2021,MARCKS1,3.4931046729173e-117,0.873172534,0.309,0.216,2.30220049677961e-112,cluster 8 (Plasma cells)
2022,NME31,1.5924376109734198e-116,0.652766193,0.254,0.168,1.04952785626425e-111,cluster 8 (Plasma cells)
2023,ATOX11,1.38406176796451e-115,0.368711391,0.338,0.241,9.1219358941237e-111,cluster 8 (Plasma cells)
2024,RAB2A1,3.36591507134234e-115,0.564207018,0.38,0.281,2.21837364606959e-110,cluster 8 (Plasma cells)
2025,MTDH1,1.1405346562203e-114,1.018579478,0.589,0.487,7.516921758751131e-110,cluster 8 (Plasma cells)
2026,ARF12,1.96252115022904e-114,1.016805065,0.561,0.47,1.29343881448145e-109,cluster 8 (Plasma cells)
2027,KRT101,2.2089900524645e-114,0.455976345,0.529,0.44,1.45587907387778e-109,cluster 8 (Plasma cells)
2028,DNAJC41,3.0467280571553598e-114,0.940731022,0.329,0.238,2.00800706062938e-109,cluster 8 (Plasma cells)
2029,ISCU2,1.50972444779309e-113,0.321788988,0.521,0.425,9.95014091806995e-109,cluster 8 (Plasma cells)
2030,OAZ11,5.79725066916233e-113,0.403874119,0.877,0.848,3.82079399852482e-108,cluster 8 (Plasma cells)
2031,PABPC41,7.162263566465021e-113,0.420244112,0.359,0.264,4.7204330487501e-108,cluster 8 (Plasma cells)
2032,EMC71,7.455142221063111e-113,0.867420309,0.306,0.216,4.91346058363607e-108,cluster 8 (Plasma cells)
2033,MT-ND21,3.66247367001328e-112,0.403783161,0.896,0.868,2.4138265216956598e-107,cluster 8 (Plasma cells)
2034,ITM2B1,2.02008004695813e-111,0.904662333,0.564,0.484,1.3313741565487e-106,cluster 8 (Plasma cells)
2035,CYCS1,2.5473418230297902e-110,0.723355468,0.547,0.451,1.67887657530424e-105,cluster 8 (Plasma cells)
2036,MTHFD21,1.56443872395353e-109,1.15194653,0.273,0.183,1.03107462979606e-104,cluster 8 (Plasma cells)
2037,NDUFB102,2.43651255677567e-109,0.372888885,0.438,0.34,1.6058323307941402e-104,cluster 8 (Plasma cells)
2038,GAPDH1,5.18415333899128e-109,0.873758622,0.83,0.753,3.4167199411289903e-104,cluster 8 (Plasma cells)
2039,DPM31,6.12003219233288e-109,0.27312654,0.251,0.168,4.03352961700083e-104,cluster 8 (Plasma cells)
2040,PPA11,5.4866381292497096e-108,0.929070519,0.394,0.296,3.61607859184461e-103,cluster 8 (Plasma cells)
2041,TMEM2191,1.31218875198945e-107,0.744182314,0.349,0.258,8.64824240773684e-103,cluster 8 (Plasma cells)
2042,EIF4A21,1.26214466301155e-106,0.52257802,0.677,0.593,8.31841683051025e-102,cluster 8 (Plasma cells)
2043,TCF251,2.83634356524473e-106,0.827360108,0.478,0.381,1.86934895354584e-101,cluster 8 (Plasma cells)
2044,NFKBIZ1,6.01284414810792e-106,0.703511122,0.252,0.171,3.96288519269348e-101,cluster 8 (Plasma cells)
2045,IGLC21,7.42445618622097e-105,1.451571392,0.438,0.356,4.89323633865266e-100,cluster 8 (Plasma cells)
2046,IRF11,2.4598805067265e-104,1.232800537,0.464,0.376,1.62123344556823e-99,cluster 8 (Plasma cells)
2047,DNAJB6,2.98242610648207e-104,0.75063569,0.453,0.368,1.96562757399914e-99,cluster 8 (Plasma cells)
2048,NDUFC21,3.07097814222571e-104,0.392676027,0.323,0.236,2.0239895641967002e-99,cluster 8 (Plasma cells)
2049,ANXA21,8.64742112906207e-103,0.668161009,0.352,0.256,5.69925584353094e-98,cluster 8 (Plasma cells)
2050,ZNHIT11,2.04946743845209e-102,0.438941366,0.351,0.26,1.3507425046606202e-97,cluster 8 (Plasma cells)
2051,IFI351,2.07531388334502e-102,0.922515692,0.277,0.194,1.3677771210962e-97,cluster 8 (Plasma cells)
2052,JUNB2,7.55102458164262e-102,1.474866275,0.759,0.682,4.9766537710232e-97,cluster 8 (Plasma cells)
2053,TPT11,1.0605141788474799e-101,0.580173229,0.974,0.977,6.989530798530091e-97,cluster 8 (Plasma cells)
2054,TMED51,1.23184384734515e-101,0.681261503,0.326,0.236,8.1187132446977e-97,cluster 8 (Plasma cells)
2055,RPS6KB21,2.79071820645137e-101,1.057986587,0.253,0.173,1.8392786483259e-96,cluster 8 (Plasma cells)
2056,PSME21,3.3844477163342497e-101,0.715700895,0.544,0.456,2.23058795640442e-96,cluster 8 (Plasma cells)
2057,SEC14L11,6.18364848721109e-101,1.195190778,0.348,0.25,4.07545720846621e-96,cluster 8 (Plasma cells)
2058,HINT21,1.87351654526688e-100,0.434311675,0.25,0.17,1.23477854948904e-95,cluster 8 (Plasma cells)
2059,GADD45GIP11,3.07367826983668e-100,0.511319969,0.423,0.328,2.02576913730126e-95,cluster 8 (Plasma cells)
2060,ANXA51,3.71104138541519e-100,0.90257279,0.357,0.263,2.44583604588559e-95,cluster 8 (Plasma cells)
2061,ATP5MC11,5.91764899200994e-100,0.260929836,0.414,0.322,3.90014492116399e-95,cluster 8 (Plasma cells)
2062,SBDS1,6.76282742462771e-100,0.794446537,0.335,0.247,4.4571766707493803e-95,cluster 8 (Plasma cells)
2063,ATP5F1A1,1.75306319061894e-98,1.43472522,0.481,0.388,1.15539135704122e-93,cluster 8 (Plasma cells)
2064,IGHG21,2.4609243089300503e-98,1.309685956,0.253,0.175,1.62192138428653e-93,cluster 8 (Plasma cells)
2065,PCMTD11,2.9676293526548505e-98,0.920354076,0.29,0.206,1.95587547745423e-93,cluster 8 (Plasma cells)
2066,RPS19BP12,9.08563398763601e-98,0.363149207,0.395,0.304,5.98806879223126e-93,cluster 8 (Plasma cells)
2067,TUFM1,7.74682005468585e-97,0.698148081,0.422,0.33,5.1056966934418e-92,cluster 8 (Plasma cells)
2068,ANAPC111,1.86534795859124e-96,0.302962078,0.415,0.322,1.22939487906873e-91,cluster 8 (Plasma cells)
2069,AHNAK1,4.6749468174215295e-96,0.532203599,0.293,0.211,3.0811171989580103e-91,cluster 8 (Plasma cells)
2070,TMEM2302,7.68404418729823e-96,0.584502089,0.395,0.308,5.064323002522651e-91,cluster 8 (Plasma cells)
2071,AHSA11,2.04063293413722e-95,0.953098672,0.347,0.258,1.34491994790181e-90,cluster 8 (Plasma cells)
2072,NUDT41,5.62793067167987e-94,0.594031495,0.28,0.2,3.70920026778405e-89,cluster 8 (Plasma cells)
2073,IRF31,6.59466833203282e-94,0.725388702,0.273,0.192,4.34634805759287e-89,cluster 8 (Plasma cells)
2074,ISG201,6.730704711607701e-94,0.780293652,0.67,0.614,4.43600555427929e-89,cluster 8 (Plasma cells)
2075,SELK1,9.29344607945994e-93,0.60676559,0.26,0.187,6.12503150758966e-88,cluster 8 (Plasma cells)
2076,XIST1,1.1841169228468299e-92,0.911846818,0.265,0.19,7.80415940340662e-88,cluster 8 (Plasma cells)
2077,RNF1811,1.5688894266021297e-92,0.346407623,0.37,0.285,1.03400795439067e-87,cluster 8 (Plasma cells)
2078,BTN3A21,1.6682383451862597e-92,0.809887931,0.268,0.189,1.09948584616191e-87,cluster 8 (Plasma cells)
2079,COPZ11,3.4169359282814005e-92,0.870815399,0.344,0.261,2.25199996225242e-87,cluster 8 (Plasma cells)
2080,CIRBP1,5.1887180659090394e-92,0.840334693,0.713,0.659,3.41972841569867e-87,cluster 8 (Plasma cells)
2081,IER3IP11,5.760088241849619e-92,0.3160504,0.269,0.19,3.79630135755583e-87,cluster 8 (Plasma cells)
2082,TP53INP11,1.28466403538584e-90,0.845197116,0.276,0.195,8.46683525801743e-86,cluster 8 (Plasma cells)
2083,ATP5F1B1,1.5309146143371e-90,1.009035519,0.508,0.413,1.00897989487115e-85,cluster 8 (Plasma cells)
2084,SARS11,2.63916188220519e-90,1.148231933,0.274,0.196,1.7393924217049702e-85,cluster 8 (Plasma cells)
2085,MRPL551,3.32675364022278e-90,0.515885881,0.263,0.185,2.1925635216616302e-85,cluster 8 (Plasma cells)
2086,NUDC1,2.28067716945481e-89,0.986494142,0.361,0.275,1.50312590207258e-84,cluster 8 (Plasma cells)
2087,MYL61,5.72908097368464e-89,0.572824599,0.789,0.746,3.77586539732634e-84,cluster 8 (Plasma cells)
2088,SOD1,1.91239851854928e-87,0.416037394,0.555,0.473,1.2604044916202699e-82,cluster 8 (Plasma cells)
2089,MTIF31,2.13220793601039e-87,0.452115987,0.273,0.195,1.40527428438637e-82,cluster 8 (Plasma cells)
2090,VCP1,3.33771397064202e-87,1.270563426,0.402,0.316,2.19978714663104e-82,cluster 8 (Plasma cells)
2091,BRD21,4.27974727237005e-87,0.886203684,0.473,0.383,2.82065303480093e-82,cluster 8 (Plasma cells)
2092,IFRD11,5.1598907168784e-87,0.788354334,0.287,0.21,3.4007291747730496e-82,cluster 8 (Plasma cells)
2093,MRPS61,8.52401277065537e-87,0.88541978,0.35,0.268,5.61792109675583e-82,cluster 8 (Plasma cells)
2094,C12orf571,7.567584120960861e-85,0.263887356,0.453,0.377,4.98756766660167e-80,cluster 8 (Plasma cells)
2095,MZT2B1,1.35297385885531e-83,0.652622637,0.515,0.435,8.91704481155767e-79,cluster 8 (Plasma cells)
2096,FGFR1OP21,2.02222264432712e-83,0.858006961,0.332,0.249,1.33278627819667e-78,cluster 8 (Plasma cells)
2097,ZNF5931,5.83136365119696e-82,0.595684812,0.266,0.19,3.843276841594379e-77,cluster 8 (Plasma cells)
2098,PSMD82,2.3047632187757297e-81,0.487684084,0.44,0.359,1.51900029459852e-76,cluster 8 (Plasma cells)
2099,LAP31,2.55734699703077e-81,1.374746249,0.263,0.189,1.68547068533307e-76,cluster 8 (Plasma cells)
2100,BUD231,2.89952955885777e-81,0.83519452,0.301,0.222,1.91099294635639e-76,cluster 8 (Plasma cells)
2101,CDK5RAP31,1.23579800294502e-80,0.932690833,0.268,0.193,8.14477389800975e-76,cluster 8 (Plasma cells)
2102,EEF1D1,2.67676128018337e-80,0.567777344,0.874,0.864,1.76417305693045e-75,cluster 8 (Plasma cells)
2103,TCP11,4.10138952105051e-80,0.427420365,0.37,0.287,2.70310279163876e-75,cluster 8 (Plasma cells)
2104,DUSP23,5.34191475178543e-80,1.185952608,0.359,0.28,3.52069575545922e-75,cluster 8 (Plasma cells)
2105,UFC11,1.03961440404737e-79,0.840662,0.443,0.362,6.85178665275501e-75,cluster 8 (Plasma cells)
2106,NDUFAF31,1.07789067712232e-79,0.405449235,0.368,0.289,7.10405408571007e-75,cluster 8 (Plasma cells)
2107,VOPP11,2.23728542403094e-79,0.64518331,0.421,0.336,1.47452770441607e-74,cluster 8 (Plasma cells)
2108,SH3GLB11,1.05764748772988e-78,0.925758295,0.321,0.243,6.97063729738135e-74,cluster 8 (Plasma cells)
2109,MRPS341,1.4894865224443298e-78,0.545399917,0.323,0.244,9.81675882347384e-74,cluster 8 (Plasma cells)
2110,ANTKMT1,1.90924964780765e-78,0.707970192,0.252,0.18,1.25832916538059e-73,cluster 8 (Plasma cells)
2111,FCGR2B1,4.9941307488609795e-78,0.486504486,0.28,0.206,3.2914817526518e-73,cluster 8 (Plasma cells)
2112,RHEB1,1.95818210881831e-77,0.474338991,0.337,0.256,1.29057908245888e-72,cluster 8 (Plasma cells)
2113,TPI11,3.117610541799e-77,0.804530303,0.527,0.436,2.05472357978347e-72,cluster 8 (Plasma cells)
2114,TUBB4B1,3.71320446255726e-77,0.990279977,0.407,0.324,2.44726166513761e-72,cluster 8 (Plasma cells)
2115,POU2AF11,1.59586529181157e-75,1.203354135,0.479,0.394,1.05178693787425e-70,cluster 8 (Plasma cells)
2116,TMEM167A1,6.46567942580016e-75,0.784497556,0.31,0.233,4.26133533916211e-70,cluster 8 (Plasma cells)
2117,SF3B51,1.6806049401862001e-74,0.610634616,0.42,0.339,1.10763629792852e-69,cluster 8 (Plasma cells)
2118,ARL6IP41,5.2908474346875305e-74,0.449721381,0.504,0.428,3.4870388187795097e-69,cluster 8 (Plasma cells)
2119,PSMB11,1.6180285873389902e-73,0.724165225,0.514,0.44,1.06639410105751e-68,cluster 8 (Plasma cells)
2120,MRPL201,5.911280657518681e-73,0.25482432,0.382,0.305,3.8959477429508304e-68,cluster 8 (Plasma cells)
2121,SLC25A391,3.15304720860112e-72,0.729349122,0.263,0.192,2.0780788237727402e-67,cluster 8 (Plasma cells)
2122,GYPC1,3.11091180763882e-71,0.30200707,0.463,0.392,2.05030864506052e-66,cluster 8 (Plasma cells)
2123,RALY1,3.25734769636634e-71,1.175904376,0.396,0.318,2.14682014624416e-66,cluster 8 (Plasma cells)
2124,EIF5B1,5.28677555253822e-71,0.43158321,0.404,0.321,3.48435516341136e-66,cluster 8 (Plasma cells)
2125,JUND1,7.373256807831739e-71,1.386227902,0.544,0.459,4.85949236433767e-66,cluster 8 (Plasma cells)
2126,TMEM179B1,1.85193543172537e-70,0.331305402,0.299,0.23,1.2205550849872401e-65,cluster 8 (Plasma cells)
2127,NOP581,2.6471913175680198e-70,1.094218401,0.343,0.264,1.74468438166955e-65,cluster 8 (Plasma cells)
2128,SLC25A61,3.2141213172056597e-70,0.808823282,0.766,0.722,2.11833093653073e-65,cluster 8 (Plasma cells)
2129,GTF3A1,8.52620631520961e-70,0.54886804,0.476,0.398,5.6193667961652e-65,cluster 8 (Plasma cells)
2130,H1-21,1.67240206211831e-69,0.603589136,0.27,0.201,1.10223002708032e-64,cluster 8 (Plasma cells)
2131,SAR1A1,3.1148155843440003e-69,0.872314796,0.256,0.187,2.0528815071736002e-64,cluster 8 (Plasma cells)
2132,SARAF2,4.04122995792408e-69,0.866302361,0.707,0.658,2.66345342836902e-64,cluster 8 (Plasma cells)
2133,SND11,5.26901599689907e-69,1.02664621,0.277,0.207,3.47265037307627e-64,cluster 8 (Plasma cells)
2134,EIF4A3,9.0250058985726e-69,0.945749474,0.287,0.217,5.94811063757224e-64,cluster 8 (Plasma cells)
2135,CCNC1,5.79450966543951e-68,0.749234544,0.254,0.187,3.81898748520122e-63,cluster 8 (Plasma cells)
2136,EMC41,6.4955320980145205e-68,0.673000725,0.32,0.248,4.28101033983843e-63,cluster 8 (Plasma cells)
2137,SRP721,2.77970160250076e-67,1.035193181,0.32,0.246,1.8320179351601798e-62,cluster 8 (Plasma cells)
2138,NDUFA131,5.31768868977619e-67,0.500446079,0.422,0.35,3.5047290847707897e-62,cluster 8 (Plasma cells)
2139,SYTL11,6.22848883203061e-67,0.877735369,0.282,0.214,4.10501013452642e-62,cluster 8 (Plasma cells)
2140,YWHAE1,9.981015777909171e-67,0.77444316,0.443,0.362,6.5781880687466e-62,cluster 8 (Plasma cells)
2141,DNPH11,1.10892983334204e-66,0.669561019,0.273,0.205,7.30862385260741e-62,cluster 8 (Plasma cells)
2142,IRF71,4.9547773665038e-66,1.450127208,0.342,0.269,3.26554511894166e-61,cluster 8 (Plasma cells)
2143,LDHA1,7.21643653995982e-66,1.365044633,0.455,0.376,4.7561368303913206e-61,cluster 8 (Plasma cells)
2144,CD441,2.27103117679733e-65,0.648694512,0.517,0.442,1.49676851769182e-60,cluster 8 (Plasma cells)
2145,ERP291,3.5561178460747803e-65,0.962938063,0.602,0.542,2.3437305888125e-60,cluster 8 (Plasma cells)
2146,AZIN11,6.8592428225810005e-65,0.751629867,0.276,0.206,4.5207211670784605e-60,cluster 8 (Plasma cells)
2147,MRPL511,2.8092922125941e-64,0.332512722,0.397,0.317,1.85152021855439e-59,cluster 8 (Plasma cells)
2148,OCIAD11,1.83890911048797e-63,0.766331645,0.359,0.288,1.2119698274493e-58,cluster 8 (Plasma cells)
2149,PSMB61,2.51109480709603e-63,0.547759779,0.41,0.339,1.65498725451278e-58,cluster 8 (Plasma cells)
2150,PRKCSH1,2.84572263584713e-63,0.33457457,0.264,0.199,1.8755304176077702e-58,cluster 8 (Plasma cells)
2151,GPX41,6.5660807542433e-63,0.465051242,0.541,0.467,4.32750684269913e-58,cluster 8 (Plasma cells)
2152,SELENOW1,2.6676264231668197e-62,0.304921922,0.299,0.229,1.7581525467165598e-57,cluster 8 (Plasma cells)
2153,CHCHD21,2.79254769880392e-62,0.39110864,0.709,0.657,1.8404844118506998e-57,cluster 8 (Plasma cells)
2154,FDPS1,5.04083497287188e-62,0.755277405,0.278,0.21,3.32226310557067e-57,cluster 8 (Plasma cells)
2155,LAPTM4A1,8.3809995753133e-62,0.857718612,0.396,0.329,5.52366539010174e-57,cluster 8 (Plasma cells)
2156,STUB11,2.4748590503154303e-61,0.835468622,0.311,0.245,1.6311053542913898e-56,cluster 8 (Plasma cells)
2157,MAP1LC3B1,4.65622683112316e-61,0.594063588,0.464,0.386,3.0687794175883396e-56,cluster 8 (Plasma cells)
2158,TMBIM41,5.9361333076866e-61,0.434685212,0.351,0.285,3.9123273790970097e-56,cluster 8 (Plasma cells)
2159,ADIPOR11,9.599836311908981e-61,1.04675743,0.289,0.222,6.3269641180898495e-56,cluster 8 (Plasma cells)
2160,GHITM1,1.10275384585846e-60,0.857577144,0.402,0.331,7.2679197718993795e-56,cluster 8 (Plasma cells)
2161,CHORDC11,2.6086258048850903e-60,0.252731447,0.299,0.231,1.7192670092256198e-55,cluster 8 (Plasma cells)
2162,ISG151,5.81562934518322e-60,0.847015487,0.349,0.28,3.8329068325299096e-55,cluster 8 (Plasma cells)
2163,CNBP1,5.8480018073291e-60,1.045558138,0.6,0.538,3.85424255115639e-55,cluster 8 (Plasma cells)
2164,FCRLA,1.14527312071662e-59,0.32899727,0.188,0.259,7.54815155670703e-55,cluster 8 (Plasma cells)
2165,PSME11,1.98962162134176e-59,0.583809658,0.668,0.615,1.31129992197771e-54,cluster 8 (Plasma cells)
2166,SRP192,3.27539135183313e-59,0.404357231,0.295,0.227,2.1587121782526602e-54,cluster 8 (Plasma cells)
2167,TM9SF21,6.10854546267312e-59,0.641174014,0.274,0.211,4.02595905808398e-54,cluster 8 (Plasma cells)
2168,BCAP311,7.42096270389767e-59,0.501431354,0.353,0.284,4.8909338892578404e-54,cluster 8 (Plasma cells)
2169,NDUFV11,1.7457940993073e-58,0.753590787,0.281,0.213,1.15060051703047e-53,cluster 8 (Plasma cells)
2170,SPINT21,2.86074636098864e-58,0.976374213,0.261,0.201,1.88543210413678e-53,cluster 8 (Plasma cells)
2171,ASAH11,3.08778795870917e-58,0.665020926,0.298,0.231,2.0350684099464501e-53,cluster 8 (Plasma cells)
2172,CPNE51,4.5662430156161704e-58,0.829427485,0.324,0.254,3.00947378430215e-53,cluster 8 (Plasma cells)
2173,TUBA4A1,5.49007781026254e-58,0.71355868,0.398,0.328,3.61834558240973e-53,cluster 8 (Plasma cells)
2174,GOLGA41,7.40600762686226e-58,0.962308686,0.312,0.245,4.88107744663611e-53,cluster 8 (Plasma cells)
2175,UBE2B1,5.686504159200939e-57,0.887978486,0.476,0.407,3.74780429620456e-52,cluster 8 (Plasma cells)
2176,CSTB1,1.0938346829972898e-56,0.329411049,0.446,0.375,7.20913624523022e-52,cluster 8 (Plasma cells)
2177,ZFAND51,1.4113794950244098e-56,0.971307034,0.31,0.244,9.3019788378574e-52,cluster 8 (Plasma cells)
2178,SMDT11,2.8659319185648197e-56,0.475252139,0.546,0.487,1.88884974956852e-51,cluster 8 (Plasma cells)
2179,STIP1,3.2101760347524696e-56,0.927829914,0.284,0.219,2.11573071922431e-51,cluster 8 (Plasma cells)
2180,ANKRD121,6.29283127898331e-56,0.373231001,0.53,0.452,4.14741631103953e-51,cluster 8 (Plasma cells)
2181,PNOC1,7.90373861935895e-56,0.487611918,0.259,0.197,5.2091170118608996e-51,cluster 8 (Plasma cells)
2182,PPP1R21,8.311537248459399e-56,0.891887876,0.395,0.331,5.47788485434214e-51,cluster 8 (Plasma cells)
2183,CTSS1,1.29634770856475e-55,1.038708844,0.511,0.453,8.54383884283773e-51,cluster 8 (Plasma cells)
2184,MYADM1,1.73895524260753e-55,1.502340702,0.269,0.209,1.14609323174534e-50,cluster 8 (Plasma cells)
2185,BCAS21,3.5580212013266696e-55,1.42465971,0.335,0.274,2.34498503315837e-50,cluster 8 (Plasma cells)
2186,VMP11,5.5058991440947496e-55,0.897172722,0.257,0.196,3.62877294889853e-50,cluster 8 (Plasma cells)
2187,POLR2K1,6.44655883476196e-55,0.449290338,0.35,0.282,4.24873353122657e-50,cluster 8 (Plasma cells)
2188,GPBP11,9.813364533259439e-55,1.046503016,0.434,0.366,6.4676941629353e-50,cluster 8 (Plasma cells)
2189,SEC31A1,7.77234127655117e-54,1.196899547,0.255,0.195,5.1225169651365794e-49,cluster 8 (Plasma cells)
2190,FAM3C1,1.99492847765448e-53,0.940787372,0.331,0.263,1.3147975117677399e-48,cluster 8 (Plasma cells)
2191,WDR83OS1,4.11132589759223e-53,0.384728052,0.449,0.385,2.7096515593261098e-48,cluster 8 (Plasma cells)
2192,IGLC31,4.66749613149496e-53,1.706873563,0.352,0.297,3.07620667538438e-48,cluster 8 (Plasma cells)
2193,USP481,7.30963811875504e-53,1.068045785,0.257,0.197,4.8175631949278896e-48,cluster 8 (Plasma cells)
2194,RWDD11,1.31620144647287e-52,0.280098382,0.374,0.304,8.67468887326876e-48,cluster 8 (Plasma cells)
2195,CHMP2A1,3.5687257550450705e-52,0.680652853,0.297,0.236,2.35204008337755e-47,cluster 8 (Plasma cells)
2196,BAG11,6.11060985317747e-52,0.603919721,0.262,0.202,4.02731963593367e-47,cluster 8 (Plasma cells)
2197,NDUFS71,7.605192935403471e-52,0.61013938,0.362,0.295,5.012354507936361e-47,cluster 8 (Plasma cells)
2198,SELENOK,1.47255124807437e-51,0.431772508,0.268,0.218,9.70514351068378e-47,cluster 8 (Plasma cells)
2199,TMEM1231,1.65461049750871e-51,0.341117843,0.242,0.306,1.0905041405930701e-46,cluster 8 (Plasma cells)
2200,EIF2A1,2.46361644118427e-51,1.046901709,0.305,0.242,1.62369568789132e-46,cluster 8 (Plasma cells)
2201,LDHB1,7.03905628352034e-51,0.696440143,0.495,0.42,4.63923082477975e-46,cluster 8 (Plasma cells)
2202,SYVN11,7.90885189315863e-51,0.826694161,0.283,0.219,5.21248701722406e-46,cluster 8 (Plasma cells)
2203,RBM391,8.05359511081188e-51,0.517899643,0.621,0.547,5.30788292968278e-46,cluster 8 (Plasma cells)
2204,RPLP01,8.94402677979453e-51,0.308416289,0.909,0.917,5.8947397297591804e-46,cluster 8 (Plasma cells)
2205,PSMD71,1.08383075493855e-50,0.556441543,0.318,0.255,7.14320335657348e-46,cluster 8 (Plasma cells)
2206,S100A41,1.41044165261047e-50,0.27686365,0.351,0.286,9.29579779985981e-46,cluster 8 (Plasma cells)
2207,TRABD1,2.38681720710395e-50,1.05489369,0.339,0.271,1.573079616686e-45,cluster 8 (Plasma cells)
2208,RPL31,3.00990169631538e-50,0.702865546,0.927,0.932,1.98373591099058e-45,cluster 8 (Plasma cells)
2209,CYTIP1,3.0605144538284996e-50,1.28853118,0.6,0.546,2.01709326108475e-45,cluster 8 (Plasma cells)
2210,TXNL4A1,3.15447107291686e-50,0.582422698,0.327,0.263,2.0790172500273102e-45,cluster 8 (Plasma cells)
2211,ATP5PO1,8.74672538065348e-50,0.47029949,0.383,0.318,5.76470429662729e-45,cluster 8 (Plasma cells)
2212,LY6E1,1.11995245521579e-49,0.715163003,0.407,0.34,7.38127064659071e-45,cluster 8 (Plasma cells)
2213,PSMC31,2.6161899190200197e-49,0.792742931,0.257,0.198,1.72425228992852e-44,cluster 8 (Plasma cells)
2214,TOP11,1.7468325812402e-48,0.390743459,0.372,0.302,1.15128494931798e-43,cluster 8 (Plasma cells)
2215,PEBP11,3.7570766469707e-48,0.68310488,0.47,0.406,2.4761765057189797e-43,cluster 8 (Plasma cells)
2216,TMCO11,1.5184970599329e-47,0.678520146,0.308,0.248,1.00079585728998e-42,cluster 8 (Plasma cells)
2217,ERP441,2.3505567587742403e-47,1.083704465,0.295,0.235,1.54918144300534e-42,cluster 8 (Plasma cells)
2218,DNAJC151,5.26272687282399e-47,0.270180703,0.366,0.304,3.4685054000721095e-42,cluster 8 (Plasma cells)
2219,EIF3J1,6.06321556651718e-47,0.264054033,0.291,0.231,3.9960834834244794e-42,cluster 8 (Plasma cells)
2220,SRSF21,1.0533724104085e-46,0.542142784,0.562,0.494,6.94246154527927e-42,cluster 8 (Plasma cells)
2221,CYC11,5.70352941829772e-46,0.886192396,0.293,0.232,3.75902513371748e-41,cluster 8 (Plasma cells)
2222,NAA101,7.142021579369331e-46,0.485795597,0.263,0.205,4.70709216231494e-41,cluster 8 (Plasma cells)
2223,FDX11,1.37615498296073e-45,0.613541074,0.258,0.201,9.06982464619931e-41,cluster 8 (Plasma cells)
2224,RAB301,1.8427876381127202e-45,1.484731272,0.3,0.242,1.21452604865095e-40,cluster 8 (Plasma cells)
2225,ECH11,2.30526273743248e-45,0.527186168,0.318,0.259,1.5193295123596199e-40,cluster 8 (Plasma cells)
2226,EPRS1,9.197386304189391e-45,0.780239103,0.25,0.194,6.0617213915021e-40,cluster 8 (Plasma cells)
2227,ACTR3,1.29038551757571e-44,0.369052162,0.382,0.438,8.5045438306862e-40,cluster 8 (Plasma cells)
2228,SRRM21,6.48925056644127e-44,0.698588485,0.471,0.405,4.27687037082445e-39,cluster 8 (Plasma cells)
2229,PARK71,7.03551242921055e-44,0.358003694,0.488,0.426,4.6368951767198e-39,cluster 8 (Plasma cells)
2230,CDKN1B1,3.29016781297823e-43,0.830454699,0.303,0.247,2.16845090049957e-38,cluster 8 (Plasma cells)
2231,CDV31,4.765877823921439e-43,1.220096975,0.343,0.28,3.1410470974119e-38,cluster 8 (Plasma cells)
2232,RNH11,7.763188882353549e-43,1.08194521,0.292,0.236,5.11648489669276e-38,cluster 8 (Plasma cells)
2233,MPG1,8.33544331178936e-43,0.713014611,0.292,0.236,5.49364062350101e-38,cluster 8 (Plasma cells)
2234,KLF21,1.98893104816502e-41,1.760782663,0.482,0.441,1.3108447859141199e-36,cluster 8 (Plasma cells)
2235,RNASET21,2.09478897996459e-41,0.616329875,0.518,0.472,1.3806125730252599e-36,cluster 8 (Plasma cells)
2236,SELT2,1.4844680471610098e-40,0.660261487,0.323,0.271,9.783683558424089e-36,cluster 8 (Plasma cells)
2237,TIMM17B1,1.5316709967248098e-40,0.867089828,0.26,0.207,1.00947840381142e-35,cluster 8 (Plasma cells)
2238,GNAS1,2.3972097813872498e-40,0.746605967,0.549,0.486,1.5799290506189e-35,cluster 8 (Plasma cells)
2239,PTPN21,2.5364554627081897e-40,0.629371383,0.286,0.232,1.67170170180708e-35,cluster 8 (Plasma cells)
2240,TAPBP1,3.953981200465519e-40,1.025016868,0.507,0.45,2.60595038979081e-35,cluster 8 (Plasma cells)
2241,NCF41,1.59383999793742e-39,0.703362622,0.288,0.234,1.05045212744061e-34,cluster 8 (Plasma cells)
2242,DDX52,1.91729670841516e-39,0.722774009,0.801,0.755,1.2636327416151798e-34,cluster 8 (Plasma cells)
2243,RPL101,2.60893616898633e-39,0.294558973,0.956,0.968,1.71947156089382e-34,cluster 8 (Plasma cells)
2244,PSMA32,3.09206379412298e-39,0.399438591,0.305,0.249,2.03788648479263e-34,cluster 8 (Plasma cells)
2245,EIF5A1,1.48975089079764e-38,1.046789971,0.438,0.381,9.81850119598001e-34,cluster 8 (Plasma cells)
2246,DCTN31,1.61124830766246e-38,0.46774386,0.264,0.21,1.0619254221311e-33,cluster 8 (Plasma cells)
2247,MRFAP12,4.09758317591728e-38,0.782378594,0.298,0.246,2.7005941437518e-33,cluster 8 (Plasma cells)
2248,RNASEH2C1,4.58794338114791e-38,0.287103638,0.322,0.267,3.02377584421315e-33,cluster 8 (Plasma cells)
2249,RAB11B1,5.54114103240258e-38,0.733416705,0.253,0.203,3.6519998202255695e-33,cluster 8 (Plasma cells)
2250,RAB5IF1,5.93771338241146e-38,0.372279037,0.273,0.221,3.9133687589459196e-33,cluster 8 (Plasma cells)
2251,TSPAN31,3.88662987956061e-37,0.741475935,0.265,0.216,2.56156115472201e-32,cluster 8 (Plasma cells)
2252,TMEM1341,4.26747283327435e-37,0.516492372,0.26,0.21,2.81256332022612e-32,cluster 8 (Plasma cells)
2253,YPEL51,5.33900385657255e-37,0.581008825,0.547,0.502,3.51877727175127e-32,cluster 8 (Plasma cells)
2254,HSH2D1,7.1104776666656504e-37,1.159029533,0.312,0.257,4.68630251576933e-32,cluster 8 (Plasma cells)
2255,PSMB71,2.1253675331487302e-35,0.556537965,0.283,0.232,1.40076598007233e-30,cluster 8 (Plasma cells)
2256,NOL71,3.8053918979199603e-35,0.40604665,0.364,0.308,2.5080196381621097e-30,cluster 8 (Plasma cells)
2257,IL2RG1,4.887503688673661e-35,0.549310608,0.388,0.337,3.22120705609415e-30,cluster 8 (Plasma cells)
2258,SEC11A1,5.015879537028641e-35,0.281889591,0.364,0.311,3.3058157264694695e-30,cluster 8 (Plasma cells)
2259,METTL91,6.188997398369611e-35,0.932361845,0.271,0.222,4.0789825153434594e-30,cluster 8 (Plasma cells)
2260,TMEM50A1,9.42319369838048e-35,0.407109468,0.355,0.301,6.2105442707916195e-30,cluster 8 (Plasma cells)
2261,PSMA21,1.42328538331467e-34,0.504908404,0.284,0.234,9.38044697581202e-30,cluster 8 (Plasma cells)
2262,POLR2J1,4.69898298071126e-34,0.306314403,0.313,0.259,3.09695871309737e-29,cluster 8 (Plasma cells)
2263,GNG71,6.32220384560483e-34,0.459744387,0.34,0.291,4.16677488852278e-29,cluster 8 (Plasma cells)
2264,CHD21,6.53803406368961e-34,0.659889761,0.281,0.231,4.30902211035591e-29,cluster 8 (Plasma cells)
2265,TXNIP1,9.4963118151049e-34,0.964840655,0.599,0.552,6.258734227981189e-29,cluster 8 (Plasma cells)
2266,TRA2B,4.59066296227488e-33,0.710284678,0.435,0.377,3.0255682385465096e-28,cluster 8 (Plasma cells)
2267,ATP5MJ1,7.40254313538144e-33,0.322365128,0.473,0.422,4.87879410423585e-28,cluster 8 (Plasma cells)
2268,STOML21,1.64933194635501e-32,0.643785717,0.252,0.203,1.08702520588419e-27,cluster 8 (Plasma cells)
2269,PPP2R5C1,2.27765229594513e-32,0.683718137,0.297,0.248,1.50113229868855e-27,cluster 8 (Plasma cells)
2270,TAF72,2.33587047122434e-32,0.667905108,0.363,0.312,1.53950215146983e-27,cluster 8 (Plasma cells)
2271,DCXR1,3.66411481184994e-32,0.36987427,0.3,0.249,2.41490814904594e-27,cluster 8 (Plasma cells)
2272,POLR2I1,1.61971803174113e-31,0.44127851,0.257,0.21,1.0675075631796299e-26,cluster 8 (Plasma cells)
2273,SCAMP21,1.9375937747598999e-31,0.695680406,0.27,0.222,1.2770099291310099e-26,cluster 8 (Plasma cells)
2274,CTSZ1,2.2711059380957903e-31,1.114663392,0.321,0.275,1.4968177906208e-26,cluster 8 (Plasma cells)
2275,ARPC5L1,5.2871744965943406e-31,0.803873291,0.345,0.29,3.48461809547043e-26,cluster 8 (Plasma cells)
2276,EEF1B22,5.34975035037456e-31,0.267548458,0.872,0.877,3.52585996342136e-26,cluster 8 (Plasma cells)
2277,EIF3K1,5.660029719424381e-31,0.298502112,0.643,0.602,3.73035578718102e-26,cluster 8 (Plasma cells)
2278,HLA-E1,1.1778164929556898e-30,0.589361418,0.853,0.842,7.76263516012309e-26,cluster 8 (Plasma cells)
2279,EAF21,1.73644683222977e-30,0.552254196,0.34,0.289,1.14444001371768e-25,cluster 8 (Plasma cells)
2280,MPC21,1.98362048321636e-30,0.646762716,0.274,0.224,1.3073447518734102e-25,cluster 8 (Plasma cells)
2281,TPM41,2.9077359319667196e-30,1.152188569,0.392,0.344,1.9164015206813e-25,cluster 8 (Plasma cells)
2282,LSM101,3.83792521084116e-30,0.433396023,0.31,0.26,2.5294613687090804e-25,cluster 8 (Plasma cells)
2283,ILF21,4.69532347829003e-30,1.072579492,0.332,0.281,3.09454684483661e-25,cluster 8 (Plasma cells)
2284,NDUFV21,1.84263817104967e-29,0.44877045,0.399,0.348,1.2144275393937e-24,cluster 8 (Plasma cells)
2285,MCTS11,2.85767999194602e-29,0.433232413,0.271,0.224,1.88341115229186e-24,cluster 8 (Plasma cells)
2286,AP3S12,5.43724835121029e-29,0.296817122,0.286,0.24,3.58352727083217e-24,cluster 8 (Plasma cells)
2287,TAGAP1,6.79100382115159e-29,1.423263676,0.393,0.352,4.47574688840638e-24,cluster 8 (Plasma cells)
2288,TSPO1,2.26631716629445e-28,0.495161405,0.3,0.253,1.49366165478969e-23,cluster 8 (Plasma cells)
2289,DYNLRB11,5.31834359953594e-28,0.389088096,0.351,0.304,3.5051607161461504e-23,cluster 8 (Plasma cells)
2290,NCF11,8.80855235603036e-28,0.29656188,0.396,0.444,5.80545260128893e-23,cluster 8 (Plasma cells)
2291,ORMDL11,9.81276145323132e-28,0.482181386,0.286,0.241,6.46729669098117e-23,cluster 8 (Plasma cells)
2292,CYBC11,1.02046228986303e-27,1.15033294,0.302,0.255,6.72556081380026e-23,cluster 8 (Plasma cells)
2293,VDAC21,1.12298981538558e-27,0.739978547,0.387,0.339,7.40128897626174e-23,cluster 8 (Plasma cells)
2294,PNN1,1.1358142394749e-27,0.389365483,0.252,0.299,7.48581090810719e-23,cluster 8 (Plasma cells)
2295,ELOVL5,1.34131695448423e-27,0.360201214,0.206,0.255,8.84021765191922e-23,cluster 8 (Plasma cells)
2296,ETFB1,1.41523098005685e-27,0.476949696,0.255,0.211,9.327362820260681e-23,cluster 8 (Plasma cells)
2297,PDE4B2,1.46981648702505e-27,0.657499806,0.353,0.317,9.687119521036e-23,cluster 8 (Plasma cells)
2298,COPS61,1.80078514401598e-27,0.629850382,0.271,0.227,1.1868434648666099e-22,cluster 8 (Plasma cells)
2299,RHOH2,1.94519529791714e-27,0.616109144,0.388,0.437,1.28201986499825e-22,cluster 8 (Plasma cells)
2300,TOMM201,3.2022510885462e-27,0.288055223,0.453,0.403,2.11050762492814e-22,cluster 8 (Plasma cells)
2301,EIF3G1,3.24207976013051e-27,0.519657037,0.504,0.459,2.1367575075092198e-22,cluster 8 (Plasma cells)
2302,RPL22L11,5.13845218508816e-27,0.254279089,0.549,0.507,3.38659968162606e-22,cluster 8 (Plasma cells)
2303,TAX1BP11,5.51322286001821e-27,0.403984099,0.326,0.279,3.6335997903522002e-22,cluster 8 (Plasma cells)
2304,SNRNP701,7.55788909258936e-27,0.75902106,0.293,0.247,4.98117796425287e-22,cluster 8 (Plasma cells)
2305,SIVA11,8.64823469148091e-27,0.473909686,0.325,0.276,5.699792038114319e-22,cluster 8 (Plasma cells)
2306,SRSF91,9.69981596152626e-27,0.903396509,0.428,0.385,6.39285770576311e-22,cluster 8 (Plasma cells)
2307,TXNL11,1.41410581809513e-26,0.605289565,0.313,0.266,9.31994721531957e-22,cluster 8 (Plasma cells)
2308,ACP11,2.23688843153668e-26,0.529463149,0.327,0.281,1.47426605857288e-21,cluster 8 (Plasma cells)
2309,LRP101,8.567922720581779e-26,0.311055778,0.26,0.218,5.64686082745383e-21,cluster 8 (Plasma cells)
2310,SEL1L31,1.38486267458954e-25,0.655184479,0.372,0.324,9.12721442941725e-21,cluster 8 (Plasma cells)
2311,ZFP36L21,1.5941357754954902e-25,1.11545819,0.675,0.645,1.0506470655558101e-20,cluster 8 (Plasma cells)
2312,METTL261,1.8951646371273502e-25,0.470787566,0.25,0.208,1.24904615739152e-20,cluster 8 (Plasma cells)
2313,SNHG81,4.23577685669055e-25,0.286605102,0.506,0.459,2.79167345293904e-20,cluster 8 (Plasma cells)
2314,EIF1AX1,6.93066853223044e-25,0.515800426,0.419,0.372,4.56779570953711e-20,cluster 8 (Plasma cells)
2315,PSMA11,3.66389115682392e-24,0.863060495,0.321,0.277,2.4147607447279403e-19,cluster 8 (Plasma cells)
2316,PSMB31,4.36001755510348e-24,0.387085691,0.414,0.367,2.87355677004205e-19,cluster 8 (Plasma cells)
2317,CSDE11,7.84035266275211e-24,0.531102991,0.456,0.411,5.167341229440031e-19,cluster 8 (Plasma cells)
2318,MT-RNR11,1.30255375574124e-23,0.4902929,0.308,0.273,8.584741037963791e-19,cluster 8 (Plasma cells)
2319,TTC31,1.36149111582499e-23,0.658724839,0.33,0.287,8.97317949706773e-19,cluster 8 (Plasma cells)
2320,PDCD51,1.59073744873006e-23,0.299578993,0.264,0.222,1.04840733033452e-18,cluster 8 (Plasma cells)
2321,RPL7A1,2.3535568247293102e-23,0.357715912,0.92,0.943,1.5511586964743499e-18,cluster 8 (Plasma cells)
2322,ST6GAL11,4.12873873855366e-23,0.806917544,0.363,0.32,2.72112784041856e-18,cluster 8 (Plasma cells)
2323,IGHM1,4.2556710916210104e-23,1.625566982,0.32,0.389,2.80478514635466e-18,cluster 8 (Plasma cells)
2324,ADRM11,5.11629448304254e-23,0.284089627,0.313,0.27,3.3719962049388497e-18,cluster 8 (Plasma cells)
2325,HSPA91,1.52267196617853e-22,0.997768063,0.295,0.251,1.00354741274928e-17,cluster 8 (Plasma cells)
2326,SMIM261,4.65488370915887e-22,0.254143479,0.339,0.297,3.06789420619534e-17,cluster 8 (Plasma cells)
2327,MLF21,7.88889888649201e-22,0.893378068,0.272,0.233,5.19933658912029e-17,cluster 8 (Plasma cells)
2328,HSBP11,9.66021098164286e-22,0.501360823,0.315,0.274,6.36675525167136e-17,cluster 8 (Plasma cells)
2329,PAIP21,1.17067711738539e-21,0.463344138,0.398,0.356,7.71558167755188e-17,cluster 8 (Plasma cells)
2330,GTF2B1,1.53156536116752e-21,0.429700969,0.277,0.24,1.00940878258468e-16,cluster 8 (Plasma cells)
2331,UBE2L61,3.14482300236184e-21,1.01698997,0.306,0.268,2.07265849616662e-16,cluster 8 (Plasma cells)
2332,SMAP21,3.54321728068098e-21,0.284154615,0.359,0.406,2.33522821317841e-16,cluster 8 (Plasma cells)
2333,PNRC1,4.97695757913049e-21,0.51192589,0.658,0.642,3.28016343167753e-16,cluster 8 (Plasma cells)
2334,EEF21,5.2562335805051404e-21,0.393873678,0.836,0.827,3.46422586590352e-16,cluster 8 (Plasma cells)
2335,BASP1,5.9976071175960005e-21,0.585945293,0.348,0.389,3.952842922994e-16,cluster 8 (Plasma cells)
2336,CCT81,7.36346056515019e-21,1.045845719,0.379,0.332,4.85303595467354e-16,cluster 8 (Plasma cells)
2337,TAP11,7.729838525842331e-21,0.712947979,0.293,0.254,5.0945046772269005e-16,cluster 8 (Plasma cells)
2338,SEP151,1.29149217818172e-20,0.592287343,0.304,0.269,8.51183749874229e-16,cluster 8 (Plasma cells)
2339,VAPA1,1.39686035798139e-20,0.721012077,0.375,0.333,9.20628756134793e-16,cluster 8 (Plasma cells)
2340,SEPTIN21,2.50521802682117e-20,0.521612655,0.308,0.267,1.6511140449370301e-15,cluster 8 (Plasma cells)
2341,DRAP11,7.09961640183688e-20,0.262792489,0.366,0.328,4.67914418195863e-15,cluster 8 (Plasma cells)
2342,DDX241,2.5222487119114804e-19,0.398359162,0.414,0.374,1.6623384585594998e-14,cluster 8 (Plasma cells)
2343,CCDC85B1,3.3847985571461703e-19,0.319469119,0.307,0.268,2.23081918505833e-14,cluster 8 (Plasma cells)
2344,SFT2D11,3.48366590828749e-19,0.570473828,0.336,0.297,2.2959796901750302e-14,cluster 8 (Plasma cells)
2345,RELB1,3.67712452116218e-19,0.73145644,0.257,0.221,2.4234824581623602e-14,cluster 8 (Plasma cells)
2346,SSNA11,4.0823448859370704e-19,0.497107693,0.272,0.233,2.6905510439745403e-14,cluster 8 (Plasma cells)
2347,SF3B21,4.716062105642399e-19,0.425255429,0.395,0.35,3.10821505196573e-14,cluster 8 (Plasma cells)
2348,PGK11,6.60784066984149e-19,0.935823701,0.463,0.42,4.3550295502724304e-14,cluster 8 (Plasma cells)
2349,CSNK2B1,8.262664333482011e-19,0.51628606,0.343,0.304,5.4456741822679904e-14,cluster 8 (Plasma cells)
2350,PRMT11,1.4006549321703e-18,0.520159798,0.304,0.264,9.2312964614548e-14,cluster 8 (Plasma cells)
2351,ATP5MC21,3.4638408022767897e-18,0.364347948,0.702,0.678,2.28291355755657e-13,cluster 8 (Plasma cells)
2352,ANAPC51,4.4865421952709895e-18,0.573889865,0.285,0.248,2.95694536463725e-13,cluster 8 (Plasma cells)
2353,PRDX61,4.49110254823401e-18,0.383284891,0.347,0.303,2.9599509564645897e-13,cluster 8 (Plasma cells)
2354,OXA1L1,6.49186319943343e-18,0.714303033,0.292,0.256,4.2785922788505897e-13,cluster 8 (Plasma cells)
2355,UBE2D31,9.93196460693093e-18,0.421306512,0.588,0.546,6.545859913489969e-13,cluster 8 (Plasma cells)
2356,GNAI21,1.02876782542666e-17,0.497681188,0.263,0.3,6.78030010703947e-13,cluster 8 (Plasma cells)
2357,NDUFA51,1.21276797893688e-17,0.472898551,0.28,0.245,7.9929899187793e-13,cluster 8 (Plasma cells)
2358,NME21,1.89130871693245e-17,0.627604755,0.293,0.265,1.24650483606867e-12,cluster 8 (Plasma cells)
2359,ZNF3312,1.9201418526240202e-17,0.368929848,0.211,0.25,1.26550789080891e-12,cluster 8 (Plasma cells)
2360,ALDOA1,4.2864575182912904e-17,0.981587815,0.435,0.399,2.8250755565802397e-12,cluster 8 (Plasma cells)
2361,SRSF31,5.10622082869182e-17,0.701190308,0.514,0.471,3.36535696156592e-12,cluster 8 (Plasma cells)
2362,USP161,6.38251845057817e-17,0.424083178,0.29,0.253,4.2065264352225595e-12,cluster 8 (Plasma cells)
2363,PGAM11,1.44998563285457e-16,0.663671282,0.341,0.301,9.55642031045462e-12,cluster 8 (Plasma cells)
2364,APRT1,1.48975897507195e-16,0.289418741,0.47,0.438,9.818554477006719e-12,cluster 8 (Plasma cells)
2365,PIM31,1.68916862162729e-16,0.654024938,0.264,0.229,1.1132803634559001e-11,cluster 8 (Plasma cells)
2366,MMADHC1,2.80966739875316e-16,0.878822181,0.281,0.246,1.8517674924962398e-11,cluster 8 (Plasma cells)
2367,PSMB21,3.30972385757121e-16,0.404043165,0.296,0.26,2.1813397028094598e-11,cluster 8 (Plasma cells)
2368,EIF3A1,4.4394105257695006e-16,1.086585278,0.36,0.317,2.92588229521891e-11,cluster 8 (Plasma cells)
2369,RPL81,5.376589527071169e-16,0.372663662,0.936,0.957,3.5435488596068e-11,cluster 8 (Plasma cells)
2370,FNBP11,6.43186324407223e-16,0.319193359,0.321,0.356,4.23904810827068e-11,cluster 8 (Plasma cells)
2371,ORAI21,8.92582504573001e-16,0.482797719,0.279,0.317,5.88274351288928e-11,cluster 8 (Plasma cells)
2372,MDH21,1.8414601567920803e-15,0.547696071,0.311,0.278,1.2136511455369601e-10,cluster 8 (Plasma cells)
2373,IGBP11,1.907723425379e-15,0.480788273,0.275,0.242,1.25732327796454e-10,cluster 8 (Plasma cells)
2374,YPEL31,3.1224624296478204e-15,0.338201689,0.3,0.269,2.0579213135079902e-10,cluster 8 (Plasma cells)
2375,TERF2IP2,4.0313948982962e-15,0.370250787,0.378,0.337,2.65697143562008e-10,cluster 8 (Plasma cells)
2376,MT-RNR21,6.55522586883261e-15,0.772620713,0.32,0.305,4.32035271337151e-10,cluster 8 (Plasma cells)
2377,SLC25A51,9.92345946336006e-15,0.353582041,0.517,0.473,6.54025442851672e-10,cluster 8 (Plasma cells)
2378,YTHDC11,2.1175377063764902e-14,0.31662926,0.257,0.225,1.3956055761415501e-09,cluster 8 (Plasma cells)
2379,PRKAR1A,3.13828246446332e-14,0.321296222,0.224,0.256,2.0683478238538403e-09,cluster 8 (Plasma cells)
2380,MRPL541,3.59789512009263e-14,0.291345024,0.315,0.285,2.3712647367994504e-09,cluster 8 (Plasma cells)
2381,SRSF51,3.82669520835625e-14,0.348782389,0.535,0.496,2.52206001097135e-09,cluster 8 (Plasma cells)
2382,RNF71,5.04117009796175e-14,0.433150656,0.296,0.264,3.32248397646365e-09,cluster 8 (Plasma cells)
2383,TMEM14B1,6.15646654140464e-14,0.346415382,0.276,0.245,4.05754240344355e-09,cluster 8 (Plasma cells)
2384,HCLS12,7.28055012429365e-14,0.519522798,0.351,0.38,4.79839217041822e-09,cluster 8 (Plasma cells)
2385,GABARAP1,1.17419811963335e-13,0.52319428,0.367,0.338,7.73878754706752e-09,cluster 8 (Plasma cells)
2386,PSMB41,1.26121060122784e-13,0.621861125,0.269,0.239,8.312260709512331e-09,cluster 8 (Plasma cells)
2387,HNRNPA2B11,5.87910903372755e-13,0.363445653,0.713,0.679,3.87474439085881e-08,cluster 8 (Plasma cells)
2388,C1orf431,1.10721798482689e-12,0.323861894,0.317,0.285,7.29734157259862e-08,cluster 8 (Plasma cells)
2389,ARID4B,1.14283462512536e-12,0.449515642,0.261,0.29,7.53208016381373e-08,cluster 8 (Plasma cells)
2390,SRSF10,1.42493493539021e-12,0.472774412,0.306,0.333,9.39131867867626e-08,cluster 8 (Plasma cells)
2391,PAPOLA1,2.5912449172509e-12,0.643908674,0.428,0.395,1.70781178761255e-07,cluster 8 (Plasma cells)
2392,CAPZA11,2.81574451763764e-12,0.515829403,0.319,0.349,1.85577273923944e-07,cluster 8 (Plasma cells)
2393,PTP4A21,4.03924071802996e-12,1.079545915,0.383,0.35,2.662142380032e-07,cluster 8 (Plasma cells)
2394,RAB8A1,4.30634713843765e-12,0.506830156,0.271,0.242,2.8381842085301e-07,cluster 8 (Plasma cells)
2395,GDI2,1.8164010999417698e-11,0.36680976,0.393,0.416,1.19713547293862e-06,cluster 8 (Plasma cells)
2396,KPNB11,2.8643939891390598e-11,0.411524424,0.272,0.3,1.88783614642188e-06,cluster 8 (Plasma cells)
2397,PMAIP11,3.19865817479188e-11,0.648881058,0.276,0.251,2.10813964326008e-06,cluster 8 (Plasma cells)
2398,KHDRBS11,3.5111139389735096e-11,0.435932041,0.29,0.317,2.31406986375927e-06,cluster 8 (Plasma cells)
2399,ATP5F1C1,3.9587329175895794e-11,0.325856158,0.325,0.292,2.60908210399577e-06,cluster 8 (Plasma cells)
2400,RBM251,4.2252673346418e-11,0.458129975,0.384,0.349,2.78474694224237e-06,cluster 8 (Plasma cells)
2401,EVI2B1,4.27910524367328e-11,0.583977321,0.426,0.399,2.82022989294775e-06,cluster 8 (Plasma cells)
2402,PRPF38B1,5.4776683840746796e-11,0.560896868,0.323,0.292,3.6101669018921e-06,cluster 8 (Plasma cells)
2403,ODC11,6.904794723416319e-11,0.925799265,0.391,0.366,4.55074305836199e-06,cluster 8 (Plasma cells)
2404,CCNI,9.13874147774595e-11,0.375530387,0.678,0.7,6.02307034573803e-06,cluster 8 (Plasma cells)
2405,LSP11,1.01972301276993e-10,0.647532217,0.539,0.512,6.72068846026275e-06,cluster 8 (Plasma cells)
2406,HNRNPUL11,1.14237567235214e-10,0.450014732,0.292,0.264,7.52905534377122e-06,cluster 8 (Plasma cells)
2407,DNAJC71,1.28807161225906e-10,0.287596651,0.265,0.236,8.48929357491579e-06,cluster 8 (Plasma cells)
2408,ANAPC161,1.4226020189448301e-10,0.263327793,0.549,0.523,9.37594312625969e-06,cluster 8 (Plasma cells)
2409,SRSF7,1.5235129279962401e-10,0.589445754,0.548,0.523,1.00410166545448e-05,cluster 8 (Plasma cells)
2410,RAD23A1,1.62652616662896e-10,0.478446092,0.349,0.319,1.07199460064015e-05,cluster 8 (Plasma cells)
2411,NCOA31,2.8646900957622103e-10,0.435231147,0.244,0.27,1.888031301414e-05,cluster 8 (Plasma cells)
2412,PSMA51,3.20233063923927e-10,0.527644312,0.284,0.254,2.11056005440343e-05,cluster 8 (Plasma cells)
2413,AMD1,3.52701153391703e-10,0.450875049,0.264,0.237,2.3245474916587e-05,cluster 8 (Plasma cells)
2414,NCL1,6.55694052669166e-10,0.629847666,0.55,0.518,4.32148279292667e-05,cluster 8 (Plasma cells)
2415,RBM61,9.06552738107789e-10,0.329949252,0.273,0.244,5.97481713104701e-05,cluster 8 (Plasma cells)
2416,PPP2CA2,9.7923819482478e-10,0.599708399,0.273,0.244,6.45386517063167e-05,cluster 8 (Plasma cells)
2417,HSPA4,2.16048649762109e-09,0.496396656,0.256,0.232,0.000142391,cluster 8 (Plasma cells)
2418,PTPN11,2.4831979469283e-09,0.477783021,0.294,0.268,0.00016366,cluster 8 (Plasma cells)
2419,HNRNPDL,2.78602659153435e-09,0.655892212,0.587,0.558,0.000183619,cluster 8 (Plasma cells)
2420,PCBP11,3.2746870760109304e-09,0.577558723,0.537,0.516,0.000215825,cluster 8 (Plasma cells)
2421,AP2M11,3.2995005754615703e-09,0.556875785,0.275,0.249,0.00021746,cluster 8 (Plasma cells)
2422,SUPT4H11,3.3116077176789602e-09,0.255306971,0.266,0.239,0.000218258,cluster 8 (Plasma cells)
2423,SP100,3.5363320433199104e-09,0.485225159,0.367,0.394,0.000233069,cluster 8 (Plasma cells)
2424,SNRPC1,4.72835129587372e-09,0.295907066,0.271,0.244,0.000311631,cluster 8 (Plasma cells)
2425,RPL231,5.32345154123204e-09,0.319115743,0.808,0.826,0.000350853,cluster 8 (Plasma cells)
2426,UBE2A1,6.097502748554061e-09,0.282821235,0.273,0.246,0.000401868,cluster 8 (Plasma cells)
2427,HNRNPK,6.8738176501226906e-09,0.774408708,0.551,0.568,0.000453033,cluster 8 (Plasma cells)
2428,VPS281,7.303087547061981e-09,0.454160345,0.345,0.319,0.000481325,cluster 8 (Plasma cells)
2429,COX7A2L1,7.828155606049381e-09,0.451406241,0.345,0.319,0.00051593,cluster 8 (Plasma cells)
2430,ATP5PB1,1.0048777024089e-08,0.409069681,0.36,0.329,0.000662285,cluster 8 (Plasma cells)
2431,CD1641,1.10039328196083e-08,0.725875087,0.39,0.365,0.000725236,cluster 8 (Plasma cells)
2432,BUD311,1.52505200652021e-08,0.485240785,0.28,0.255,0.001005116,cluster 8 (Plasma cells)
2433,EIF3I1,1.65087850648502e-08,0.84771003,0.344,0.316,0.001088044,cluster 8 (Plasma cells)
2434,STK17B,1.86901227971966e-08,0.907405546,0.386,0.411,0.00123181,cluster 8 (Plasma cells)
2435,CIAO2A1,2.79708214405392e-08,0.492583253,0.293,0.269,0.001843473,cluster 8 (Plasma cells)
2436,ATP6V1G11,2.79781962283877e-08,0.498367341,0.597,0.581,0.001843959,cluster 8 (Plasma cells)
2437,SLC25A31,3.64422023734468e-08,0.758704248,0.541,0.513,0.002401796,cluster 8 (Plasma cells)
2438,PDCD42,3.81768921867999e-08,0.282458752,0.307,0.283,0.002516124,cluster 8 (Plasma cells)
2439,HP1BP31,5.92772335931903e-08,0.52416871,0.285,0.259,0.003906785,cluster 8 (Plasma cells)
2440,RHOA1,6.35528642352741e-08,0.911779354,0.639,0.614,0.004188579,cluster 8 (Plasma cells)
2441,RNPS11,8.58182908940037e-08,0.523914561,0.314,0.333,0.005656026,cluster 8 (Plasma cells)
2442,BIRC31,1.82834572614461e-07,0.445695567,0.434,0.468,0.012050078,cluster 8 (Plasma cells)
2443,EID11,5.37361069587084e-07,0.419663303,0.326,0.306,0.035415856,cluster 8 (Plasma cells)
2444,STAT31,5.91414174719758e-07,0.630941733,0.278,0.257,0.038978334,cluster 8 (Plasma cells)
2445,UQCRFS12,6.24431687503208e-07,0.25741859,0.311,0.288,0.041154419,cluster 8 (Plasma cells)
2446,IFI16,7.40143671143866e-07,0.370199815,0.328,0.348,0.048780649,cluster 8 (Plasma cells)
2447,ARF6,1.24879729281487e-06,0.427738952,0.336,0.359,0.082304483,cluster 8 (Plasma cells)
2448,RSL24D11,1.49156375259847e-06,0.362713989,0.437,0.419,0.098304492,cluster 8 (Plasma cells)
2449,TCF41,1.6899685823849e-06,0.808205903,0.339,0.358,0.111380759,cluster 8 (Plasma cells)
2450,IL161,1.8998812770992e-06,0.255065034,0.257,0.28,0.125215475,cluster 8 (Plasma cells)
2451,CASP41,2.05997075362007e-06,0.626242744,0.286,0.268,0.135766492,cluster 8 (Plasma cells)
2452,EIF4G21,2.1623997623797e-06,0.657709107,0.497,0.469,0.142517281,cluster 8 (Plasma cells)
2453,CD79A1,2.17835877291047e-06,0.409467211,0.801,0.849,0.143569092,cluster 8 (Plasma cells)
2454,CCT31,2.20680321574527e-06,0.561760925,0.339,0.313,0.14544378,cluster 8 (Plasma cells)
2455,GRB21,2.27427167321232e-06,1.022804868,0.446,0.418,0.149890423,cluster 8 (Plasma cells)
2456,RPS51,2.69844416646672e-06,0.335700163,0.915,0.936,0.17784636,cluster 8 (Plasma cells)
2457,ERH1,2.75000414432323e-06,0.667086776,0.42,0.398,0.181244523,cluster 8 (Plasma cells)
2458,MAF11,3.19041420662185e-06,0.440700993,0.257,0.238,0.210270629,cluster 8 (Plasma cells)
2459,SON1,4.2896051825131e-06,0.406797865,0.56,0.532,0.282715009,cluster 8 (Plasma cells)
2460,NUCKS1,4.4657180293457e-06,0.257458645,0.266,0.281,0.294322078,cluster 8 (Plasma cells)
2461,HNRNPR1,4.91514399241072e-06,0.526228656,0.254,0.269,0.323942395,cluster 8 (Plasma cells)
2462,NR4A21,6.27860687747898e-06,0.378456966,0.341,0.367,0.413804143,cluster 8 (Plasma cells)
2463,TAGLN21,8.41650132220524e-06,0.354686906,0.504,0.525,0.554706353,cluster 8 (Plasma cells)
2464,YWHAQ1,9.73048607238746e-06,0.86231064,0.356,0.333,0.641307146,cluster 8 (Plasma cells)
2465,NPM11,1.02286947006905e-05,0.43808149,0.771,0.764,0.674142582,cluster 8 (Plasma cells)
2466,TNFRSF141,1.04656314660247e-05,0.336957198,0.281,0.262,0.689758373,cluster 8 (Plasma cells)
2467,ARHGDIA1,1.17204202352178e-05,0.47917121,0.362,0.34,0.772457736,cluster 8 (Plasma cells)
2468,HNRNPD1,1.86115931389167e-05,0.839122567,0.268,0.283,1.0,cluster 8 (Plasma cells)
2469,THRAP3,2.19019415002573e-05,0.707506589,0.282,0.3,1.0,cluster 8 (Plasma cells)
2470,PSMB81,3.911382910348e-05,0.627426084,0.402,0.386,1.0,cluster 8 (Plasma cells)
2471,FAM107B,6.4598826617269e-05,0.388670645,0.294,0.313,1.0,cluster 8 (Plasma cells)
2472,DDX61,7.23842343985422e-05,0.426072202,0.249,0.267,1.0,cluster 8 (Plasma cells)
2473,RBM31,7.4516786920847e-05,0.433735712,0.491,0.47,1.0,cluster 8 (Plasma cells)
2474,SEPTIN61,8.42947717361771e-05,0.657390246,0.399,0.414,1.0,cluster 8 (Plasma cells)
2475,SF3B11,8.8402849412526e-05,0.374490224,0.346,0.325,1.0,cluster 8 (Plasma cells)
2476,MORF4L11,9.15118316193147e-05,0.440724765,0.49,0.47,1.0,cluster 8 (Plasma cells)
2477,PPP1CC1,0.00010181,0.314358587,0.364,0.342,1.0,cluster 8 (Plasma cells)
2478,DARS11,0.00012334,0.790576574,0.251,0.235,1.0,cluster 8 (Plasma cells)
2479,BLNK1,0.000156785,1.058371315,0.29,0.275,1.0,cluster 8 (Plasma cells)
2480,ATM1,0.000157871,0.29199372,0.251,0.267,1.0,cluster 8 (Plasma cells)
2481,HNRNPF,0.000168053,0.434728229,0.394,0.404,1.0,cluster 8 (Plasma cells)
2482,SSU721,0.000267924,0.491601433,0.328,0.313,1.0,cluster 8 (Plasma cells)
2483,HNRNPM1,0.000324725,0.450243839,0.322,0.335,1.0,cluster 8 (Plasma cells)
2484,RBBP61,0.000350852,0.566333521,0.255,0.241,1.0,cluster 8 (Plasma cells)
2485,ACTG11,0.000546042,0.500100871,0.766,0.77,1.0,cluster 8 (Plasma cells)
2486,PPM1K1,0.00055082,0.42098341,0.318,0.303,1.0,cluster 8 (Plasma cells)
2487,FUS1,0.000563005,0.618589142,0.448,0.464,1.0,cluster 8 (Plasma cells)
2488,PCBP21,0.000813123,0.366492301,0.581,0.561,1.0,cluster 8 (Plasma cells)
2489,BCLAF11,0.001000716,0.924372286,0.309,0.294,1.0,cluster 8 (Plasma cells)
2490,GABARAPL21,0.001016026,0.440044064,0.376,0.356,1.0,cluster 8 (Plasma cells)
2491,RNF2131,0.001378788,0.469962064,0.259,0.247,1.0,cluster 8 (Plasma cells)
2492,KMT2E2,0.001640107,0.381183556,0.463,0.473,1.0,cluster 8 (Plasma cells)
2493,IFITM11,0.00178116,0.509415935,0.292,0.287,1.0,cluster 8 (Plasma cells)
2494,G3BP21,0.002543047,0.30561536,0.241,0.253,1.0,cluster 8 (Plasma cells)
2495,POLD41,0.00365732,0.508951911,0.273,0.283,1.0,cluster 8 (Plasma cells)
2496,EIF4B1,0.004014452,0.879501065,0.462,0.452,1.0,cluster 8 (Plasma cells)
2497,HNRNPA0,0.004984633,0.334969952,0.433,0.421,1.0,cluster 8 (Plasma cells)
2498,BUB31,0.005366415,0.451577609,0.26,0.246,1.0,cluster 8 (Plasma cells)
2499,VDAC1,0.006373346,0.728960916,0.286,0.27,1.0,cluster 8 (Plasma cells)
2500,ADAR1,0.00682864,0.585475299,0.293,0.28,1.0,cluster 8 (Plasma cells)
