CG,P.Value,adj.P.Val,delta_beta,chr,pos,Relation_to_Island,UCSC_RefGene_Name,UCSC_RefGene_Accession,UCSC_RefGene_Group,Regulatory_Feature_Group
cg00010954,0.000456288,0.046852327,0.167918269,chr16,54620055,OpenSea,,,,
cg00056066,5.22E-05,0.021326469,-0.220046154,chr10,25010738,N_Shore,ARHGAP21,NM_020824,Body,
cg00056497,6.16E-07,0.003289806,0.147085577,chr10,134785521,OpenSea,,,,
cg00083937,0.000446323,0.046448026,0.1061625,chr22,51039805,S_Shore,MAPK8IP2,NM_012324,Body,
cg00104167,9.84E-07,0.004036453,0.168892308,chr16,86953195,OpenSea,,,,
cg00116583,0.000188718,0.033757052,-0.142596154,chr12,95945927,S_Shelf,USP44,NM_032147,TSS1500,Unclassified_Cell_type_specific
cg00122854,1.11E-05,0.012186495,-0.172406731,chr2,218898491,Island,,,,
cg00123104,3.09E-05,0.017718711,0.146772115,chr1,9884732,S_Shore,CLSTN1;CLSTN1,NM_014944;NM_001009566,TSS200;TSS200,
cg00124095,9.34E-07,0.004036453,-0.107500962,chr3,72305082,OpenSea,,,,Unclassified_Cell_type_specific
cg00130808,0.000193622,0.033990841,-0.1287875,chr15,37178909,N_Shore,LOC145845,NR_024264,TSS200,
cg00147788,8.39E-05,0.025391895,0.238536538,chr6,125855365,OpenSea,,,,
cg00160670,5.70E-05,0.022024996,-0.166268269,chr21,35320599,OpenSea,LINC00649;LINC00649,NM_001288961;NR_038883,TSS1500;Body,Promoter_Associated
cg00161791,1.26E-06,0.004523022,-0.101543269,chr21,45575014,N_Shore,,,,Promoter_Associated
cg00186462,7.34E-07,0.003593396,0.178619231,chr3,100401284,OpenSea,GPR128,NM_032787,Body,
cg00186529,0.000127032,0.029555736,0.126038462,chr6,170452864,Island,,,,
cg00253658,1.71E-05,0.01453295,0.354505769,chr16,54210496,OpenSea,,,,
cg00262344,4.43E-05,0.020167799,0.1334375,chr18,23713741,Island,PSMA8;PSMA8;PSMA8,NM_144662;NM_001025097;NM_001025096,TSS200;TSS200;TSS200,Unclassified_Cell_type_specific
cg00317728,0.000149242,0.031269822,0.149453846,chr7,130126188,Island,MEST;MEST;MEST;MEST;MEST;MEST,NM_177524;NM_001253901;NM_177524;NM_001253901;NM_001253902;NM_001253902,1stExon;1stExon;5'UTR;5'UTR;1stExon;5'UTR,Promoter_Associated
cg00332393,4.63E-06,0.008469649,-0.125180769,chr10,54277038,OpenSea,,,,
cg00366860,1.71E-09,0.000101988,-0.179849038,chr10,95654551,S_Shore,SLC35G1;SLC35G1,NM_153226;NM_001134658,Body;Body,Promoter_Associated
cg00389857,0.000396266,0.044514504,-0.111427885,chr11,114002202,OpenSea,ZBTB16;ZBTB16,NM_006006;NM_001018011,Body;Body,
cg00417068,2.26E-05,0.016089215,-0.102805769,chr8,143926282,OpenSea,GML,NM_002066,Body,Unclassified_Cell_type_specific
cg00442581,0.000452355,0.046671387,-0.100303846,chr9,130733834,OpenSea,FAM102A,NM_001035254,Body,Unclassified
cg00443981,9.59E-07,0.004036453,-0.178713462,chr17,58499679,S_Shore,C17orf64,NM_181707,TSS200,
cg00449658,4.59E-05,0.020443065,0.109530769,chr11,56981898,OpenSea,,,,
cg00452133,0.000365375,0.043369612,0.178597115,chr1,7308117,OpenSea,CAMTA1,NM_015215,Body,
cg00579605,2.91E-06,0.006838131,0.114424038,chr20,55309394,OpenSea,,,,
cg00594129,0.000552063,0.04988214,0.279543269,chr5,158524270,Island,EBF1,NM_024007,Body,Unclassified
cg00642460,0.000391095,0.044332962,0.310934615,chr5,176827697,Island,PFN3,NM_001029886,TSS200,
cg00695387,1.11E-05,0.012186495,0.1347875,chr11,69286233,Island,,,,
cg00705992,0.000326583,0.041529001,-0.149626923,chr7,27226329,N_Shore,HOXA11AS;HOXA11,NR_002795;NM_005523,Body;TSS1500,
cg00730373,9.34E-06,0.011486108,-0.103745192,chr16,89050488,OpenSea,,,,
cg00881696,0.000306644,0.040406218,0.174121154,chr2,43328003,Island,,,,
cg00932063,0.000530532,0.049242399,-0.106192308,chr10,126234138,OpenSea,LHPP;LHPP,NM_022126;NM_001167880,Body;Body,Unclassified_Cell_type_specific
cg00970752,1.20E-06,0.004390276,0.201597115,chr1,15711443,OpenSea,FHAD1,NM_052929,Body,
cg01001533,0.000412463,0.045005314,0.141153846,chr10,44184868,N_Shore,,,,Promoter_Associated_Cell_type_specific
cg01077274,0.000260007,0.038021638,0.107907692,chr1,225865487,S_Shore,,,,
cg01104230,2.38E-05,0.016273708,-0.118898077,chr3,65940327,OpenSea,MAGI1;MAGI1;MAGI1,NM_001033057;NM_015520;NM_004742,Body;Body;Body,
cg01119319,7.61E-05,0.024724227,-0.120645192,chr7,38356808,OpenSea,,,,
cg01124539,0.0001161,0.02858994,-0.130282692,chr9,132312108,N_Shore,,,,
cg01142302,0.000544928,0.049710344,-0.222013462,chr3,9988590,Island,PRRT3,NM_207351,Body,Unclassified_Cell_type_specific
cg01146943,5.06E-05,0.021063233,-0.160276923,chr13,51416749,N_Shore,DLEU7,NM_198989,Body,
cg01191259,0.000263137,0.038149512,0.151361538,chr15,29210460,OpenSea,,,,
cg01205935,0.00036114,0.043171847,-0.152026923,chr13,99737585,N_Shore,DOCK9;DOCK9,NM_015296;NM_001130049,Body;Body,
cg01259782,4.91E-05,0.020884205,-0.120566346,chr16,21313973,S_Shore,CRYM;NCRNA00169,NM_001014444;NR_026675,5'UTR;Body,
cg01290904,2.47E-05,0.016371155,-0.110236538,chr4,5708474,N_Shore,EVC2;EVC2,NM_001166136;NM_147127,5'UTR;Body,
cg01323542,1.25E-06,0.004523022,0.1865625,chr21,45705543,Island,AIRE,NM_000383,TSS200,
cg01327347,1.01E-05,0.011713376,-0.107633654,chr9,90589141,N_Shore,CDK20;CDK20;CDK20;CDK20;CDK20,NM_178432;NM_012119;NM_001039803;NM_001170640;NM_001170639,Body;Body;Body;Body;Body,Promoter_Associated_Cell_type_specific
cg01329519,0.000174938,0.032833186,0.111758654,chr5,52599032,OpenSea,,,,
cg01341460,6.84E-05,0.023686791,0.102716346,chr17,64803867,OpenSea,PRKCA,NM_002737,3'UTR,
cg01343041,8.08E-05,0.025151695,0.178352885,chr2,24397787,Island,C2orf84,NM_001040710,TSS200,
cg01397050,6.85E-07,0.003514733,-0.121602885,chr4,116894979,OpenSea,,,,
cg01401534,0.000237817,0.036672787,0.197177885,chr6,4079342,Island,C6orf201;C6orf146;C6orf146,NM_001085401;NM_173563;NM_173563,TSS200;5'UTR;1stExon,
cg01426210,0.000213538,0.035205616,-0.104726923,chr14,75177609,N_Shelf,AREL1,NM_001039479,5'UTR,
cg01471232,9.05E-06,0.011346165,-0.152676923,chr11,415430,N_Shore,SIGIRR;SIGIRR;SIGIRR,NM_001135053;NM_021805;NM_001135054,5'UTR;5'UTR;TSS1500,Promoter_Associated
cg01572694,0.000236517,0.036586036,0.136900962,chr17,46657555,N_Shore,MIR10A,NR_029608,TSS1500,
cg01573321,0.000182591,0.033252058,0.152726923,chr8,18744446,OpenSea,PSD3,NM_015310,Body,
cg01597029,0.000159606,0.031939377,0.228040385,chr4,102734915,OpenSea,BANK1;BANK1;BANK1,NM_001083907;NM_001127507;NM_017935,TSS200;Body;Body,
cg01630687,0.000116223,0.02858994,0.112838462,chr18,23713650,N_Shore,PSMA8;PSMA8;PSMA8;PSMA8,NM_001308188;NM_144662;NM_001025097;NM_001025096,TSS200;TSS200;TSS200;TSS200,
cg01658566,4.72E-05,0.020709235,-0.206629808,chr22,25202611,S_Shore,SGSM1;SGSM1;SGSM1;SGSM1,NM_133454;NM_001039948;NM_001098498;NM_001098497,Body;Body;Body;Body,Unclassified
cg01692978,0.000378178,0.043808401,0.123566346,chr16,86860774,OpenSea,,,,
cg01761236,2.94E-07,0.002162405,0.196602885,chr14,102990251,OpenSea,,,,Promoter_Associated
cg01820374,7.91E-05,0.024973927,-0.135214423,chr12,6882083,N_Shore,LAG3,NM_002286,Body,Unclassified
cg01825213,0.000146757,0.031121596,0.162205769,chr9,98979965,N_Shore,,,,Unclassified
cg01849284,0.000394294,0.044451024,0.147807692,chr3,178336190,OpenSea,KCNMB2;KCNMB2;KCNMB2-AS1;KCNMB2-AS1;KCNMB2,NM_001278911;NM_005832;NR_126560;NR_126561;NM_181361,5'UTR;5'UTR;Body;Body;5'UTR,
cg01911585,2.99E-07,0.002162405,-0.103523077,chr8,20035881,OpenSea,SLC18A1;SLC18A1;SLC18A1;SLC18A1,NM_001135691;NM_003053;NM_001142324;NM_001142325,Body;Body;Body;Body,
cg01922437,2.28E-05,0.016092595,0.208800962,chr12,67461690,N_Shore,,,,Unclassified_Cell_type_specific
cg01969701,9.65E-06,0.011572611,0.276701923,chr11,69286145,Island,,,,
cg02064284,3.74E-06,0.007665808,0.114155769,chr14,102990501,OpenSea,,,,Promoter_Associated
cg02172058,1.73E-06,0.005623661,-0.136939423,chr17,58499911,S_Shore,C17orf64;C17orf64,NM_181707;NM_181707,1stExon;5'UTR,
cg02234487,6.73E-05,0.023423767,-0.117250962,chr12,41221734,OpenSea,CNTN1;CNTN1;CNTN1,NM_001256064;NM_001843;NM_001256063,TSS200;5'UTR;5'UTR,
cg02289180,1.22E-05,0.012744612,0.214247115,chr4,154178264,OpenSea,TRIM2;TRIM2;TRIM2;TRIM2;TRIM2,NM_001302694;NM_001130067;NM_001302692;NM_001302693;NM_015271,TSS1500;5'UTR;Body;Body;Body,
cg02351194,2.53E-05,0.016479684,-0.136014423,chr7,73892678,N_Shelf,GTF2IRD1;GTF2IRD1;GTF2IRD1,NM_001199207;NM_005685;NM_016328,5'UTR;5'UTR;5'UTR,Unclassified_Cell_type_specific
cg02359160,3.69E-05,0.018834128,-0.102718269,chr1,45189875,Island,C1orf228,NM_001145636,Body,Promoter_Associated
cg02396224,0.000453341,0.046719447,0.237660577,chr1,10698794,Island,CASZ1,NM_001079843,3'UTR,
cg02483204,6.39E-05,0.022972217,0.123919231,chr12,116893985,OpenSea,,,,
cg02544454,0.000108288,0.027827473,-0.152057692,chr7,25219156,N_Shore,C7orf31,NM_138811,5'UTR,Promoter_Associated
cg02570888,3.26E-06,0.007281402,0.105694231,chr1,225864873,N_Shore,,,,
cg02586730,5.96E-05,0.0224304,-0.156271154,chr11,65639869,Island,EFEMP2,NM_016938,5'UTR,Promoter_Associated
cg02592231,4.37E-06,0.008182195,-0.102178846,chr12,6876711,Island,PTMS,NM_002824,Body,Promoter_Associated
cg02626129,9.64E-05,0.026684029,0.157143269,chr13,31480646,Island,C13orf33;C13orf33,NM_032849;NM_032849,1stExon;5'UTR,
cg02691035,2.11E-06,0.006167283,-0.141800962,chr16,89163800,N_Shelf,ACSF3;ACSF3;ACSF3,NR_023316;NM_001127214;NM_174917,Body;5'UTR;5'UTR,
cg02713706,2.18E-08,0.000561083,0.219127885,chr1,247681749,Island,GCSAML;GCSAML;GCSAML;GCSAML;GCSAML;GCSAML,NM_001281837;NM_001281853;NM_001281835;NM_001281834;NM_001281838;NM_001281836,TSS200;5'UTR;5'UTR;5'UTR;5'UTR;5'UTR,
cg02735058,2.26E-05,0.016089215,0.118399038,chr6,16181250,OpenSea,,,,
cg02785222,0.000139612,0.030547319,0.147834615,chr3,138892919,OpenSea,,,,
cg02830202,8.12E-08,0.001144288,0.196556731,chr16,86953383,OpenSea,,,,
cg02850715,4.36E-05,0.020140778,0.104993269,chr11,130029212,N_Shore,ST14,NM_021978,TSS1500,
cg02886509,0.000243157,0.036906848,0.168659615,chr11,2020556,S_Shore,H19,NR_002196,TSS1500,
cg02916332,0.000182891,0.033256331,0.128230769,chr7,27183591,Island,HOXA5,NM_019102,TSS1500,Unclassified
cg02927346,2.93E-07,0.002162405,-0.115056731,chr17,34059260,S_Shore,RASL10B,NM_033315,5'UTR,Unclassified_Cell_type_specific
cg03011941,0.000459188,0.046969453,0.135472115,chr16,75468318,S_Shore,CFDP1,NM_006324,TSS1500,
cg03059991,8.83E-06,0.011166346,0.195921154,chr12,54144785,Island,,,,Unclassified
cg03162994,0.000173689,0.032759586,0.142016346,chr18,23713729,Island,PSMA8;PSMA8;PSMA8,NM_144662;NM_001025097;NM_001025096,TSS200;TSS200;TSS200,Unclassified_Cell_type_specific
cg03177666,4.84E-05,0.020807457,0.120426923,chr16,54365103,OpenSea,,,,
cg03190371,3.44E-06,0.007471169,-0.159860577,chr2,223185752,S_Shore,,,,
cg03253449,0.000160822,0.032030368,0.113986538,chr9,14213559,OpenSea,NFIB;NFIB;NFIB,NM_001190737;NM_005596;NM_001190738,Body;Body;Body,
cg03357219,0.000449689,0.046563893,0.206157692,chr4,102734940,OpenSea,BANK1;BANK1;BANK1,NM_001083907;NM_001127507;NM_017935,TSS200;Body;Body,
cg03368099,0.000104027,0.027419325,0.213807692,chr7,27184521,Island,HOXA5,NM_019102,TSS1500,
cg03372207,0.000249705,0.037383944,0.143206731,chr21,25801511,OpenSea,,,,
cg03395461,0.000159868,0.031964172,0.160364423,chr10,95361951,S_Shore,RBP4,NM_006744,TSS1500,
cg03407228,0.000153026,0.031427051,-0.116258654,chr22,18921705,N_Shore,PRODH,NM_016335,Body,
cg03415120,7.46E-05,0.024593022,-0.116017308,chr17,3616338,OpenSea,,,,
cg03499328,8.96E-06,0.01129684,-0.142647115,chr21,22603302,OpenSea,NCAM2,NM_004540,Body,
cg03520644,1.20E-06,0.004390276,-0.1059375,chr1,103574523,OpenSea,COL11A1;COL11A1;COL11A1;COL11A1,NM_001168249;NM_080629;NM_080630;NM_001854,TSS1500;TSS1500;TSS1500;TSS1500,
cg03531326,2.34E-08,0.000561083,0.171731731,chr19,39443344,S_Shelf,FBXO17;FBXO17,NM_024907;NM_148169,5'UTR;TSS200,Unclassified_Cell_type_specific
cg03535985,0.000124909,0.029315042,-0.159374038,chr16,12656958,OpenSea,SNX29,NM_001080530,Body,
cg03567554,0.000310222,0.04060654,-0.106696154,chr11,121324076,S_Shore,SORL1,NM_003105,Body,
cg03593471,2.03E-07,0.001771163,0.205844231,chr8,10709415,OpenSea,,,,
cg03612233,3.20E-06,0.007236798,-0.134580769,chr3,111386652,OpenSea,,,,Promoter_Associated
cg03638795,0.000330761,0.041804953,-0.107854808,chr11,416499,Island,SIGIRR;SIGIRR,NM_001135053;NM_021805,5'UTR;5'UTR,
cg03687532,6.22E-12,4.82E-06,0.130553846,chr16,54228358,Island,,,,
cg03836261,3.40E-06,0.007449031,-0.131525962,chr15,75941073,S_Shore,SNX33,NM_153271,TSS1500,
cg03906434,9.60E-07,0.004036453,-0.268992308,chr7,27231819,Island,,,,
cg03929570,2.77E-05,0.017155105,0.176428846,chr16,70484978,N_Shelf,,,,
cg03930209,0.000480429,0.047749219,0.158710577,chr7,156735466,Island,,,,Unclassified_Cell_type_specific
cg03951833,0.000235162,0.036535782,0.226458654,chr1,147801103,OpenSea,,,,
cg03959796,2.85E-05,0.017245789,-0.170099038,chr17,79139311,N_Shore,AATK;AATK-AS1,NM_001080395;NR_027255,Body;Body,Unclassified_Cell_type_specific
cg03982376,0.000107048,0.027689154,-0.117916346,chr6,149806659,OpenSea,ZC3H12D,NM_207360,TSS1500,Promoter_Associated
cg03996735,2.80E-05,0.017155543,0.130113462,chr11,2020104,S_Shore,H19,NR_002196,TSS1500,
cg04004638,4.27E-06,0.008115364,0.140519231,chr20,34787662,OpenSea,EPB41L1;EPB41L1;EPB41L1;EPB41L1;EPB41L1,NM_012156;NM_001258329;NM_177996;NM_001258331;NM_001258330,Body;Body;Body;Body;Body,Unclassified
cg04014328,0.000486047,0.047918288,0.1024,chr17,46653615,N_Shore,HOXB4,NM_024015,3'UTR,
cg04015962,0.000135948,0.030361585,0.105707692,chr1,10949192,OpenSea,,,,
cg04056617,0.00025905,0.037967766,-0.158724038,chr20,49432062,OpenSea,BCAS4;BCAS4;BCAS4,NM_017843;NM_001010974;NM_198799,Body;Body;Body,Unclassified
cg04120329,0.000246731,0.037149723,-0.107851923,chr10,135160120,OpenSea,PRAP1;PRAP1,NM_145202;NM_001145201,TSS1500;TSS1500,
cg04149015,2.64E-05,0.016821105,0.149572115,chr16,31159854,Island,PRSS36,NM_173502,Body,
cg04212933,2.95E-08,0.000601139,-0.162853846,chr16,4587496,N_Shore,CDIP1;CDIP1;CDIP1;CDIP1,NM_001199054;NM_013399;NM_001199056;NM_001199055,5'UTR;5'UTR;5'UTR;5'UTR,
cg04214976,7.46E-06,0.010347254,0.114510577,chr12,3388716,OpenSea,TSPAN9;TSPAN9,NM_006675;NM_001168320,Body;Body,
cg04351607,2.69E-05,0.016939018,-0.143178846,chr2,181276670,OpenSea,,,,
cg04356233,1.55E-06,0.005231717,-0.113066346,chr4,683376,S_Shore,MFSD7;MFSD7;MFSD7,NM_032219;NM_001294341;NM_001294342,TSS200;TSS200;TSS200,Unclassified_Cell_type_specific
cg04359250,9.77E-08,0.001200779,-0.100193269,chr5,149865150,Island,,,,
cg04400533,3.44E-05,0.018537612,-0.141989423,chr3,185788716,OpenSea,ETV5,NM_004454,Body,
cg04413853,3.69E-06,0.007630196,-0.148616346,chr17,58499706,S_Shore,C17orf64,NM_181707,TSS200,
cg04506190,0.000216501,0.035301105,-0.109030769,chr3,129323941,Island,PLXND1,NM_015103,Body,
cg04516022,0.000503128,0.048448053,0.113604808,chr7,155283233,N_Shore,,,,Unclassified_Cell_type_specific
cg04518195,4.70E-05,0.020672474,0.171980769,chr19,51020534,Island,LRRC4B,NM_001080457,3'UTR,Unclassified_Cell_type_specific
cg04547002,0.000421815,0.045446893,-0.114523077,chr5,122551801,OpenSea,,,,
cg04550543,4.86E-06,0.008577598,0.116266346,chr12,2166494,S_Shelf,CACNA1C;CACNA1C;CACNA1C;CACNA1C;CACNA1C;CACNA1C;CACNA1C;CACNA1C;CACNA1C;CACNA1C;CACNA1C;CACNA1C;CACNA1C;CACNA1C;CACNA1C;CACNA1C;CACNA1C;CACNA1C;CACNA1C;CACNA1C;CACNA1C;CACNA1C;CACNA1C,NM_001167625;NM_001129841;NM_001129842;NM_001129832;NM_001167623;NM_001129835;NM_001129843;NM_001129827;NM_000719;NM_001129829;NM_001129840;NM_001129838;NM_001129836;NM_001129834;NM_001167624;NM_199460;NM_001129837;NM_001129844;NM_001129831;NM_001129830;NM_001129846;NM_001129833;NM_001129839,Body;Body;Body;Body;Body;Body;Body;Body;Body;Body;Body;Body;Body;Body;Body;Body;Body;Body;Body;Body;Body;Body;Body,
cg04559928,1.39E-05,0.013602414,-0.132159615,chr7,102056278,OpenSea,LOC100630923;PRKRIP1,NR_038967;NM_024653,Body;Body,Unclassified_Cell_type_specific
cg04582871,4.47E-05,0.020259638,0.154349038,chr11,63827695,OpenSea,MACROD1,NM_014067,Body,
cg04638150,5.77E-05,0.022152946,0.105402885,chr11,62273418,OpenSea,AHNAK,NM_024060,Body,
cg04671742,2.79E-05,0.017155105,-0.158264423,chr12,6881997,N_Shore,LAG3;LAG3,NM_002286;NM_002286,1stExon;5'UTR,Unclassified
cg04721793,5.84E-05,0.022273936,-0.115516346,chr9,132319760,OpenSea,,,,
cg04768576,5.74E-05,0.022102141,-0.111208654,chr11,80572887,OpenSea,,,,
cg04799958,1.18E-05,0.01257093,-0.143285577,chr12,53343849,S_Shore,KRT18;KRT18,NM_000224;NM_199187,Body;Body,
cg04826488,2.76E-05,0.017125831,-0.104880769,chr8,110378586,S_Shelf,PKHD1L1,NM_177531,Body,
cg04827594,6.42E-06,0.009479005,0.106844231,chr10,61874573,OpenSea,ANK3;ANK3;ANK3;ANK3,NM_001149;NM_020987;NM_001204404;NM_001204403,Body;Body;Body;Body,
cg04839131,8.66E-06,0.011096806,0.201558654,chr7,150644715,Island,KCNH2;KCNH2,NM_172057;NM_000238,Body;Body,Unclassified_Cell_type_specific
cg04863892,2.78E-06,0.006717461,0.199080769,chr7,27183375,Island,HOXA5,NM_019102,TSS200,Unclassified
cg04981619,0.000111068,0.028088415,0.196352885,chr2,43328122,Island,,,,
cg05017199,0.000207698,0.034988049,0.158849038,chr7,150497065,Island,TMEM176B;TMEM176B;TMEM176A;TMEM176B;TMEM176B;TMEM176B,NM_001101313;NM_001101311;NM_018487;NM_014020;NM_001101312;NM_001101314,TSS1500;5'UTR;TSS1500;5'UTR;5'UTR;5'UTR,Unclassified_Cell_type_specific
cg05053440,0.000266881,0.03838569,0.179538462,chr1,227748442,Island,,,,Unclassified_Cell_type_specific
cg05067427,2.10E-06,0.00616578,0.247297115,chr16,54227914,N_Shore,,,,Unclassified
cg05067754,0.000366062,0.043393003,-0.126424038,chr2,198734776,OpenSea,PLCL1,NM_006226,Body,
cg05083852,3.08E-06,0.007099588,-0.122495192,chr16,81480610,S_Shore,CMIP,NM_198390,Body,
cg05121013,0.000434022,0.045981197,0.109110577,chr8,18744513,OpenSea,PSD3,NM_015310,Body,
cg05130679,1.76E-07,0.001679183,-0.154051923,chr11,94502824,S_Shore,AMOTL1,NM_130847,Body,
cg05150608,9.41E-06,0.011486108,0.167716346,chr14,102990211,OpenSea,,,,Promoter_Associated
cg05177637,0.000294498,0.039777477,0.116480769,chr2,20213270,S_Shore,MATN3,NM_002381,TSS1500,
cg05202858,0.000518835,0.048836831,0.100631731,chr3,191773926,OpenSea,,,,
cg05308504,5.86E-06,0.009104586,0.144307692,chr16,30573013,Island,,,,
cg05328359,3.78E-05,0.019102474,-0.103624038,chr3,122514679,S_Shore,DIRC2,NM_032839,Body,
cg05329578,8.49E-05,0.025450308,0.246518269,chr9,2241688,N_Shore,,,,Unclassified
cg05373657,1.08E-06,0.004213375,0.125053846,chr7,130126637,Island,MEST,NM_177524,5'UTR,Promoter_Associated
cg05418719,1.64E-09,0.000101988,-0.130749038,chr17,54676595,S_Shore,,,,Unclassified_Cell_type_specific
cg05429921,0.000109051,0.027893829,0.1935875,chr19,13135318,Island,NFIX;NFIX;NFIX,NM_001271043;NM_001271044;NM_002501,TSS200;Body;Body,
cg05487134,3.44E-05,0.018537612,-0.193145192,chr17,40489569,OpenSea,STAT3;STAT3;STAT3,NM_213662;NM_003150;NM_139276,Body;Body;Body,Unclassified
cg05499178,4.41E-05,0.020163209,0.104161538,chr11,69285980,Island,,,,
cg05504117,0.000243813,0.036955177,0.175332692,chr17,71898904,S_Shore,,,,
cg05543030,6.93E-06,0.009871568,0.132657692,chr2,45005364,OpenSea,,,,Unclassified_Cell_type_specific
cg05568941,0.000508801,0.048553689,0.136335577,chr17,38517913,N_Shore,GJD3;GJD3,NM_152219;NM_152219,1stExon;3'UTR,
cg05639522,4.48E-05,0.020276871,0.164007692,chr1,247681581,Island,,,,
cg05650680,0.000222436,0.035675239,0.130207692,chr8,1765217,S_Shore,MIR596,NR_030326,TSS200,Unclassified_Cell_type_specific
cg05654832,7.55E-05,0.024680427,-0.200716346,chr2,27301651,N_Shelf,EMILIN1;EMILIN1,NM_007046;NM_007046,5'UTR;1stExon,
cg05708512,3.75E-05,0.018979818,-0.104665385,chr5,31731391,OpenSea,,,,
cg05783384,4.43E-05,0.020167799,0.164082692,chr2,218843735,Island,,,,
cg05822888,1.83E-06,0.005697881,0.183464423,chr17,46656892,S_Shore,HOXB4,NM_024015,TSS1500,
cg05825702,2.32E-05,0.016118089,0.126114423,chr19,51069461,Island,LRRC4B,NM_001080457,5'UTR,
cg05829145,1.04E-05,0.011769607,-0.128523077,chr8,143279882,OpenSea,NCRNA00051,NR_024378,Body,Unclassified_Cell_type_specific
cg05843457,0.000238898,0.036737751,0.152899038,chr1,158147849,Island,,,,
cg05898618,0.00043112,0.045833889,-0.169474038,chr11,2555576,Island,KCNQ1;KCNQ1,NM_000218;NM_181798,Body;Body,
cg05927817,0.00016497,0.032320008,0.160718269,chr6,18020357,OpenSea,,,,
cg05973772,1.32E-05,0.013218353,0.272942308,chr4,154178277,OpenSea,TRIM2;TRIM2,NM_015271;NM_001130067,Body;5'UTR,
cg06009834,3.41E-05,0.018462591,-0.107435577,chr13,44833543,OpenSea,,,,
cg06047127,2.05E-05,0.015458062,-0.127783654,chr7,110163024,OpenSea,,,,
cg06067169,0.000304543,0.040315485,-0.213451923,chr16,89118861,Island,,,,Unclassified_Cell_type_specific
cg06108849,0.000360044,0.043171847,-0.107469231,chr11,130397805,OpenSea,,,,
cg06123581,0.000401331,0.044596511,-0.140199038,chr12,67428118,OpenSea,,,,
cg06181697,0.00018587,0.033501874,0.109040385,chr3,50294603,N_Shelf,GNAI2;GNAI2,NM_001166425;NM_002070,Body;Body,Unclassified
cg06188367,0.000208836,0.03502532,0.2139125,chr10,45359611,N_Shore,,,,Promoter_Associated
cg06202544,0.000243695,0.036955177,-0.258755769,chr22,33801400,OpenSea,LARGE;LARGE,NM_004737;NM_133642,Body;Body,
cg06216853,5.26E-05,0.021396496,-0.130185577,chr5,22320049,OpenSea,CDH12,NM_004061,5'UTR,
cg06218338,8.62E-07,0.003869259,-0.218469231,chr7,27231894,Island,,,,
cg06222397,4.44E-07,0.002780871,0.108135577,chr16,86953019,OpenSea,,,,
cg06223736,0.000507541,0.048517403,-0.140573077,chr2,240142694,OpenSea,HDAC4,NM_006037,Body,
cg06286618,1.03E-09,7.99E-05,0.267957692,chr16,86987702,OpenSea,,,,
cg06318402,1.20E-05,0.01267506,0.103992308,chr1,244894363,Island,,,,
cg06377543,0.000137745,0.030488602,0.118291346,chr18,23713657,N_Shore,PSMA8;PSMA8;PSMA8,NM_144662;NM_001025097;NM_001025096,TSS200;TSS200;TSS200,
cg06399164,1.85E-05,0.015034619,-0.116250962,chr3,42695035,N_Shore,ZBTB47,NM_145166,TSS200,
cg06421013,0.000312299,0.040711731,-0.161289423,chr20,19194143,S_Shore,SLC24A3,NM_020689,Body,
cg06429507,0.000123988,0.029301069,-0.1277625,chr9,82677132,OpenSea,,,,
cg06482857,0.000475764,0.047558688,0.186393269,chr2,24397819,Island,FAM228A,NM_001040710,TSS200,
cg06586734,5.50E-07,0.003177498,0.222792308,chr4,62009326,OpenSea,,,,
cg06660976,0.000209638,0.035053462,0.117082692,chr16,86767566,OpenSea,,,,
cg06674311,0.000537464,0.049430116,-0.1265375,chr8,58740949,OpenSea,,,,
cg06677021,2.54E-05,0.016523848,-0.125688462,chr5,79490511,OpenSea,SERINC5,NM_178276,Body,
cg06710259,0.000301845,0.040213839,-0.109447115,chr5,55775841,N_Shore,,,,Unclassified
cg06729532,0.000216572,0.035305146,0.151355769,chr19,14376770,Island,,,,
cg06758847,0.000192376,0.033964706,0.235203846,chr8,18712428,OpenSea,PSD3,NM_015310,Body,
cg06813382,3.56E-06,0.007521179,0.166508654,chr10,81967195,Island,,,,
cg06813862,3.15E-07,0.002172616,-0.129415385,chr12,89346059,OpenSea,,,,
cg06832339,0.000134876,0.030270738,-0.110046154,chr7,23842119,OpenSea,STK31;STK31;STK31,NM_032944;NM_031414;NM_001122833,Body;Body;Body,
cg06834916,8.51E-05,0.025450351,-0.147455769,chr5,95610,S_Shelf,,,,
cg06849778,0.000174408,0.032783522,0.141056731,chr1,16847214,N_Shore,,,,Unclassified_Cell_type_specific
cg06881666,0.00014243,0.030739231,-0.153920192,chr2,83309532,OpenSea,,,,
cg06891424,0.000439942,0.046234864,0.140646154,chr19,38983109,OpenSea,RYR1;RYR1;RYR1;RYR1,NM_000540;NM_001042723;NM_000540;NM_001042723,ExonBnd;ExonBnd;Body;Body,
cg06891458,0.000417409,0.045228052,0.111520192,chr15,41951943,N_Shore,MGA;MGA,NM_001164273;NM_001080541,TSS1500;TSS1500,Promoter_Associated
cg06911238,3.25E-06,0.00726664,-0.156015385,chr1,46859671,N_Shore,FAAH,NM_001441,TSS1500,
cg06912229,0.000518773,0.048836831,-0.159275962,chr7,27253382,Island,,,,
cg06913600,1.82E-05,0.014962639,-0.127135577,chr2,43020682,S_Shore,HAAO,NM_012205,TSS1500,Unclassified
cg06958145,2.77E-06,0.006717461,0.238135577,chr4,154178415,OpenSea,TRIM2;TRIM2;TRIM2;TRIM2;TRIM2,NM_001302694;NM_001130067;NM_001302692;NM_001302693;NM_015271,TSS200;5'UTR;Body;Body;Body,
cg07008193,4.27E-05,0.019920962,0.124152885,chr11,46318527,S_Shore,CREB3L1,NM_052854,Body,Unclassified_Cell_type_specific
cg07014891,2.93E-05,0.01748378,-0.125896154,chr10,81964234,N_Shore,ANXA11;ANXA11;ANXA11;ANXA11;ANXA11;ANXA11;ANXA11,NM_001278408;NM_001278409;NM_001278408;NM_145869;NM_145868;NM_001157;NM_001278407,1stExon;5'UTR;5'UTR;5'UTR;5'UTR;5'UTR;5'UTR,Promoter_Associated
cg07044859,0.000280503,0.039056174,0.267910577,chr10,101282883,Island,,,,
cg07053641,4.02E-10,5.19E-05,0.107311538,chr4,5661997,OpenSea,EVC2;EVC2,NM_001166136;NM_147127,Body;Body,
cg07068322,0.000252793,0.037587584,0.119753846,chr8,67782843,OpenSea,MCMDC2;MCMDC2;MCMDC2,NM_001136160;NM_173518;NM_001136161,TSS1500;TSS200;TSS200,Promoter_Associated_Cell_type_specific
cg07069368,8.33E-05,0.025353604,0.1728,chr6,45294931,OpenSea,RUNX2;RUNX2;RUNX2;RUNX2;SUPT3H;SUPT3H;SUPT3H,NM_001015051;NM_001024630;NR_103533;NR_103532;NM_181356;NM_003599;NM_001261823,TSS1500;TSS1500;TSS1500;TSS1500;5'UTR;Body;5'UTR,
cg07145284,0.00013632,0.030416208,-0.114277885,chr11,66084631,S_Shore,CD248,NM_020404,TSS200,Unclassified
cg07147160,0.000261578,0.038122406,0.104045192,chr16,86713770,N_Shore,,,,
cg07187827,3.13E-05,0.017819305,-0.102032692,chr9,140197798,S_Shore,NRARP,NM_001004354,TSS1500,Promoter_Associated
cg07224291,1.02E-05,0.011738661,-0.174205769,chr6,133777802,OpenSea,EYA4;EYA4;EYA4,NM_172105;NM_172103;NM_004100,Body;Body;Body,
cg07236114,0.000185196,0.033444734,-0.125210577,chr11,84254533,OpenSea,DLG2;DLG2,NM_001142699;NM_001364,Body;Body,
cg07251788,0.000326913,0.041534985,-0.141095192,chr22,19280165,S_Shore,CLTCL1;CLTCL1,NM_007098;NM_001835,TSS1500;TSS1500,Promoter_Associated_Cell_type_specific
cg07264025,0.000233265,0.036362556,-0.152338462,chr12,86658860,OpenSea,MGAT4C,NM_013244,5'UTR,
cg07267782,5.31E-06,0.008713934,-0.122505769,chr6,54711227,Island,FAM83B,NM_001010872,TSS1500,
cg07272474,1.18E-06,0.004375935,0.121780769,chr12,82386333,OpenSea,LOC101928449,NR_110089,Body,Unclassified_Cell_type_specific
cg07274694,6.17E-05,0.022695725,0.129119231,chr16,86860801,OpenSea,,,,
cg07304536,1.30E-08,0.000403674,0.332365385,chr16,86987635,OpenSea,,,,
cg07313626,6.76E-08,0.001068248,0.196080769,chr1,247681931,Island,,,,
cg07525299,2.25E-07,0.00185142,0.152077885,chr11,2293171,S_Shore,ASCL2,NM_005170,TSS1500,
cg07541758,9.12E-06,0.011380536,-0.123703846,chr4,64162705,OpenSea,,,,
cg07546943,7.41E-06,0.01029325,-0.100334615,chr2,236523362,OpenSea,AGAP1;AGAP1,NM_014914;NM_001037131,Body;Body,
cg07600533,0.000511619,0.048643212,0.133217308,chr22,50986031,Island,KLHDC7B,NM_138433,TSS1500,
cg07613512,0.000124864,0.029315042,0.135898077,chr11,125199884,OpenSea,PKNOX2,NM_022062,5'UTR,
cg07616871,0.000183963,0.033354378,0.169336538,chr2,218843504,Island,,,,
cg07623518,0.000319793,0.041129303,0.101295192,chr2,46523574,N_Shore,EPAS1,NM_001430,TSS1500,
cg07652628,1.13E-05,0.012211822,-0.168242308,chr12,53343514,S_Shore,KRT18;KRT18,NM_000224;NM_199187,Body;Body,
cg07668501,1.90E-05,0.015125334,0.2911,chr16,86766712,OpenSea,,,,
cg07689920,7.50E-05,0.024646338,0.108070192,chr11,73356316,OpenSea,PLEKHB1;PLEKHB1,NM_021200;NM_001130033,TSS1500;TSS1500,
cg07707057,0.000517538,0.048823372,-0.142719231,chr2,157656620,OpenSea,,,,
cg07747428,0.000107521,0.027750239,-0.118423077,chr3,99085706,OpenSea,,,,
cg07758738,2.30E-06,0.006437496,0.208892308,chr18,12911528,Island,,,,Unclassified_Cell_type_specific
cg07851807,2.39E-08,0.000561083,0.173078846,chr1,44024223,OpenSea,PTPRF;PTPRF,NM_130440;NM_002840,Body;Body,Unclassified_Cell_type_specific
cg07880854,1.73E-05,0.014579707,0.188417308,chr2,112895559,N_Shore,FBLN7;FBLN7,NM_001128165;NM_153214,TSS1500;TSS1500,Unclassified_Cell_type_specific
cg07891670,1.16E-08,0.000403413,0.205480769,chr19,39443412,S_Shelf,FBXO17;FBXO17;FBXO17,NM_148169;NR_104026;NM_024907,TSS200;Body;5'UTR,Unclassified_Cell_type_specific
cg07946035,6.46E-05,0.023112572,0.130625,chr8,20207669,OpenSea,,,,
cg07946633,2.83E-05,0.017190136,-0.111159615,chr1,2984245,Island,FLJ42875;PRDM16;FLJ42875;PRDM16,NR_024371;NM_199454;NR_015440;NM_022114,Body;TSS1500;Body;TSS1500,
cg07992435,6.42E-05,0.023043729,-0.105796154,chr11,67182615,N_Shore,CARNS1;CARNS1,NM_001166222;NM_020811,TSS1500;TSS1500,Unclassified_Cell_type_specific
cg08043536,0.000110377,0.028047631,-0.114924038,chr3,28071539,OpenSea,,,,
cg08089567,1.31E-05,0.013172521,0.288771154,chr21,45705994,Island,AIRE,NM_000383,1stExon,
cg08103496,0.000322191,0.041256924,-0.160623077,chr12,1906917,S_Shore,CACNA2D4,NM_172364,Body,
cg08151866,3.98E-05,0.019435005,-0.120452885,chr19,15343425,N_Shore,EPHX3;EPHX3,NM_001142886;NM_024794,5'UTR;TSS200,Unclassified_Cell_type_specific
cg08157318,8.46E-06,0.010990316,-0.118499038,chr12,102224140,N_Shore,GNPTAB,NM_024312,Body,Promoter_Associated
cg08189223,5.70E-06,0.009008976,-0.112118269,chr7,144107509,OpenSea,NOBOX,NM_001080413,TSS200,
cg08217285,9.29E-06,0.011472482,-0.117440385,chr17,27917879,N_Shore,GIT1;GIT1,NM_014030;NM_001085454,TSS1500;TSS1500,Unclassified
cg08233624,1.66E-05,0.014394702,0.100619231,chr5,163774596,OpenSea,,,,
cg08234689,3.64E-06,0.00761213,0.227908654,chr7,127910927,Island,,,,
cg08309687,5.65E-05,0.021925762,-0.143899038,chr21,35320596,OpenSea,,,,Promoter_Associated
cg08317907,6.25E-05,0.022799846,-0.137045192,chr2,156490617,OpenSea,,,,
cg08319974,0.000508166,0.048533703,0.163823077,chr6,164506861,OpenSea,,,,
cg08322008,2.32E-05,0.016118089,0.131910577,chr8,30245118,S_Shelf,RBPMS;RBPMS;RBPMS;RBPMS,NM_001008712;NM_001008711;NM_001008710;NM_006867,Body;Body;Body;Body,
cg08331374,1.03E-07,0.001219729,-0.146242308,chr7,27231090,N_Shore,,,,
cg08350509,4.64E-05,0.020571207,0.156808654,chr19,3028220,N_Shore,TLE2;TLE2;TLE2,NM_003260;NM_001144762;NM_001144761,Body;Body;Body,Unclassified_Cell_type_specific
cg08356445,5.20E-05,0.02131392,0.126167308,chr12,67461558,N_Shore,,,,Unclassified_Cell_type_specific
cg08362283,0.000216436,0.035298067,-0.196843269,chr16,89119663,Island,,,,Unclassified_Cell_type_specific
cg08379987,0.000392414,0.044365945,0.132940385,chr13,31507139,OpenSea,C13orf26,NM_152325,Body,
cg08435674,8.69E-05,0.025626205,0.101335577,chr6,36308494,OpenSea,,,,Unclassified
cg08498747,2.42E-05,0.016279293,-0.193234615,chr17,41747669,OpenSea,,,,Unclassified_Cell_type_specific
cg08516408,0.000402476,0.044648453,-0.179549038,chr17,71589077,OpenSea,SDK2,NM_001144952,Body,
cg08623193,2.38E-05,0.016273708,-0.157305769,chr10,25009527,N_Shelf,ARHGAP21,NM_020824,Body,
cg08745665,4.97E-08,0.000894475,0.115160577,chr4,10460009,S_Shore,ZNF518B,NM_053042,TSS1500,
cg08791563,1.23E-05,0.012795801,-0.15395,chr2,66736054,OpenSea,MEIS1,NM_002398,Body,
cg08809526,5.94E-05,0.0224304,-0.120535577,chr14,100027909,OpenSea,CCDC85C,NM_001144995,Body,
cg08817764,1.31E-05,0.013172521,0.130413462,chr9,97857620,OpenSea,,,,
cg08820801,4.07E-05,0.019574156,-0.127545192,chr19,39465821,N_Shore,FBXO17,NM_024907,5'UTR,
cg08871545,9.75E-06,0.011572611,-0.118389423,chr1,48559803,OpenSea,,,,Unclassified
cg08889009,1.99E-05,0.015334786,0.187075962,chr15,59157123,Island,,,,Unclassified_Cell_type_specific
cg08949974,6.32E-05,0.022891457,-0.102556731,chr4,40632860,S_Shore,RBM47,NM_001098634,TSS1500,Unclassified_Cell_type_specific
cg08950537,0.000190139,0.033833221,0.168436538,chr10,95361933,S_Shore,RBP4,NM_006744,TSS1500,
cg09173348,0.000383736,0.04402209,-0.113063462,chr17,37322431,S_Shore,ARL5C,NM_001143968,TSS200,
cg09174162,8.54E-05,0.025504004,-0.155722115,chr7,2150845,N_Shelf,MAD1L1;MAD1L1;MAD1L1,NM_003550;NM_001013837;NM_001013836,Body;Body;Body,
cg09177567,7.80E-05,0.024890387,0.197442308,chr8,1765312,S_Shore,MIR596,NR_030326,TSS200,Unclassified_Cell_type_specific
cg09207400,0.000184337,0.033383109,0.190894231,chr7,27183382,Island,HOXA5;HOXA-AS3,NM_019102;NR_038832,TSS200;Body,Unclassified
cg09236382,3.22E-05,0.017976474,-0.184154808,chr11,6676366,N_Shore,DCHS1,NM_003737,5'UTR,Promoter_Associated_Cell_type_specific
cg09283043,0.000405807,0.044752803,-0.110650962,chr7,27230252,N_Shore,,,,Unclassified_Cell_type_specific
cg09284708,1.09E-08,0.000403413,-0.144880769,chr6,39901897,Island,MOCS1;MOCS1,NR_033233;NM_001075098,Body;Body,Unclassified_Cell_type_specific
cg09293007,5.73E-10,5.84E-05,-0.261034615,chr15,31697601,OpenSea,KLF13,NM_001302461,Body,
cg09336899,0.000312497,0.040713149,0.106215385,chr2,233766002,Island,NGEF;NGEF,NM_019850;NM_001114090,Body;Body,
cg09360631,2.00E-06,0.006019493,0.100118269,chr8,100624498,OpenSea,VPS13B;VPS13B,NM_152564;NM_017890,Body;Body,
cg09421083,0.000270558,0.038592666,-0.117038462,chr10,134358535,N_Shore,INPP5A,NM_005539,Body,Promoter_Associated_Cell_type_specific
cg09497409,5.50E-05,0.021670152,-0.2041375,chr19,8275083,S_Shore,LASS4,NM_024552,5'UTR,
cg09549073,0.000409934,0.044899217,0.153627885,chr7,27183274,Island,HOXA5;HOXA5,NM_019102;NM_019102,5'UTR;1stExon,Unclassified
cg09576209,6.09E-08,0.001029719,0.221391346,chr12,2339614,Island,CACNA1C;CACNA1C;CACNA1C;CACNA1C;CACNA1C;CACNA1C;CACNA1C;CACNA1C;CACNA1C;CACNA1C;CACNA1C;CACNA1C;CACNA1C;CACNA1C;CACNA1C;CACNA1C;CACNA1C;CACNA1C;CACNA1C;CACNA1C;CACNA1C;CACNA1C;CACNA1C,NM_001129844;NM_001129827;NM_001129839;NM_001129834;NM_001129841;NM_000719;NM_001129830;NM_001167625;NM_001129843;NM_001167624;NM_001129835;NM_001129837;NM_001167623;NM_001129840;NM_199460;NM_001129833;NM_001129832;NM_001129829;NM_001129846;NM_001129836;NM_001129838;NM_001129831;NM_001129842,Body;Body;Body;Body;Body;Body;Body;Body;Body;Body;Body;Body;Body;Body;Body;Body;Body;Body;Body;Body;Body;Body;Body,
cg09614479,2.95E-08,0.000601139,0.170055769,chr10,81967536,S_Shore,,,,
cg09621330,0.000207074,0.034961885,0.225810577,chr16,54685651,OpenSea,,,,
cg09666988,1.60E-05,0.01424624,-0.106096154,chr4,83436999,OpenSea,TMEM150C,NM_001080506,5'UTR,
cg09764150,9.63E-05,0.026676732,0.127450962,chr14,64747114,OpenSea,ESR2;ESR2;ESR2;MIR548AZ;ESR2;ESR2;ESR2;ESR2;ESR2;ESR2,NM_001214902;NM_001271876;NM_001271877;NR_106755;NR_073496;NM_001040275;NM_001291723;NM_001291712;NR_073497;NM_001437,Body;Body;Body;Body;Body;Body;Body;Body;Body;Body,
cg09776772,0.00024078,0.036770383,-0.1137125,chr7,2150534,OpenSea,MAD1L1;MAD1L1;MAD1L1,NM_003550;NM_001013837;NM_001013836,Body;Body;Body,
cg09810593,0.000146054,0.031078225,0.113442308,chr19,49244126,S_Shore,RASIP1,NM_017805,TSS200,
cg09856074,5.52E-06,0.008888864,-0.135098077,chr14,51853814,OpenSea,,,,
cg09856367,3.34E-05,0.018376646,0.102909615,chr3,134124508,N_Shore,,,,
cg09862219,0.000282144,0.039157786,0.159036538,chr2,112895636,N_Shore,FBLN7;FBLN7,NM_001128165;NM_153214,TSS1500;TSS1500,Unclassified_Cell_type_specific
cg09873989,0.000171593,0.032751399,-0.129447115,chr7,73785652,OpenSea,CLIP2;CLIP2,NM_003388;NM_032421,Body;Body,
cg09888648,0.000360834,0.043171847,-0.112170192,chr8,143456215,OpenSea,TSNARE1;TSNARE1,NM_145003;NM_001291931,5'UTR;5'UTR,
cg09954631,7.64E-05,0.024769674,0.244228846,chr9,94648732,Island,ROR2,NM_004560,Body,
cg09973105,2.07E-06,0.006151198,-0.1272,chr4,154681532,S_Shore,RNF175,NM_173662,TSS200,
cg10016364,0.000495361,0.048283282,-0.107510577,chr1,159770136,OpenSea,,,,Unclassified_Cell_type_specific
cg10099638,7.67E-06,0.010463667,-0.138959615,chr21,47517484,N_Shore,COL6A2;COL6A2;COL6A2,NM_058174;NM_001849;NM_058175,TSS1500;TSS1500;TSS1500,Unclassified_Cell_type_specific
cg10186366,7.08E-05,0.023998758,0.193183654,chr17,71898817,S_Shore,,,,
cg10208574,6.24E-05,0.022799846,-0.107427885,chr14,65749570,S_Shelf,,,,Unclassified_Cell_type_specific
cg10227331,1.24E-05,0.012835506,0.135675962,chr1,8181647,OpenSea,,,,
cg10234998,3.02E-06,0.007032362,-0.203818269,chr6,29601491,S_Shore,GABBR1;GABBR1,NM_001470;NM_021904,TSS1500;TSS1500,
cg10279701,3.04E-06,0.007051173,0.126208654,chr9,98948847,OpenSea,,,,
cg10312186,7.06E-05,0.023980102,-0.129277885,chr6,170403583,S_Shore,,,,Unclassified
cg10347828,7.97E-05,0.025073823,0.150775,chr19,49244040,S_Shore,RASIP1,NM_017805,TSS200,
cg10351829,0.00020038,0.034538361,-0.104561538,chr10,134661550,OpenSea,,,,Unclassified_Cell_type_specific
cg10358466,4.27E-05,0.019932997,0.145953846,chr3,168958728,OpenSea,MECOM;MECOM,NM_001205194;NM_004991,5'UTR;Body,
cg10365562,8.67E-05,0.025626205,0.112957692,chr3,46615549,N_Shelf,LRRC2,NM_024750,5'UTR,
cg10401537,3.06E-06,0.007059308,-0.236823077,chr16,4587748,N_Shore,CDIP1;CDIP1;CDIP1;CDIP1,NM_001199054;NM_013399;NM_001199056;NM_001199055,5'UTR;5'UTR;5'UTR;5'UTR,
cg10424681,3.92E-05,0.019411082,0.201602885,chr6,4079350,Island,C6orf201;C6orf146;C6orf146,NM_001085401;NM_173563;NM_173563,TSS200;5'UTR;1stExon,
cg10425698,2.09E-05,0.015554947,0.225304808,chr16,75468281,S_Shore,CFDP1,NM_006324,TSS1500,
cg10516993,0.000110016,0.02800964,0.1351875,chr1,158147446,Island,,,,
cg10563898,6.54E-05,0.023235871,-0.102070192,chr3,190629224,OpenSea,,,,
cg10588516,0.000519095,0.048841276,0.107604808,chr21,44593766,S_Shore,,,,Unclassified_Cell_type_specific
cg10612274,0.000101989,0.02726423,0.217629808,chr11,63827432,OpenSea,MACROD1,NM_014067,Body,Unclassified_Cell_type_specific
cg10635895,6.15E-07,0.003289806,0.2491,chr12,2339439,Island,CACNA1C;CACNA1C;CACNA1C;CACNA1C;CACNA1C;CACNA1C;CACNA1C;CACNA1C;CACNA1C;CACNA1C;CACNA1C;CACNA1C;CACNA1C;CACNA1C;CACNA1C;CACNA1C;CACNA1C;CACNA1C;CACNA1C;CACNA1C;CACNA1C;CACNA1C;CACNA1C,NM_001129844;NM_001129827;NM_001129839;NM_001129834;NM_001129841;NM_000719;NM_001129830;NM_001167625;NM_001129843;NM_001167624;NM_001129835;NM_001129837;NM_001167623;NM_001129840;NM_199460;NM_001129833;NM_001129832;NM_001129829;NM_001129846;NM_001129836;NM_001129838;NM_001129831;NM_001129842,Body;Body;Body;Body;Body;Body;Body;Body;Body;Body;Body;Body;Body;Body;Body;Body;Body;Body;Body;Body;Body;Body;Body,
cg10775231,8.31E-06,0.010918395,0.118278846,chr10,81967666,S_Shore,,,,
cg10792302,6.41E-06,0.009479005,-0.108618269,chr12,54376019,N_Shelf,,,,
cg10843343,1.91E-05,0.015125334,-0.154686538,chr12,53298027,S_Shore,KRT8,NM_002273,Body,
cg10865498,2.51E-05,0.016413106,-0.101880769,chr20,35975022,S_Shore,SRC;SRC,NM_198291;NM_005417,5'UTR;5'UTR,
cg10911980,9.60E-07,0.004036453,-0.151660577,chr3,43146909,N_Shore,C3orf39,NM_032806,5'UTR,Promoter_Associated
cg10963061,0.000179819,0.033083413,0.124431731,chr1,158147729,Island,,,,
cg11126134,0.000177698,0.032913074,0.233173077,chr13,31480304,Island,C13orf33,NM_032849,TSS200,
cg11145269,0.000454071,0.04676117,-0.127473077,chr18,30192761,OpenSea,,,,
cg11166453,1.13E-07,0.001287521,0.256245192,chr1,247681781,Island,,,,
cg11197905,1.02E-05,0.011729877,0.157420192,chr4,10459435,S_Shore,ZNF518B,NM_053042,TSS1500,
cg11233105,0.000258217,0.037886197,0.126386538,chr7,39054495,OpenSea,POU6F2;POU6F2,NM_001166018;NM_007252,Body;Body,
cg11286463,5.73E-06,0.009015772,0.138199038,chr19,7667607,OpenSea,CAMSAP3;CAMSAP3,NM_001080429;NM_020902,Body;Body,
cg11296759,8.44E-05,0.025427294,0.143363462,chr12,7592993,Island,CD163L1,NM_174941,Body,
cg11315777,1.47E-05,0.013781149,0.281638462,chr21,30449989,S_Shelf,MAP3K7CL;MAP3K7CL;MAP3K7CL;MAP3K7CL;MAP3K7CL;MAP3K7CL;MAP3K7CL;MAP3K7CL;MAP3K7CL;MAP3K7CL;MAP3K7CL;MAP3K7CL,NM_001286634;NM_001286623;NM_001286622;NM_001286618;NM_001286617;NM_020152;NM_001286634;NM_001286623;NM_020152;NM_001286622;NM_001286618;NM_001286617,1stExon;1stExon;1stExon;1stExon;1stExon;1stExon;5'UTR;5'UTR;5'UTR;5'UTR;5'UTR;5'UTR,
cg11395414,1.12E-07,0.001287521,0.308747115,chr19,39443284,S_Shelf,FBXO17;FBXO17;FBXO17,NM_024907;NM_148169;NM_148169,5'UTR;1stExon;5'UTR,Unclassified_Cell_type_specific
cg11582403,6.30E-08,0.001029719,-0.138208654,chr7,27229028,Island,,,,
cg11630152,4.46E-07,0.002780871,-0.149750962,chr7,19154096,N_Shore,,,,
cg11647108,1.08E-06,0.004213375,0.104363462,chr10,81967516,Island,,,,
cg11669516,2.30E-07,0.00185142,0.247028846,chr2,217501092,S_Shelf,IGFBP2,NM_000597,Body,
cg11673244,2.54E-10,4.91E-05,-0.153973077,chr22,22007100,S_Shore,MIR130B;MIR301B,NR_029845;NR_030622,TSS1500;TSS200,Unclassified
cg11688944,0.000159095,0.031893783,0.102471154,chr4,4670855,OpenSea,,,,Unclassified_Cell_type_specific
cg11704490,4.15E-05,0.019702524,-0.210323077,chr2,162284894,S_Shore,,,,
cg11725835,6.47E-05,0.023112572,-0.111363462,chr13,88111752,OpenSea,MIR4500HG,NR_033829,Body,
cg11743675,0.000181114,0.033184153,-0.134925,chr12,41221855,OpenSea,CNTN1;CNTN1,NM_175038;NM_001843,5'UTR;5'UTR,
cg11758861,7.54E-05,0.024661727,0.140351923,chr19,13135514,Island,NFIX,NM_002501,Body,
cg11830800,5.52E-06,0.008888864,-0.161205769,chr12,41087520,S_Shore,CNTN1;CNTN1,NM_175038;NM_001843,5'UTR;5'UTR,
cg11843735,1.92E-05,0.015125334,0.103213462,chr16,68678092,N_Shore,CDH3,NM_001793,TSS200,
cg11869862,7.10E-05,0.023998758,-0.104316346,chr15,37399798,N_Shelf,,,,
cg11929402,1.21E-05,0.012701045,-0.105021154,chr5,163723620,OpenSea,,,,
cg11988169,0.000128026,0.029642256,0.138425962,chr5,52839242,OpenSea,,,,
cg12031863,1.14E-06,0.004300019,-0.140008654,chr16,4587854,Island,C16orf5,NM_013399,5'UTR,Promoter_Associated
cg12061917,8.34E-11,3.23E-05,-0.114508654,chr6,29601556,S_Shore,GABBR1;GABBR1,NM_001470;NM_021904,TSS1500;TSS1500,
cg12068833,0.000518159,0.048823372,0.120998077,chr4,132896266,N_Shore,,,,
cg12069185,1.91E-06,0.0058685,0.143460577,chr8,20207693,OpenSea,,,,
cg12099459,0.000241674,0.036837045,0.184917308,chr1,147826902,S_Shore,,,,
cg12131208,3.22E-07,0.002172616,-0.197269231,chr17,58499700,S_Shore,C17orf64,NM_181707,TSS200,
cg12148300,7.61E-05,0.024724227,-0.100342308,chr7,657538,OpenSea,PRKAR1B;PRKAR1B;PRKAR1B;PRKAR1B;PRKAR1B;PRKAR1B,NM_002735;NM_001164762;NM_001164761;NM_001164759;NM_001164760;NM_001164758,Body;Body;Body;Body;Body;Body,
cg12188634,2.55E-05,0.016528784,-0.127239423,chr5,140652517,OpenSea,,,,
cg12276019,2.64E-05,0.016821105,-0.1410625,chr8,11057947,Island,XKR6,NM_173683,Body,
cg12294769,2.02E-06,0.006047668,0.229468269,chr21,30450130,S_Shelf,MAP3K7CL;MAP3K7CL;MAP3K7CL;MAP3K7CL;MAP3K7CL;MAP3K7CL,NM_001286634;NM_001286623;NM_020152;NM_001286622;NM_001286618;NM_001286617,5'UTR;5'UTR;5'UTR;5'UTR;5'UTR;5'UTR,Unclassified_Cell_type_specific
cg12340144,4.08E-06,0.008028692,-0.109771154,chr3,38388808,S_Shore,XYLB,NM_005108,Body,Promoter_Associated
cg12424164,5.95E-06,0.009150226,-0.102028846,chr8,143281845,OpenSea,LINC00051,NR_024378,Body,
cg12424921,0.000129802,0.029807995,0.147711538,chr11,63828039,OpenSea,MACROD1,NM_014067,Body,Unclassified_Cell_type_specific
cg12451425,7.69E-06,0.010475926,-0.105173077,chr17,46625911,N_Shore,HOXB-AS1,NR_102279,Body,
cg12497374,0.000389012,0.044218915,0.143502885,chr3,14339534,Island,,,,
cg12499235,8.26E-07,0.003803677,0.120080769,chr11,2293173,S_Shore,ASCL2,NM_005170,TSS1500,
cg12500951,0.000273499,0.038727516,-0.134102885,chr11,2315045,OpenSea,,,,
cg12524640,2.31E-05,0.016118089,-0.104134615,chr1,2983056,N_Shore,FLJ42875;FLJ42875,NR_024371;NR_015440,Body;Body,Unclassified_Cell_type_specific
cg12542255,0.000472214,0.047454198,-0.134463462,chr19,45976195,Island,FOSB;FOSB,NM_006732;NM_001114171,Body;Body,
cg12638737,0.000309484,0.040566426,-0.112615385,chr1,204120607,Island,ETNK2,NM_018208,Body,
cg12662887,0.000517612,0.048823372,-0.187150962,chr10,105343920,N_Shore,NEURL,NM_004210,Body,Promoter_Associated_Cell_type_specific
cg12671744,0.000308065,0.040505859,-0.152242308,chr1,46859774,Island,FAAH,NM_001441,TSS200,Unclassified_Cell_type_specific
cg12726120,1.78E-06,0.005655345,0.219298077,chr1,244892984,N_Shore,,,,Promoter_Associated
cg12784307,0.000182241,0.033217329,-0.106353846,chr3,194899199,OpenSea,XXYLT1;XXYLT1,NM_001308069;NM_152531,Body;Body,
cg12787465,3.02E-07,0.002165815,-0.144464423,chr12,6876717,Island,PTMS,NM_002824,Body,Promoter_Associated
cg12828483,3.04E-05,0.017678337,0.174297115,chr20,62792468,OpenSea,,,,
cg12843033,4.93E-06,0.008620322,0.108582692,chr21,45706043,Island,AIRE,NM_000383,Body,
cg13067553,0.000379108,0.043814888,0.228805769,chr1,147782452,Island,,,,
cg13085024,0.000115589,0.028563886,0.117906731,chr16,86767255,OpenSea,,,,
cg13096580,3.69E-05,0.018834128,0.150396154,chr15,80872281,OpenSea,MIR5572;ARNT2,NR_049837;NM_014862,TSS1500;Body,
cg13114315,0.000515296,0.048818012,-0.124101923,chr21,37546467,OpenSea,DOPEY2,NM_005128,Body,Unclassified_Cell_type_specific
cg13131483,0.000162799,0.032161444,-0.118568269,chr19,21769877,S_Shore,,,,Unclassified_Cell_type_specific
cg13230424,0.000509007,0.048563407,0.103517308,chr17,45930033,S_Shore,SP6,NM_199262,5'UTR,
cg13252498,0.000376391,0.043726696,0.137136538,chr21,42588294,OpenSea,BACE2;BACE2;BACE2,NM_138992;NM_012105;NM_138991,Body;Body;Body,
cg13275603,4.14E-05,0.019702524,-0.1085125,chr5,73927487,OpenSea,ENC1,NM_003633,3'UTR,
cg13293618,2.71E-05,0.016999727,0.113147115,chr11,69286340,Island,,,,
cg13308964,0.000485723,0.047907948,-0.107227885,chr17,69029659,OpenSea,,,,
cg13329407,2.66E-05,0.016863882,0.208054808,chr21,25801374,OpenSea,,,,
cg13424940,0.000242938,0.036898949,0.153066346,chr9,136844397,N_Shore,VAV2;VAV2,NM_001134398;NM_003371,Body;Body,
cg13472050,2.01E-05,0.015337374,-0.134422115,chr16,10707708,OpenSea,,,,
cg13502125,2.19E-06,0.006276312,0.276561538,chr1,147826191,Island,,,,
cg13545705,1.96E-07,0.001761282,-0.135608654,chr16,67312573,N_Shore,PLEKHG4;PLEKHG4;PLEKHG4;PLEKHG4,NM_001129728;NM_001129731;NM_001129729;NM_001129727,TSS1500;TSS1500;TSS1500;5'UTR,Promoter_Associated
cg13553341,8.79E-08,0.001144288,0.144196154,chr2,173729218,OpenSea,RAPGEF4;RAPGEF4;RAPGEF4;RAPGEF4,NM_001282900;NM_001282899;NM_007023;NM_001100397,5'UTR;5'UTR;Body;Body,Unclassified_Cell_type_specific
cg13575139,7.36E-05,0.024455292,-0.1673375,chr3,58456976,OpenSea,,,,Unclassified_Cell_type_specific
cg13614409,0.000313681,0.040812432,0.182509615,chr13,31506752,OpenSea,C13orf26,NM_152325,TSS200,
cg13631094,3.04E-06,0.007051173,-0.157283654,chr9,94619684,OpenSea,ROR2,NM_004560,Body,
cg13688770,1.38E-05,0.013513381,-0.129147115,chr4,2367137,S_Shore,ZFYVE28,NM_020972,Body,Promoter_Associated_Cell_type_specific
cg13700089,2.27E-05,0.016089215,-0.203015385,chr3,65940340,OpenSea,MAGI1;MAGI1;MAGI1,NM_001033057;NM_015520;NM_004742,Body;Body;Body,
cg13730618,7.47E-05,0.024595145,0.118416346,chr21,36089405,OpenSea,CLIC6,NM_053277,3'UTR,
cg13733615,0.000377038,0.043751221,0.100508654,chr9,132201050,S_Shore,,,,
cg13749379,2.90E-05,0.01734837,0.215813462,chr17,41833161,Island,SOST,NM_025237,Body,
cg13754665,1.69E-05,0.014472668,0.101348077,chr9,136654631,OpenSea,VAV2;VAV2,NM_001134398;NM_003371,Body;Body,
cg13771271,6.38E-05,0.022963599,-0.121189423,chr4,65180301,OpenSea,TECRL,NM_001010874,Body,
cg13838969,1.01E-05,0.011713376,-0.104845192,chr20,56283964,Island,PMEPA1;PMEPA1;PMEPA1;PMEPA1,NM_199171;NM_199170;NM_199169;NM_020182,5'UTR;5'UTR;Body;Body,
cg13842639,4.17E-06,0.008087317,0.173574038,chr9,38488083,Island,,,,
cg13868001,1.83E-06,0.005697881,-0.120995192,chr13,65297897,OpenSea,,,,
cg13942283,0.000542404,0.049651466,-0.107932692,chr10,112562640,OpenSea,RBM20,NM_001134363,Body,Unclassified
cg13981208,0.000131896,0.030033569,0.1164625,chr21,27340999,OpenSea,APP;APP;APP;APP;APP;APP;APP;APP;APP;APP,NM_001136131;NM_001136016;NM_001204302;NM_001136129;NM_001136130;NM_000484;NM_001204303;NM_001204301;NM_201414;NM_201413,Body;Body;Body;Body;Body;Body;Body;Body;Body;Body,
cg14006677,0.000458395,0.046944165,-0.111328846,chr11,111808394,S_Shore,DIXDC1,NM_001037954,Body,Promoter_Associated_Cell_type_specific
cg14014506,0.000505928,0.048496464,0.143028846,chr9,116861404,Island,KIF12,NM_138424,TSS200,
cg14014955,3.90E-05,0.019379348,0.1351125,chr7,27183701,Island,HOXA5,NM_019102,TSS1500,Unclassified
cg14016257,4.97E-05,0.020922605,0.171856731,chr4,185926087,N_Shore,,,,Unclassified
cg14044707,0.000215569,0.035282916,-0.138656731,chr9,132628998,N_Shore,USP20;USP20;USP20,NM_001008563;NM_001110303;NM_006676,Body;Body;Body,Gene_Associated_Cell_type_specific
cg14051236,2.40E-05,0.016279293,0.111463462,chr14,100029763,OpenSea,CCDC85C,NM_001144995,Body,Unclassified_Cell_type_specific
cg14212748,8.13E-06,0.01079241,-0.120201923,chr12,53343703,S_Shore,KRT18;KRT18,NM_000224;NM_199187,Body;Body,
cg14398883,9.92E-05,0.026933,-0.204289423,chr7,101398184,OpenSea,,,,
cg14480035,1.63E-05,0.014374908,-0.120109615,chr9,13705641,OpenSea,,,,
cg14519997,5.24E-06,0.008704205,-0.229496154,chr9,14321079,N_Shore,,,,
cg14551458,5.11E-06,0.008635965,-0.107425,chr5,123149103,OpenSea,,,,
cg14583300,6.03E-06,0.00915554,-0.126269231,chr2,238358457,OpenSea,,,,
cg14611723,0.00044633,0.046448026,-0.123566346,chr6,168408302,OpenSea,,,,
cg14628345,2.56E-06,0.006605877,0.114465385,chr19,49438313,S_Shore,DHDH,NM_014475,Body,
cg14652587,8.02E-05,0.025086001,0.172692308,chr17,75692571,OpenSea,,,,Unclassified_Cell_type_specific
cg14706297,0.000209284,0.035038288,0.260149038,chr2,43328266,Island,,,,
cg14789818,0.00039002,0.044259527,0.328248077,chr1,227748712,Island,,,,Unclassified_Cell_type_specific
cg14878685,5.37E-06,0.008772409,0.1685875,chr11,88241425,N_Shore,GRM5;GRM5;GRM5-AS1,NM_001143831;NM_000842;NR_049724,3'UTR;3'UTR;Body,
cg15015340,3.72E-06,0.007664155,0.1269875,chr11,61486220,N_Shore,DAGLA,NM_006133,5'UTR,
cg15043384,0.000330574,0.041803463,-0.191273077,chr3,149374761,Island,WWTR1;WWTR1;WWTR1,NM_015472;NM_001168278;NM_001168280,Body;Body;Body,
cg15062982,2.22E-07,0.00185142,-0.120440385,chr5,85997,S_Shore,,,,
cg15132169,7.01E-07,0.00352111,-0.132177885,chr6,149805995,OpenSea,ZC3H12D;ZC3H12D,NM_207360;NM_207360,5'UTR;1stExon,Promoter_Associated
cg15136191,8.97E-05,0.025997846,-0.105857692,chr5,45399249,OpenSea,HCN1,NM_021072,Body,
cg15143723,0.000133878,0.03017558,0.100454808,chr4,152090172,OpenSea,SH3D19;SH3D19;SH3D19;SH3D19,NM_001128924;NM_001243349;NM_001009555;NM_001128923,Body;Body;Body;Body,
cg15195735,2.58E-06,0.006605877,-0.108782692,chr9,136804835,OpenSea,VAV2;VAV2,NM_003371;NM_001134398,Body;Body,
cg15256315,1.89E-07,0.001720593,-0.181575,chr8,135791732,OpenSea,,,,
cg15410675,2.32E-06,0.006457446,-0.128746154,chr4,154144800,S_Shore,TRIM2;TRIM2,NM_015271;NM_001130067,Body;5'UTR,
cg15422377,0.000224969,0.035865899,0.161670192,chr9,136844492,Island,VAV2;VAV2,NM_003371;NM_001134398,Body;Body,
cg15426459,0.000273658,0.038730065,0.144918269,chr8,11813211,OpenSea,,,,
cg15442037,7.15E-06,0.010104533,0.137022115,chr11,69286293,Island,,,,
cg15468976,7.52E-05,0.024646338,0.110657692,chr1,2106222,OpenSea,PRKCZ;PRKCZ;PRKCZ,NM_001033581;NM_001033582;NM_002744,Body;Body;Body,Unclassified
cg15474615,3.52E-06,0.007521179,0.114041346,chr3,134370182,Island,KY,NM_178554,TSS1500,
cg15491131,0.000175267,0.032859438,0.128125,chr13,24914324,N_Shore,,,,Unclassified_Cell_type_specific
cg15539663,5.83E-07,0.003289806,0.102406731,chr2,162836483,OpenSea,SLC4A10;SLC4A10;SLC4A10,NM_001178016;NM_022058;NM_001178015,3'UTR;3'UTR;3'UTR,
cg15594585,1.00E-07,0.00121313,0.220843269,chr1,227746882,N_Shore,,,,
cg15595588,2.30E-08,0.000561083,-0.177279808,chr2,223185738,S_Shore,,,,
cg15620905,4.21E-05,0.01980626,0.162811538,chr1,44024150,OpenSea,PTPRF;PTPRF,NM_002840;NM_130440,Body;Body,Unclassified_Cell_type_specific
cg15649236,0.0001177,0.028693366,0.183544231,chr17,46657504,N_Shore,MIR10A,NR_029608,TSS200,
cg15688339,3.11E-05,0.017748367,-0.170130769,chr5,163723739,OpenSea,,,,
cg15726169,0.000118769,0.028772643,-0.107871154,chr6,53661064,S_Shore,LRRC1,NM_018214,Body,
cg15806809,5.16E-09,0.00024962,-0.114998077,chr2,223185564,S_Shore,,,,
cg15821939,2.88E-05,0.01734837,0.177019231,chr8,1765387,S_Shore,MIR596,NR_030326,TSS200,Unclassified_Cell_type_specific
cg15822155,1.55E-07,0.001539503,0.195538462,chr16,54396006,OpenSea,,,,
cg15823315,1.46E-05,0.013781149,-0.119315385,chr3,85130923,OpenSea,CADM2;CADM2,NM_001167675;NM_001167674,Body;Body,
cg15828537,1.08E-06,0.004213375,0.166381731,chr20,44099898,S_Shore,WFDC2,NM_006103,Body,
cg15865827,1.88E-05,0.015125334,0.188761538,chr18,23713838,Island,PSMA8;PSMA8;PSMA8;PSMA8;PSMA8;PSMA8,NM_001025097;NM_144662;NM_144662;NM_001025096;NM_001025097;NM_001025096,5'UTR;1stExon;5'UTR;1stExon;1stExon;5'UTR,Unclassified_Cell_type_specific
cg15895197,0.00028968,0.039565276,-0.1165375,chr2,27301490,N_Shelf,EMILIN1;EMILIN1,NM_007046;NM_007046,1stExon;5'UTR,
cg15901796,8.41E-06,0.010953309,-0.115025962,chr3,146521668,OpenSea,,,,
cg15954353,0.000533795,0.049323047,0.138716346,chr17,5403337,Island,LOC728392,NM_001162371,3'UTR,Unclassified
cg16018474,0.000448151,0.046504132,0.132976923,chr1,158119501,Island,,,,Promoter_Associated_Cell_type_specific
cg16026943,1.73E-05,0.01457866,0.198430769,chr15,75641093,S_Shore,NEIL1;NEIL1;NEIL1,NM_024608;NR_046311;NM_001256552,5'UTR;Body;Body,
cg16038003,9.02E-05,0.026036516,-0.123693269,chr7,27226148,N_Shore,HOXA11AS;HOXA11,NR_002795;NM_005523,Body;TSS1500,
cg16058600,0.000204296,0.034758906,-0.116505769,chr2,157183013,N_Shore,NR4A2,NM_006186,Body,
cg16116203,6.32E-08,0.001029719,-0.273234615,chr12,6876922,Island,PTMS,NM_002824,Body,Promoter_Associated
cg16176855,1.52E-07,0.001528112,-0.140128846,chr12,67354635,OpenSea,,,,
cg16190265,9.58E-05,0.026627354,-0.139778846,chr7,650249,OpenSea,PRKAR1B;PRKAR1B;PRKAR1B;PRKAR1B;PRKAR1B;PRKAR1B,NM_001164759;NM_001164762;NM_001164758;NM_001164760;NM_001164761;NM_002735,Body;Body;Body;Body;Body;Body,
cg16250865,0.000236319,0.036586036,-0.141611538,chr15,100979002,OpenSea,CERS3;CERS3;CERS3;CERS3,NM_178842;NM_001290343;NM_001290342;NM_001290341,Body;Body;Body;Body,
cg16265717,0.000138289,0.030496065,-0.171658654,chr1,65993149,S_Shore,LEPR;LEPR;LEPR,NM_001003680;NM_001003679;NM_002303,5'UTR;5'UTR;5'UTR,
cg16305787,0.000503661,0.048462909,-0.117394231,chr10,19705290,OpenSea,,,,
cg16346020,4.14E-05,0.019702524,-0.123656731,chr21,47517355,N_Shore,COL6A2;COL6A2;COL6A2,NM_058175;NM_001849;NM_058174,TSS1500;TSS1500;TSS1500,Unclassified_Cell_type_specific
cg16462183,6.04E-05,0.022543242,0.143746154,chr5,54281733,OpenSea,ESM1;ESM1,NM_001135604;NM_007036,TSS1500;TSS1500,
cg16466154,3.30E-05,0.018227451,-0.106211538,chr10,81964395,N_Shore,ANXA11;ANXA11;ANXA11;ANXA11;ANXA11;ANXA11,NM_001278408;NM_001278409;NM_145869;NM_145868;NM_001157;NM_001278407,TSS200;5'UTR;5'UTR;5'UTR;5'UTR;5'UTR,
cg16473184,0.000153519,0.031427051,-0.141493269,chr17,56468961,OpenSea,RNF43;RNF43;RNF43,NM_001305545;NM_017763;NM_001305544,5'UTR;Body;Body,
cg16501323,1.02E-05,0.011729877,0.121065385,chr21,45705618,Island,AIRE,NM_000383,TSS200,
cg16511229,5.96E-05,0.0224304,0.204402885,chr7,130126153,Island,MEST;MEST,NM_177524;NM_177524,1stExon;5'UTR,Promoter_Associated
cg16533830,0.000419104,0.045321705,-0.179735577,chr3,9988662,Island,PRRT3-AS1;PRRT3,NR_046734;NM_207351,TSS1500;Body,Unclassified_Cell_type_specific
cg16544989,0.000484627,0.047867376,-0.118,chr16,85600639,OpenSea,,,,
cg16622061,0.000236673,0.036601003,-0.118349038,chr16,86888736,OpenSea,,,,
cg16698186,0.000360508,0.043171847,-0.101509615,chr8,72836376,OpenSea,MSC-AS1;MSC-AS1,NR_033652;NR_033651,Body;Body,Unclassified_Cell_type_specific
cg16717549,6.15E-05,0.022649821,0.212494231,chr21,45705699,Island,AIRE,NM_000383,TSS200,
cg16745444,1.28E-05,0.013092062,-0.100473077,chr10,81964268,N_Shore,ANXA11;ANXA11;ANXA11;ANXA11;ANXA11;ANXA11,NM_001278408;NM_001278409;NM_145869;NM_145868;NM_001157;NM_001278407,TSS200;5'UTR;5'UTR;5'UTR;5'UTR;5'UTR,Promoter_Associated
cg16749456,0.000537823,0.049445581,0.104789423,chr19,49699879,Island,TRPM4,NM_017636,Body,
cg16780502,0.000212233,0.035205616,0.172064423,chr1,227748696,Island,,,,Unclassified_Cell_type_specific
cg16848289,0.000112007,0.028184369,-0.139735577,chr5,163723721,OpenSea,,,,
cg16945685,2.00E-05,0.015337374,0.110410577,chr11,120038821,N_Shore,,,,Unclassified
cg16983588,0.000406903,0.044764081,-0.149278846,chr11,129793108,OpenSea,PRDM10;PRDM10;PRDM10;PRDM10,NM_199438;NM_199437;NM_020228;NM_199439,Body;Body;Body;Body,Unclassified
cg17016266,0.000488552,0.047981051,-0.10555,chr2,232261238,N_Shore,B3GNT7,NM_145236,Body,Promoter_Associated
cg17100943,2.52E-08,0.000562262,-0.311575962,chr19,6459300,Island,SLC25A23,NM_024103,Body,Promoter_Associated
cg17142470,0.000410798,0.04494812,-0.100323077,chr8,22409684,S_Shore,SORBS3,NM_005775,5'UTR,
cg17144149,0.000149398,0.031269822,0.179700962,chr17,46656572,S_Shore,HOXB4,NM_024015,TSS1500,Unclassified
cg17175421,0.000177799,0.03292312,0.137591346,chr19,3025354,N_Shelf,TLE2;TLE2;TLE2;TLE2,NM_001144762;NM_003260;NM_001300846;NM_001144761,Body;Body;Body;Body,Unclassified_Cell_type_specific
cg17277199,3.56E-05,0.018675103,0.1996375,chr2,24397845,Island,C2orf84,NM_001040710,TSS200,
cg17291648,5.22E-06,0.008704205,-0.144434615,chr17,69029804,OpenSea,,,,
cg17309880,0.000542481,0.049651466,0.163983654,chr19,3025265,N_Shelf,TLE2;TLE2;TLE2;TLE2,NM_001144762;NM_003260;NM_001300846;NM_001144761,Body;Body;Body;Body,Unclassified_Cell_type_specific
cg17356252,3.56E-05,0.018675103,0.231632692,chr21,45705686,Island,AIRE,NM_000383,TSS200,
cg17385448,5.99E-05,0.02247066,-0.100589423,chr1,15911702,S_Shore,AGMAT,NM_024758,TSS200,Promoter_Associated
cg17393016,0.000159393,0.031930132,0.110642308,chr17,79283390,N_Shore,C17orf55,NM_178519,TSS1500,Unclassified
cg17412560,2.44E-06,0.00652786,-0.194402885,chr2,95963403,OpenSea,KCNIP3,NM_013434,Body,
cg17473341,0.000145004,0.031014962,0.121625,chr12,95940370,N_Shore,USP44;USP44;USP44,NM_001278393;NM_001042403;NM_032147,5'UTR;5'UTR;5'UTR,
cg17501395,4.85E-07,0.00288793,-0.115293269,chr6,149806331,OpenSea,ZC3H12D,NM_207360,TSS200,Promoter_Associated
cg17538104,5.06E-05,0.021063233,0.102303846,chr1,167063150,OpenSea,DUSP27,NM_001080426,TSS1500,
cg17553854,0.000165869,0.032354667,-0.112779808,chr4,66532051,N_Shelf,EPHA5;EPHA5;EPHA5;EPHA5;EPHA5,NM_001281765;NM_004439;NM_182472;NM_001281766;NM_001281767,Body;Body;Body;Body;Body,
cg17566608,4.58E-05,0.020441666,0.119634615,chr3,132759693,S_Shore,TMEM108;TMEM108,NM_023943;NM_001136469,5'UTR;5'UTR,Unclassified_Cell_type_specific
cg17569124,3.61E-05,0.018738735,0.225470192,chr7,27183643,Island,HOXA5,NM_019102,TSS1500,Unclassified
cg17628249,1.12E-05,0.012186495,-0.111526923,chr17,58499854,S_Shore,C17orf64,NM_181707,TSS200,
cg17653352,0.000343766,0.042497743,-0.483002885,chr12,109628970,OpenSea,ACACB,NM_001093,Body,
cg17694094,0.00014709,0.031143112,-0.120919231,chr3,18484672,N_Shore,,,,
cg17773655,0.000486292,0.047921963,0.116028846,chr19,49244121,S_Shore,RASIP1,NM_017805,TSS200,
cg17815049,0.000483587,0.047820593,-0.138848077,chr1,246728663,N_Shore,CNST;TFB2M;CNST,NM_152609;NM_022366;NM_001139459,TSS1500;Body;TSS1500,Promoter_Associated_Cell_type_specific
cg17853378,0.000268215,0.038442148,-0.121134615,chr2,213224302,OpenSea,ERBB4;ERBB4,NM_001042599;NM_005235,Body;Body,
cg17879299,0.000200748,0.034548602,0.130016346,chr6,30860300,OpenSea,DDR1;DDR1;DDR1,NM_013993;NM_001954;NM_013994,Body;Body;Body,
cg17881200,1.22E-05,0.012744612,-0.141432692,chr7,27138850,S_Shelf,,,,
cg17888390,0.000238763,0.036727547,0.208956731,chr10,101282816,Island,,,,
cg17892169,0.000213684,0.035205616,-0.127873077,chr17,7452644,Island,TNFSF12;TNFSF12-TNFSF13,NM_003809;NM_172089,Body;Body,Unclassified
cg17951445,0.000480123,0.047732913,0.108281731,chr4,30842020,OpenSea,PCDH7;PCDH7,NM_001173523;NM_032457,Body;Body,
cg17976191,3.56E-05,0.018675103,0.266315385,chr19,13135527,Island,NFIX,NM_002501,Body,
cg18081258,2.77E-05,0.017146723,-0.105288462,chr14,21494161,Island,NDRG2;NDRG2;NDRG2;NDRG2;NDRG2;NDRG2;NDRG2;NDRG2,NM_201539;NM_201535;NM_201538;NM_201541;NM_201540;NM_201536;NM_016250;NM_201537,TSS1500;TSS1500;TSS1500;TSS1500;TSS1500;TSS1500;TSS1500;TSS1500,
cg18082788,2.54E-07,0.001969287,-0.110299038,chr6,149806339,OpenSea,ZC3H12D,NM_207360,TSS200,Promoter_Associated
cg18098065,0.000242006,0.036848885,0.151391346,chr8,1765820,S_Shore,,,,Unclassified_Cell_type_specific
cg18150674,2.67E-05,0.016908721,0.124185577,chr11,73356456,OpenSea,PLEKHB1;PLEKHB1,NM_021200;NM_001130033,TSS1500;TSS1500,
cg18198730,1.99E-06,0.006002597,0.158706731,chr1,247681584,Island,,,,
cg18228693,1.51E-06,0.005140508,-0.176503846,chr19,39810872,N_Shore,,,,Promoter_Associated_Cell_type_specific
cg18236617,0.000463021,0.0471142,0.110247115,chr6,28921848,OpenSea,,,,Unclassified_Cell_type_specific
cg18261491,1.21E-06,0.004413336,-0.143461538,chr1,46859780,Island,FAAH,NM_001441,TSS200,Unclassified_Cell_type_specific
cg18264932,6.88E-06,0.009838582,-0.114722115,chr7,120414717,OpenSea,,,,
cg18314300,5.07E-05,0.021063233,0.144036538,chr21,43062264,OpenSea,,,,
cg18389639,2.63E-05,0.01679963,-0.126716346,chr10,97049610,N_Shore,PDLIM1,NM_020992,Body,Unclassified_Cell_type_specific
cg18414021,5.45E-06,0.008836716,0.180736538,chr14,100069535,Island,CCDC85C,NM_001144995,1stExon,
cg18498241,3.48E-06,0.007521179,0.176033654,chr11,69286352,Island,,,,
cg18512645,0.000204475,0.03477612,-0.125607692,chr1,27849092,OpenSea,,,,Promoter_Associated
cg18516067,2.38E-06,0.006465454,-0.117169231,chr4,98239185,OpenSea,,,,
cg18522970,2.98E-05,0.017581499,-0.181048077,chr22,25202597,S_Shore,SGSM1;SGSM1;SGSM1;SGSM1,NM_133454;NM_001039948;NM_001098498;NM_001098497,Body;Body;Body;Body,Unclassified
cg18545771,1.50E-06,0.00513988,0.143328846,chr11,63827879,OpenSea,MACROD1,NM_014067,Body,Unclassified_Cell_type_specific
cg18567079,0.00034866,0.042673519,-0.132599038,chr2,47039888,OpenSea,,,,
cg18587476,1.31E-05,0.013176736,0.219759615,chr2,24397810,Island,C2orf84,NM_001040710,TSS200,
cg18689454,3.52E-05,0.018622115,0.336117308,chr21,45705694,Island,AIRE,NM_000383,TSS200,
cg18732361,2.01E-07,0.001771163,-0.266899038,chr12,6877080,S_Shore,PTMS,NM_002824,Body,Promoter_Associated
cg18751141,0.000536344,0.049396069,-0.121524038,chr7,27138173,S_Shore,,,,
cg18770635,0.000172124,0.032751399,-0.1336375,chr22,50984368,N_Shore,,,,
cg19022254,4.14E-08,0.000799626,-0.169169231,chr6,29601705,S_Shore,GABBR1;GABBR1,NM_001470;NM_021904,TSS1500;TSS1500,
cg19037539,6.93E-05,0.023853996,-0.149300962,chr5,107011761,S_Shelf,,,,
cg19078289,0.000172767,0.032751399,-0.109548077,chr3,152017293,OpenSea,MBNL1;MBNL1;MBNL1;MBNL1;MBNL1;MBNL1;MBNL1;MBNL1;MBNL1;MBNL1;MBNL1;MBNL1,NM_207297;NM_207296;NM_207295;NM_207294;NM_207293;NM_207297;NM_207296;NM_207295;NM_207294;NM_207293;NM_021038;NM_207292,5'UTR;5'UTR;5'UTR;5'UTR;5'UTR;1stExon;1stExon;1stExon;1stExon;1stExon;5'UTR;5'UTR,
cg19085543,3.24E-10,5.01E-05,0.250599038,chr4,5792166,OpenSea,EVC;EVC,NM_153717;NM_001306090,Body;Body,Unclassified_Cell_type_specific
cg19109335,4.52E-07,0.002796766,0.198408654,chr6,45294926,OpenSea,RUNX2;RUNX2;RUNX2;RUNX2;SUPT3H;SUPT3H;SUPT3H,NM_001015051;NM_001024630;NR_103533;NR_103532;NM_181356;NM_003599;NM_001261823,TSS1500;TSS1500;TSS1500;TSS1500;5'UTR;Body;5'UTR,
cg19164246,0.000243072,0.036906848,0.1595375,chr6,45296161,OpenSea,RUNX2;RUNX2;RUNX2;RUNX2;SUPT3H;RUNX2;RUNX2;SUPT3H;SUPT3H,NM_001015051;NM_001024630;NM_001015051;NM_001024630;NM_181356;NR_103533;NR_103532;NM_003599;NM_001261823,1stExon;1stExon;5'UTR;5'UTR;5'UTR;Body;Body;Body;5'UTR,
cg19202384,3.70E-05,0.018836559,-0.120889423,chr17,79894511,N_Shore,PYCR1;PYCR1,NM_006907;NM_153824,Body;Body,
cg19229209,9.58E-07,0.004036453,-0.224730769,chr3,99440401,OpenSea,COL8A1;COL8A1;MIR548G,NM_001850;NM_020351;NR_031662,5'UTR;5'UTR;Body,
cg19265480,0.000326602,0.041529001,0.151121154,chr1,147781887,N_Shore,,,,
cg19338452,0.0005235,0.048983608,0.145516346,chr12,87007189,OpenSea,MGAT4C,NM_013244,5'UTR,
cg19358359,1.79E-06,0.005655345,-0.116010577,chr17,41978554,S_Shore,MPP2;MPP2;MPP2;MPP2;MPP2;MPP2;MPP2;MPP2;MPP2,NM_001278376;NM_001278381;NM_001278372;NM_005374;NM_001278370;NM_001278374;NM_001278375;NM_001278373;NM_001278371,TSS1500;Body;Body;Body;Body;5'UTR;5'UTR;5'UTR;5'UTR,
cg19360852,0.000195992,0.034208181,0.101694231,chr12,12848977,N_Shore,GPR19,NM_006143,5'UTR,Promoter_Associated
cg19362196,0.000425966,0.045614673,0.105043269,chr1,26233615,Island,STMN1;STMN1;STMN1;STMN1,NM_005563;NM_203399;NM_203401;NM_001145454,TSS1500;TSS1500;TSS1500;TSS1500,
cg19370817,2.26E-05,0.016089215,-0.113036538,chr3,330267,OpenSea,CHL1;CHL1,NM_006614;NM_001253387,5'UTR;5'UTR,
cg19398269,0.000169019,0.032537242,0.105326923,chr6,28678460,OpenSea,,,,
cg19605263,4.17E-09,0.000215242,0.100256731,chr1,120439138,Island,ADAM30;ADAM30,NM_021794;NM_021794,5'UTR;1stExon,
cg19611364,4.39E-06,0.008191844,0.174728846,chr19,13135494,Island,NFIX;NFIX;NFIX,NM_001271043;NM_001271044;NM_002501,1stExon;Body;Body,
cg19704043,2.50E-05,0.016412593,-0.161780769,chr7,93116447,OpenSea,CALCR;CALCR;CALCR,NM_001164738;NM_001164737;NM_001742,5'UTR;Body;5'UTR,
cg19721740,5.89E-06,0.009106713,0.109895192,chr19,7662794,S_Shore,CAMSAP3;CAMSAP3,NM_001080429;NM_020902,Body;Body,
cg19759481,7.52E-05,0.024646338,0.152085577,chr7,27183401,Island,HOXA5,NM_019102,TSS200,Unclassified
cg19789589,6.04E-06,0.00915554,-0.140743269,chr8,22408562,N_Shore,SORBS3,NM_005775,TSS1500,
cg19803952,2.00E-05,0.015337374,-0.1470375,chr20,44036136,S_Shore,DBNDD2;DBNDD2;DBNDD2;DBNDD2;SYS1-DBNDD2;DBNDD2;DBNDD2,NM_001048224;NM_001048222;NM_001048225;NM_001048226;NR_003189;NM_001048221;NM_001048223,5'UTR;5'UTR;TSS1500;TSS1500;Body;5'UTR;5'UTR,
cg19821999,0.00024712,0.037176693,-0.103607692,chr2,236520219,OpenSea,AGAP1;AGAP1;AGAP1,NM_001244888;NM_001037131;NM_014914,Body;Body;Body,
cg19825037,8.01E-05,0.025086001,-0.112510577,chr11,30263038,OpenSea,,,,
cg19826754,2.76E-06,0.006717461,-0.101177885,chr10,89822372,OpenSea,,,,
cg19868495,5.10E-05,0.021140253,-0.110520192,chr13,61995249,OpenSea,,,,
cg19871235,8.45E-05,0.025433386,-0.1279875,chr12,71552569,OpenSea,TSPAN8,NM_004616,TSS1500,
cg19907915,0.000262542,0.038149512,0.1667375,chr11,133821252,OpenSea,IGSF9B,NM_014987,Body,
cg19914424,0.000281199,0.039089733,-0.119767308,chr21,30528044,OpenSea,MAP3K7CL;MAP3K7CL;MAP3K7CL;MAP3K7CL;MAP3K7CL;MAP3K7CL;MAP3K7CL;MAP3K7CL,NM_001286624;NM_001286634;NM_020152;NM_001286622;NM_001286620;NM_001286619;NM_001286618;NM_001286617,5'UTR;Body;Body;Body;Body;Body;Body;Body,
cg20059697,0.000463362,0.047140946,0.126639423,chr5,54281687,OpenSea,ESM1;ESM1,NM_001135604;NM_007036,TSS1500;TSS1500,
cg20068058,5.55E-05,0.021763627,0.162599038,chr11,46317859,S_Shore,CREB3L1,NM_052854,Body,
cg20198337,0.000143827,0.030891068,0.108541346,chr8,20207557,OpenSea,,,,
cg20225999,4.25E-06,0.008115364,0.145796154,chr2,218843435,N_Shore,,,,
cg20230372,0.000176881,0.032876288,0.139373077,chr19,54927528,N_Shore,TTYH1;TTYH1,NM_020659;NM_001005367,Body;Body,
cg20244340,0.000186471,0.033562335,-0.127909615,chr20,19193989,S_Shore,SLC24A3,NM_020689,Body,
cg20245362,0.000125478,0.029386649,0.1632,chr7,127911367,N_Shore,,,,
cg20275928,5.97E-06,0.00915554,0.123538462,chr17,79283959,Island,C17orf55,NM_178519,TSS1500,
cg20347496,0.000327184,0.041549533,0.134841346,chr2,73403631,Island,,,,Promoter_Associated
cg20350981,0.000152373,0.031427051,-0.112920192,chr17,27917891,N_Shore,GIT1;GIT1,NM_001085454;NM_014030,TSS1500;TSS1500,Unclassified
cg20359349,1.83E-06,0.005697881,-0.124040385,chr17,41994531,OpenSea,C17orf88,NR_026770,TSS200,Unclassified
cg20376277,0.000290896,0.039595405,-0.123831731,chr5,16615924,N_Shore,LOC101929524;FAM134B,NR_109946;NM_001034850,TSS200;Body,
cg20396393,0.000157731,0.031750116,-0.156627885,chr7,23720838,S_Shore,C7orf46;C7orf46;C7orf46,NM_199136;NM_001127364;NM_001127365,Body;Body;Body,
cg20401567,0.000179701,0.033083413,-0.140411538,chr17,46619555,N_Shore,,,,
cg20460227,0.000236073,0.036586036,-0.122913462,chr2,120452632,OpenSea,,,,Unclassified_Cell_type_specific
cg20515773,0.000401618,0.04459931,0.105609615,chr17,46705766,S_Shore,,,,
cg20699586,0.000511369,0.048643212,0.338902885,chr1,227748719,Island,,,,Unclassified_Cell_type_specific
cg20704560,0.000170342,0.032683955,0.160906731,chr1,10698313,Island,CASZ1,NM_001079843,3'UTR,
cg20710777,9.05E-05,0.026040422,-0.125755769,chr5,110411740,S_Shelf,TSLP;TSLP,NM_138551;NM_033035,Body;Body,
cg20730694,0.000113912,0.028423285,-0.155569231,chr6,151803839,OpenSea,,,,Unclassified
cg20771596,1.86E-08,0.000512902,0.254498077,chr1,247681766,Island,GCSAML;GCSAML;GCSAML;GCSAML;GCSAML;GCSAML;GCSAML,NM_001281837;NM_001281853;NM_001281835;NM_001281834;NM_001281838;NM_001281836;NM_001281837,1stExon;5'UTR;5'UTR;5'UTR;5'UTR;5'UTR;5'UTR,
cg20797905,0.000340344,0.042338575,-0.141648077,chr17,78747227,OpenSea,RPTOR;RPTOR,NM_001163034;NM_020761,Body;Body,Unclassified
cg20800117,7.65E-05,0.024769674,0.165104808,chr1,7308366,OpenSea,CAMTA1,NM_015215,Body,
cg20974609,2.47E-05,0.016371155,0.121567308,chr7,27181671,N_Shore,HOXA5,NM_019102,Body,Unclassified
cg20976673,0.000196276,0.034223877,-0.101619231,chr16,57349650,OpenSea,,,,
cg21010202,2.27E-05,0.016089215,-0.1590375,chr6,1615843,Island,,,,
cg21066736,0.000456997,0.04690644,-0.106849038,chr1,194435975,OpenSea,,,,
cg21090457,2.51E-07,0.001962473,-0.165442308,chr3,77573709,OpenSea,ROBO2;ROBO2,NM_001128929;NM_002942,Body;Body,
cg21096966,0.000178207,0.032936589,0.102824038,chr14,45432458,S_Shore,KLHL28;FAM179B,NM_017658;NM_015091,TSS1500;1stExon,NonGene_Associated
cg21099653,0.00023444,0.036481675,-0.101056731,chr16,68816532,OpenSea,CDH1,NM_004360,Body,
cg21120249,0.000366046,0.043393003,-0.105664423,chr9,139921971,N_Shore,C9orf139;C9orf139;ABCA2;ABCA2,NM_207511;NM_207511;NM_001606;NM_212533,5'UTR;1stExon;Body;Body,Promoter_Associated_Cell_type_specific
cg21122199,0.000108702,0.027872193,-0.114303846,chr17,58499720,S_Shore,C17orf64,NM_181707,TSS200,
cg21123355,8.11E-05,0.025213278,0.236451923,chr9,136844644,Island,VAV2;VAV2,NM_001134398;NM_003371,Body;Body,
cg21212234,3.14E-05,0.017836671,-0.123886538,chr16,65706984,OpenSea,,,,
cg21247398,9.25E-06,0.011469083,-0.111658654,chr7,151575277,S_Shore,PRKAG2-AS1;PRKAG2,NR_038926;NM_016203,Body;TSS1500,
cg21248196,1.16E-05,0.012427301,0.147,chr18,23714084,S_Shore,PSMA8;PSMA8;PSMA8,NM_001025096;NM_001025097;NM_144662,Body;Body;Body,Unclassified_Cell_type_specific
cg21341928,0.000516365,0.048818012,0.1159625,chr13,25670327,Island,PABPC3;PABPC3,NM_030979;NM_030979,1stExon;5'UTR,
cg21386647,9.23E-06,0.011469083,-0.208125,chr3,9289893,OpenSea,SRGAP3;SRGAP3,NM_001033117;NM_014850,Body;Body,Promoter_Associated_Cell_type_specific
cg21399703,1.07E-05,0.012019223,0.152164423,chr1,247681439,Island,,,,
cg21473142,0.000314504,0.040864565,-0.105026923,chr3,27762095,N_Shore,EOMES,NM_005442,Body,Unclassified_Cell_type_specific
cg21481950,3.23E-07,0.002172616,-0.131822115,chr6,29601498,S_Shore,GABBR1;GABBR1,NM_001470;NM_021904,TSS1500;TSS1500,
cg21510967,5.27E-05,0.021419519,-0.122532692,chr2,99388661,OpenSea,LOC101927070,NR_126337,TSS1500,Promoter_Associated_Cell_type_specific
cg21542078,0.000238763,0.036727547,0.147406731,chr19,49700006,Island,TRPM4,NM_017636,Body,
cg21577836,4.12E-05,0.019664949,0.224577885,chr1,175568710,Island,TNR,NM_003285,5'UTR,Unclassified_Cell_type_specific
cg21626848,9.79E-05,0.026805555,-0.113627885,chr17,39969267,S_Shore,SC65;FKBP10;FKBP10,NM_006455;NM_021939;NM_021939,TSS1500;5'UTR;1stExon,
cg21687740,0.000177977,0.032936589,0.297750962,chr1,157164556,Island,,,,
cg21699330,0.000149291,0.031269822,-0.119234615,chr7,26193032,S_Shore,NFE2L3,NM_004289,Body,
cg21793452,4.35E-07,0.002760508,0.101310577,chr3,197182658,N_Shore,,,,
cg21820656,7.21E-06,0.010145213,0.224780769,chr15,59157075,Island,,,,
cg21859615,9.92E-07,0.004042967,0.107873077,chr10,86708533,OpenSea,,,,
cg21885361,2.66E-06,0.006641848,0.237390385,chr7,127911034,Island,,,,
cg21951391,8.35E-05,0.025353732,-0.111642308,chr3,149374689,N_Shore,WWTR1-AS1;WWTR1;WWTR1;WWTR1,NR_040250;NM_001168280;NM_001168278;NM_015472,TSS1500;Body;Body;Body,
cg22055479,9.49E-05,0.026551579,-0.1183625,chr7,110082468,OpenSea,,,,
cg22114489,0.00012549,0.029386649,-0.110507692,chr7,101398177,OpenSea,,,,
cg22121557,0.000412394,0.045005314,0.177786538,chr6,28584138,Island,,,,
cg22123784,4.02E-05,0.019522684,-0.147657692,chr8,144437507,OpenSea,,,,Unclassified_Cell_type_specific
cg22262738,0.000120253,0.028950898,0.100239423,chr20,34802798,OpenSea,EPB41L1;EPB41L1;EPB41L1;EPB41L1;EPB41L1,NM_012156;NM_001258329;NM_177996;NM_001258331;NM_001258330,Body;Body;Body;Body;Body,Unclassified
cg22277154,0.000496579,0.048328714,-0.149352885,chr13,31020468,S_Shore,,,,Unclassified_Cell_type_specific
cg22374474,1.50E-05,0.013872574,0.120640385,chr1,247681297,N_Shore,,,,
cg22375046,0.000375233,0.043667881,-0.117992308,chr11,126236634,OpenSea,ST3GAL4;ST3GAL4,NM_001254757;NM_006278,5'UTR;5'UTR,Unclassified_Cell_type_specific
cg22398783,9.42E-10,7.99E-05,0.197291346,chr9,93880106,Island,,,,
cg22586569,0.000507771,0.048527113,-0.110631731,chr7,5524963,N_Shore,FBXL18,NM_024963,Body,
cg22588640,7.51E-08,0.001139161,-0.2258375,chr2,95963179,OpenSea,KCNIP3;KCNIP3,NM_013434;NM_013434,1stExon;5'UTR,
cg22595126,4.79E-05,0.020773074,-0.1255375,chr10,49726220,OpenSea,ARHGAP22;ARHGAP22;ARHGAP22;ARHGAP22,NR_045675;NM_001256024;NM_021226;NM_001256025,Body;Body;Body;Body,
cg22650569,0.000132127,0.030033569,-0.104117308,chr18,26121656,OpenSea,,,,
cg22809407,2.70E-07,0.002048292,-0.135710577,chr2,223185665,S_Shore,,,,
cg22828581,0.000118958,0.02878092,0.152184615,chr9,93880502,Island,,,,
cg22902089,8.65E-07,0.003869259,0.149084615,chr11,46318223,S_Shore,CREB3L1,NM_052854,Body,Unclassified_Cell_type_specific
cg22956060,2.45E-05,0.016368407,-0.161492308,chr3,9289747,OpenSea,SRGAP3;SRGAP3,NM_001033117;NM_014850,Body;Body,
cg22974467,5.09E-05,0.021114267,0.12925,chr11,77168514,OpenSea,PAK1;PAK1,NM_002576;NM_001128620,5'UTR;5'UTR,
cg22979368,5.72E-05,0.02204123,0.134560577,chr2,217501581,S_Shelf,IGFBP2,NM_000597,Body,
cg22987448,7.18E-07,0.003560154,0.140363462,chr19,8591364,Island,MYO1F,NM_012335,Body,
cg23002247,2.04E-05,0.015443141,-0.103860577,chr17,79894684,Island,PYCR1;PYCR1;PYCR1;PYCR1;PYCR1,NM_001282280;NM_001282279;NM_001282281;NM_006907;NM_153824,Body;Body;Body;1stExon;1stExon,
cg23009419,8.67E-05,0.025626205,0.158792308,chr3,46618597,Island,LRRC2;TDGF1,NM_024750;NM_003212,5'UTR;TSS1500,
cg23026595,0.000212889,0.035205616,0.202961538,chr19,41743989,OpenSea,AXL;AXL;AXL,NM_021913;NM_001699;NM_001278599,Body;Body;Body,
cg23059946,4.81E-07,0.002884424,0.112139423,chr2,217500594,S_Shore,IGFBP2,NM_000597,Body,
cg23082877,0.000137828,0.03048886,0.120751923,chr19,49243427,S_Shore,RASIP1,NM_017805,Body,
cg23111488,2.38E-06,0.006465454,-0.120366346,chr5,144538350,OpenSea,,,,
cg23123017,2.86E-05,0.017257872,0.169889423,chr8,1765679,S_Shore,,,,Unclassified_Cell_type_specific
cg23173402,1.23E-07,0.00133728,0.112275,chr1,227635558,OpenSea,,,,Unclassified_Cell_type_specific
cg23203969,0.000179973,0.033096059,0.102253846,chr20,3726328,N_Shelf,HSPA12B,NM_052970,Body,
cg23204757,0.000273842,0.03874191,0.178654808,chr21,18376383,OpenSea,,,,
cg23217153,0.000119216,0.028799962,0.171378846,chr2,242808611,Island,,,,Promoter_Associated_Cell_type_specific
cg23239545,0.000271055,0.038622963,0.130174038,chr18,29304253,Island,,,,
cg23255283,0.000239945,0.036770383,0.164090385,chr18,74240582,OpenSea,LOC284276,NR_015417,TSS200,
cg23270113,8.64E-06,0.011091008,0.243231731,chr19,45417587,OpenSea,APOC1,NM_001645,TSS1500,
cg23390118,4.26E-06,0.008115364,0.206977885,chr12,2339513,Island,CACNA1C;CACNA1C;CACNA1C;CACNA1C;CACNA1C;CACNA1C;CACNA1C;CACNA1C;CACNA1C;CACNA1C;CACNA1C;CACNA1C;CACNA1C;CACNA1C;CACNA1C;CACNA1C;CACNA1C;CACNA1C;CACNA1C;CACNA1C;CACNA1C;CACNA1C;CACNA1C,NM_001129844;NM_001129827;NM_001129839;NM_001129834;NM_001129841;NM_000719;NM_001129830;NM_001167625;NM_001129843;NM_001167624;NM_001129835;NM_001129837;NM_001167623;NM_001129840;NM_199460;NM_001129833;NM_001129832;NM_001129829;NM_001129846;NM_001129836;NM_001129838;NM_001129831;NM_001129842,Body;Body;Body;Body;Body;Body;Body;Body;Body;Body;Body;Body;Body;Body;Body;Body;Body;Body;Body;Body;Body;Body;Body,
cg23450038,8.45E-05,0.025433386,0.1477625,chr19,2462961,S_Shore,,,,
cg23451221,8.00E-05,0.025086001,-0.108757692,chr10,135160726,OpenSea,PRAP1;PRAP1,NM_145202;NM_001145201,TSS200;TSS200,
cg23476401,9.79E-05,0.026805555,0.147677885,chr11,2020296,S_Shore,H19,NR_002196,TSS1500,
cg23484899,3.74E-05,0.018936581,0.125461538,chr1,244894365,Island,,,,
cg23517013,0.000520361,0.048867515,-0.108634615,chr3,42544618,S_Shore,VIPR1,NM_004624,Body,
cg23559228,1.25E-08,0.000403413,-0.1122375,chr7,27227205,S_Shore,HOXA11-AS,NR_002795,Body,
cg23578243,0.000143765,0.030891068,0.104174038,chr17,46652864,N_Shore,HOXB3,NM_002146,TSS1500,
cg23651356,6.08E-07,0.003289806,-0.117279808,chr6,153452954,S_Shore,RGS17,NM_012419,TSS1500,
cg23836814,0.000235269,0.036537124,-0.108638462,chr11,47681300,OpenSea,AGBL2,NM_024783,3'UTR,
cg23918296,0.00030544,0.040315485,0.221340385,chr14,103397019,Island,AMN,NM_030943,3'UTR,
cg23936031,0.000121423,0.029101245,0.197168269,chr7,27183133,Island,HOXA5,NM_019102,1stExon,Unclassified
cg23958524,5.07E-05,0.021063233,-0.189788462,chr3,9289787,OpenSea,SRGAP3;SRGAP3,NM_001033117;NM_014850,Body;Body,
cg23989336,4.65E-06,0.008476106,0.109375,chr17,79283915,Island,C17orf55,NM_178519,TSS1500,
cg23992051,1.08E-05,0.012063877,0.137863462,chr3,65425637,OpenSea,MAGI1;MAGI1;MAGI1,NM_001033057;NM_015520;NM_004742,Body;Body;Body,Unclassified_Cell_type_specific
cg23995914,6.77E-05,0.023497064,0.130230769,chr4,10459228,Island,ZNF518B,NM_053042,TSS200,
cg24060890,7.25E-08,0.001121571,-0.153198077,chr4,93229269,S_Shelf,GRID2,NM_001510,Body,
cg24084693,6.85E-06,0.009812231,-0.100338462,chr3,28013305,OpenSea,,,,
cg24102279,1.86E-05,0.015034619,0.111973077,chr10,22615392,S_Shore,BMI1;COMMD3-BMI1,NM_005180;NM_001204062,Body;Body,
cg24129222,1.66E-05,0.014394702,0.158348077,chr2,74643251,Island,C2orf81,NM_001145054,Body,
cg24146100,8.98E-05,0.025997846,-0.179553846,chr13,99737448,N_Shore,DOCK9;DOCK9,NM_015296;NM_001130049,Body;Body,
cg24163734,0.000237604,0.036672787,0.119709615,chr18,62903771,OpenSea,,,,
cg24173629,0.00036531,0.043369612,0.108594231,chr22,25575559,S_Shore,KIAA1671,NM_001145206,Body,
cg24298311,4.83E-05,0.020787856,0.123720192,chr1,158119610,Island,,,,Promoter_Associated_Cell_type_specific
cg24332389,8.56E-05,0.025538581,-0.103110577,chr1,6558085,S_Shore,PLEKHG5;PLEKHG5,NM_198681;NM_001042663,Body;TSS1500,Unclassified
cg24361265,7.52E-06,0.010359081,-0.288613462,chr15,44068668,Island,ELL3,NM_025165,Body,Promoter_Associated
cg24373369,9.65E-05,0.026699975,-0.126406731,chr15,65320737,N_Shore,MTFMT,NM_139242,Body,Unclassified_Cell_type_specific
cg24397470,2.99E-07,0.002162405,0.142645192,chr10,13876803,OpenSea,FRMD4A,NM_018027,Body,
cg24403549,0.000152083,0.031407242,0.117351923,chr5,54281572,OpenSea,ESM1;ESM1,NM_001135604;NM_007036,TSS200;TSS200,
cg24435348,0.000122032,0.029136464,-0.117386538,chr4,1865267,S_Shore,,,,Unclassified_Cell_type_specific
cg24437408,2.21E-05,0.015951363,-0.111511538,chr10,134661502,OpenSea,,,,
cg24504361,1.05E-06,0.004159609,-0.142801923,chr12,53297987,S_Shore,KRT8,NM_002273,Body,
cg24574963,4.86E-05,0.020830942,0.285203846,chr7,149120622,S_Shore,,,,Promoter_Associated
cg24595678,4.30E-06,0.008152683,0.205740385,chr8,18712024,OpenSea,PSD3,NM_015310,Body,
cg24597353,5.75E-08,0.001010924,-0.190771154,chr4,177714618,S_Shore,VEGFC,NM_005429,TSS1500,Unclassified_Cell_type_specific
cg24601559,9.80E-05,0.026805555,0.149498077,chr2,43328536,S_Shore,,,,Unclassified_Cell_type_specific
cg24613050,9.30E-05,0.026329729,0.157123077,chr10,81743128,Island,,,,
cg24753998,3.77E-05,0.019045572,0.114151923,chr21,30452964,OpenSea,C21orf7;C21orf7,NM_020152;NM_020152,1stExon;5'UTR,
cg24856064,0.000251027,0.037444758,0.165689423,chr13,31506963,OpenSea,C13orf26,NM_152325,Body,
cg24931191,2.40E-05,0.016275979,-0.105633654,chr3,36248859,OpenSea,,,,
cg24932457,3.68E-05,0.018834128,0.232750962,chr1,175568559,Island,TNR,NM_003285,5'UTR,Unclassified_Cell_type_specific
cg24932585,0.000207963,0.034988049,0.119871154,chr19,12666317,Island,,,,
cg25060738,6.78E-05,0.023511721,-0.105433654,chr6,108108559,OpenSea,SCML4;SCML4,NM_001286408;NM_198081,5'UTR;5'UTR,Promoter_Associated_Cell_type_specific
cg25073708,1.53E-10,3.96E-05,-0.207416346,chr9,132083538,Island,C9orf106,NM_001012715,5'UTR,Unclassified
cg25103417,8.08E-07,0.003753747,-0.1043875,chr3,157812018,N_Shore,,,,
cg25178991,1.99E-05,0.015334786,-0.100766346,chr12,53004152,OpenSea,KRT73-AS1;KRT73,NR_126005;NM_175068,Body;Body,Unclassified_Cell_type_specific
cg25217269,0.000407116,0.044764081,-0.14825,chr6,46619688,N_Shore,SLC25A27;SLC25A27;SLC25A27;CYP39A1;CYP39A1;CYP39A1,NM_001204052;NM_001204051;NM_004277;NM_001278739;NM_001278738;NM_016593,TSS1500;TSS1500;TSS1500;5'UTR;Body;Body,
cg25225763,1.81E-08,0.000512902,-0.142876923,chr2,190075588,OpenSea,,,,
cg25303955,6.04E-05,0.022543242,0.145217308,chr15,80883267,OpenSea,ARNT2,NM_014862,Body,
cg25307665,7.49E-05,0.024635911,0.237328846,chr7,27183694,Island,HOXA5,NM_019102,TSS1500,Unclassified
cg25331593,5.50E-06,0.008888864,-0.104000962,chr9,140197800,S_Shore,NRARP,NM_001004354,TSS1500,Promoter_Associated
cg25396728,0.000388625,0.044217695,0.127982692,chr12,248500,Island,IQSEC3;IQSEC3,NM_001170738;NM_015232,Body;Body,
cg25406206,0.000483781,0.047828908,0.255670192,chr19,13135352,Island,NFIX;NFIX;NFIX,NM_001271043;NM_001271044;NM_002501,TSS200;Body;Body,
cg25414605,0.000141819,0.030709327,-0.113595192,chr11,67182672,N_Shore,ATPGD1;ATPGD1,NM_001166222;NM_020811,TSS1500;TSS1500,Unclassified_Cell_type_specific
cg25506432,0.000350616,0.042722091,0.102485577,chr7,27184065,Island,HOXA5,NM_019102,TSS1500,Unclassified
cg25620760,0.000173634,0.032759586,-0.107495192,chr3,170202937,OpenSea,SLC7A14,NM_020949,Body,
cg25660691,2.28E-07,0.00185142,0.145286538,chr10,81967281,Island,LINC00857,NR_038464,TSS200,
cg25661792,0.000278352,0.038930694,0.127425,chr3,194014530,Island,,,,
cg25673948,3.49E-05,0.018599183,0.176297115,chr8,1765296,S_Shore,MIR596,NR_030326,TSS200,Unclassified_Cell_type_specific
cg25676030,0.000155335,0.031581708,-0.114205769,chr3,4946693,OpenSea,BHLHE40-AS1;BHLHE40-AS1;BHLHE40-AS1;BHLHE40-AS1,NR_125914;NR_125916;NR_125915;NR_037903,Body;Body;Body;Body,
cg25766424,1.77E-06,0.005655345,0.175938462,chr2,162357826,OpenSea,AHCTF1P1,NR_077058,Body,
cg25940746,0.000113485,0.028362592,-0.108911538,chr2,174856441,OpenSea,,,,
cg25970491,8.10E-07,0.003753747,-0.1473125,chr22,19279922,S_Shore,CLTCL1;CLTCL1,NM_007098;NM_001835,TSS1500;TSS1500,Promoter_Associated
cg26023912,0.000394732,0.044451024,0.121421154,chr7,27184369,Island,HOXA5,NM_019102,TSS1500,Unclassified
cg26060667,7.70E-07,0.003701273,0.190099038,chr1,247681242,N_Shore,,,,
cg26072749,6.07E-05,0.022577983,0.174007692,chr17,46657274,N_Shore,MIR10A,NR_029608,Body,
cg26169081,7.26E-06,0.01017593,-0.132531731,chr10,12648338,OpenSea,CAMK1D;CAMK1D,NM_020397;NM_153498,Body;Body,Promoter_Associated
cg26170416,6.10E-06,0.009204297,-0.160913462,chr16,86926250,OpenSea,,,,
cg26225417,1.84E-07,0.001719459,-0.109928846,chr3,103537959,OpenSea,,,,
cg26264232,1.60E-05,0.014244976,-0.104786538,chr7,27138751,S_Shelf,,,,
cg26289142,0.000308276,0.040505859,0.107620192,chr2,74875794,S_Shore,M1AP;M1AP;M1AP,NM_138804;NM_001281296;NM_001281295,TSS1500;TSS1500;TSS1500,
cg26470868,1.86E-05,0.015049009,0.103925,chr1,120439048,Island,ADAM30;ADAM30,NM_021794;NM_021794,5'UTR;1stExon,
cg26491604,0.000102319,0.027279618,0.104943269,chr17,46656864,S_Shore,HOXB4,NM_024015,TSS1500,
cg26524748,2.37E-05,0.016273708,0.34085,chr2,157621435,OpenSea,,,,
cg26629969,1.09E-05,0.012126456,0.206551923,chr19,51069496,Island,LRRC4B,NM_001080457,5'UTR,
cg26655345,7.51E-06,0.010359081,0.116298077,chr9,14209709,OpenSea,NFIB;NFIB;NFIB,NM_001190737;NM_005596;NM_001190738,Body;Body;Body,
cg26681628,0.000259594,0.037970326,0.115694231,chr16,54210550,OpenSea,,,,
cg26682566,9.14E-05,0.026124011,0.141099038,chr4,58721251,OpenSea,,,,
cg26704915,5.31E-06,0.008713934,0.110833654,chr1,117665293,S_Shore,TRIM45;TRIM45,NM_001145635;NM_025188,TSS1500;TSS1500,Promoter_Associated
cg26842454,3.21E-06,0.007236798,0.106357692,chr1,120439125,Island,ADAM30;ADAM30,NM_021794;NM_021794,5'UTR;1stExon,
cg26859261,2.03E-05,0.015421393,-0.110920192,chr2,17211580,OpenSea,,,,
cg26922780,0.000440132,0.046234864,-0.102513462,chr16,88769443,N_Shelf,RNF166,NM_178841,Body,
cg27021634,3.94E-05,0.019411082,-0.162716346,chr6,133761614,OpenSea,EYA4;EYA4;EYA4;EYA4;EYA4,NM_004100;NM_172103;NM_001301012;NM_001301013;NM_172105,Body;Body;Body;Body;Body,
cg27037013,5.26E-06,0.008704205,-0.191280769,chr21,35320667,OpenSea,,,,Promoter_Associated
cg27057022,0.000350343,0.042722091,0.109175962,chr16,54227790,N_Shore,,,,Unclassified
cg27105183,2.56E-05,0.016541091,0.141515385,chr17,71898861,S_Shore,,,,
cg27192248,1.99E-05,0.015334786,0.225231731,chr15,65285669,S_Shelf,,,,
cg27237814,7.57E-05,0.02468876,0.112483654,chr6,30860014,OpenSea,DDR1;DDR1;DDR1,NM_013993;NM_001954;NM_013994,Body;Body;Body,
cg27252970,6.66E-05,0.023362103,0.105943269,chr2,220348312,N_Shore,SPEG,NM_005876,Body,
cg27267310,8.39E-06,0.010948317,0.141631731,chr11,16946393,Island,PLEKHA7,NM_175058,Body,Unclassified_Cell_type_specific
cg27283514,0.000354324,0.042892017,0.122332692,chr16,86768117,OpenSea,,,,
cg27296119,6.74E-06,0.009736566,0.252600962,chr16,86766828,OpenSea,,,,
cg27344791,2.32E-05,0.016118089,-0.119117308,chr19,12145947,N_Shore,ZNF433,NM_001080411,Body,Unclassified
cg27436261,7.02E-06,0.009975905,-0.200330769,chr16,4587672,N_Shore,CDIP1;CDIP1;CDIP1;CDIP1,NM_001199054;NM_013399;NM_001199056;NM_001199055,5'UTR;5'UTR;5'UTR;5'UTR,
cg27545338,1.56E-06,0.005262363,-0.113960577,chr20,19256054,OpenSea,LOC100130264;SLC24A3,NR_024564;NM_020689,Body;Body,
cg27602386,0.000547342,0.049740777,-0.115178846,chr10,112252566,OpenSea,,,,
,,,,,,,,,,
,,,,,,,,,,
,,,,,,,,,,
,,,,,,,,,,
,,,,,,,,,,
,,,,,,,,,,
,,,,,,,,,,
,,,,,,,,,,
,,,,,,,,,,
,,,,,,,,,,
,,,,,,,,,,
,,,,,,,,,,
,,,,,,,,,,
,,,,,,,,,,
,,,,,,,,,,
,,,,,,,,,,
,,,,,,,,,,
,,,,,,,,,,
,,,,,,,,,,
,,,,,,,,,,
,,,,,,,,,,
,,,,,,,,,,
,,,,,,,,,,
,,,,,,,,,,
,,,,,,,,,,
,,,,,,,,,,
,,,,,,,,,,
,,,,,,,,,,
,,,,,,,,,,
,,,,,,,,,,
,,,,,,,,,,
,,,,,,,,,,
,,,,,,,,,,
,,,,,,,,,,
,,,,,,,,,,
,,,,,,,,,,
,,,,,,,,,,
,,,,,,,,,,
,,,,,,,,,,
,,,,,,,,,,
,,,,,,,,,,
,,,,,,,,,,
,,,,,,,,,,
,,,,,,,,,,
,,,,,,,,,,
,,,,,,,,,,
,,,,,,,,,,
,,,,,,,,,,
,,,,,,,,,,
,,,,,,,,,,
,,,,,,,,,,
,,,,,,,,,,
,,,,,,,,,,
,,,,,,,,,,
,,,,,,,,,,
,,,,,,,,,,
,,,,,,,,,,
,,,,,,,,,,
,,,,,,,,,,
,,,,,,,,,,
,,,,,,,,,,
,,,,,,,,,,
,,,,,,,,,,
,,,,,,,,,,
,,,,,,,,,,
,,,,,,,,,,
,,,,,,,,,,
,,,,,,,,,,
,,,,,,,,,,
,,,,,,,,,,
,,,,,,,,,,
,,,,,,,,,,
,,,,,,,,,,
,,,,,,,,,,
,,,,,,,,,,
,,,,,,,,,,
,,,,,,,,,,
,,,,,,,,,,
,,,,,,,,,,
,,,,,,,,,,
,,,,,,,,,,
,,,,,,,,,,
,,,,,,,,,,
,,,,,,,,,,
,,,,,,,,,,
,,,,,,,,,,
,,,,,,,,,,
,,,,,,,,,,
,,,,,,,,,,
,,,,,,,,,,
,,,,,,,,,,
,,,,,,,,,,
,,,,,,,,,,
,,,,,,,,,,
,,,,,,,,,,
,,,,,,,,,,
,,,,,,,,,,
,,,,,,,,,,
,,,,,,,,,,
,,,,,,,,,,
,,,,,,,,,,
,,,,,,,,,,
,,,,,,,,,,
,,,,,,,,,,
,,,,,,,,,,
,,,,,,,,,,
,,,,,,,,,,
,,,,,,,,,,
,,,,,,,,,,
,,,,,,,,,,
,,,,,,,,,,
,,,,,,,,,,
,,,,,,,,,,
,,,,,,,,,,
,,,,,,,,,,
,,,,,,,,,,
,,,,,,,,,,
,,,,,,,,,,
,,,,,,,,,,
,,,,,,,,,,
,,,,,,,,,,
,,,,,,,,,,
,,,,,,,,,,
,,,,,,,,,,
,,,,,,,,,,
,,,,,,,,,,
,,,,,,,,,,
,,,,,,,,,,
,,,,,,,,,,
,,,,,,,,,,
,,,,,,,,,,
,,,,,,,,,,
,,,,,,,,,,
,,,,,,,,,,
,,,,,,,,,,
,,,,,,,,,,
,,,,,,,,,,
,,,,,,,,,,
,,,,,,,,,,
,,,,,,,,,,
,,,,,,,,,,
,,,,,,,,,,
,,,,,,,,,,
,,,,,,,,,,
,,,,,,,,,,
,,,,,,,,,,
,,,,,,,,,,
,,,,,,,,,,
,,,,,,,,,,
,,,,,,,,,,
,,,,,,,,,,
,,,,,,,,,,
,,,,,,,,,,
,,,,,,,,,,
,,,,,,,,,,
,,,,,,,,,,
,,,,,,,,,,
,,,,,,,,,,
,,,,,,,,,,
,,,,,,,,,,
,,,,,,,,,,
,,,,,,,,,,
,,,,,,,,,,
,,,,,,,,,,
,,,,,,,,,,
,,,,,,,,,,
,,,,,,,,,,
,,,,,,,,,,
,,,,,,,,,,
,,,,,,,,,,
,,,,,,,,,,
,,,,,,,,,,
,,,,,,,,,,
,,,,,,,,,,
,,,,,,,,,,
,,,,,,,,,,
,,,,,,,,,,
,,,,,,,,,,
,,,,,,,,,,
,,,,,,,,,,
,,,,,,,,,,
,,,,,,,,,,
,,,,,,,,,,
,,,,,,,,,,
,,,,,,,,,,
,,,,,,,,,,
,,,,,,,,,,
,,,,,,,,,,
,,,,,,,,,,
,,,,,,,,,,
,,,,,,,,,,
,,,,,,,,,,
,,,,,,,,,,
,,,,,,,,,,
,,,,,,,,,,
,,,,,,,,,,
,,,,,,,,,,
,,,,,,,,,,
,,,,,,,,,,
,,,,,,,,,,
,,,,,,,,,,
,,,,,,,,,,
,,,,,,,,,,
,,,,,,,,,,
,,,,,,,,,,
,,,,,,,,,,
,,,,,,,,,,
,,,,,,,,,,
,,,,,,,,,,
,,,,,,,,,,
,,,,,,,,,,
,,,,,,,,,,
,,,,,,,,,,
,,,,,,,,,,
,,,,,,,,,,
,,,,,,,,,,
,,,,,,,,,,
,,,,,,,,,,
,,,,,,,,,,
,,,,,,,,,,
,,,,,,,,,,
,,,,,,,,,,
,,,,,,,,,,
,,,,,,,,,,
,,,,,,,,,,
,,,,,,,,,,
,,,,,,,,,,
,,,,,,,,,,
,,,,,,,,,,
,,,,,,,,,,
,,,,,,,,,,
,,,,,,,,,,
,,,,,,,,,,
,,,,,,,,,,
,,,,,,,,,,
,,,,,,,,,,