Gene,p_val,avg_log2FC,pct.1,pct.2,p_val_adj,pTR-2 vs. pTR-0
MTRNR2L8,0,1.795557257,0.744,0.177,0,up in pTR-2
RPS26,0,0.729913206,0.969,0.678,0,up in pTR-2
IFITM2,0,0.592647424,0.845,0.494,0,up in pTR-2
CTSW,0,0.592454166,0.777,0.435,0,up in pTR-2
S100A4,0,0.55622427,0.826,0.565,0,up in pTR-2
IFITM1,0,0.528789539,0.941,0.655,0,up in pTR-2
AC105402.3,0,0.51297626,0.268,0.004,0,up in pTR-2
EMP3,0,0.49190921,0.769,0.42,0,up in pTR-2
CD52,0,0.481014236,0.899,0.646,0,up in pTR-2
LMNA,3.02E-251,0.476938195,0.293,0.082,1.01E-246,up in pTR-2
S100A6,0,0.475817544,0.87,0.58,0,up in pTR-2
RPS5,0,0.471828981,0.923,0.68,0,up in pTR-2
LTB,1.17E-234,0.461642971,0.405,0.168,3.93E-230,up in pTR-2
RPS9,0,0.448676679,0.944,0.738,0,up in pTR-2
S100A10,0,0.446538328,0.751,0.46,0,up in pTR-2
PPDPF,0,0.445774382,0.857,0.551,0,up in pTR-2
RPS16,0,0.444479477,0.934,0.725,0,up in pTR-2
RPL36A,0,0.435489169,0.754,0.465,0,up in pTR-2
RPL27A,0,0.433590879,0.841,0.556,0,up in pTR-2
RPL26,0,0.430177482,0.939,0.721,0,up in pTR-2
RPL23A,0,0.429568722,0.952,0.761,0,up in pTR-2
PFDN5,0,0.428293528,0.895,0.629,0,up in pTR-2
RPL27,0,0.426061679,0.908,0.649,0,up in pTR-2
LIMD2,0,0.421742397,0.793,0.539,0,up in pTR-2
RPL37A,0,0.418949808,0.912,0.683,0,up in pTR-2
CNN2,2.08E-281,0.418583577,0.635,0.356,6.97E-277,up in pTR-2
LAT,2.14E-293,0.41713144,0.667,0.376,7.17E-289,up in pTR-2
IER2,5.44E-257,0.414093813,0.723,0.486,1.83E-252,up in pTR-2
JUNB,0,0.413662013,0.849,0.687,0,up in pTR-2
GADD45B,4.83E-206,0.412662526,0.396,0.176,1.62E-201,up in pTR-2
HCST,0,0.410590001,0.916,0.648,0,up in pTR-2
MYL12A,0,0.408284815,0.909,0.669,0,up in pTR-2
RPSA,0,0.406660978,0.923,0.738,0,up in pTR-2
PCBP2,0,0.405302191,0.803,0.588,0,up in pTR-2
RPL35,0,0.405051531,0.939,0.711,0,up in pTR-2
EEF1D,0,0.405045517,0.928,0.706,0,up in pTR-2
FXYD5,0,0.403072889,0.817,0.565,0,up in pTR-2
RPS11,0,0.400286512,0.815,0.542,0,up in pTR-2
GPSM3,6.70E-272,0.400221864,0.662,0.385,2.25E-267,up in pTR-2
ITGB2,4.75E-258,0.399404586,0.682,0.406,1.59E-253,up in pTR-2
BTF3,0,0.399092739,0.858,0.601,0,up in pTR-2
SSR4,3.58E-290,0.398771139,0.756,0.46,1.20E-285,up in pTR-2
IL32,0,0.395830916,0.928,0.753,0,up in pTR-2
RBM3,1.06E-263,0.395744242,0.657,0.393,3.56E-259,up in pTR-2
RPL22,0,0.395485094,0.887,0.659,0,up in pTR-2
PPIB,0,0.394868991,0.815,0.538,0,up in pTR-2
RPL9,0,0.394326242,0.935,0.744,0,up in pTR-2
RPL29,0,0.393980109,0.952,0.788,0,up in pTR-2
LY6E,9.83E-250,0.389304806,0.766,0.507,3.30E-245,up in pTR-2
SLC25A6,2.89E-280,0.389055149,0.719,0.457,9.68E-276,up in pTR-2
RPS4X,0,0.388366553,0.957,0.814,0,up in pTR-2
RACK1,0,0.387352788,0.928,0.737,0,up in pTR-2
RPL18A,0,0.386742794,0.962,0.835,0,up in pTR-2
RPL8,0,0.386344043,0.951,0.788,0,up in pTR-2
RPL12,0,0.38413762,0.957,0.813,0,up in pTR-2
FTH1,0,0.38332445,0.929,0.76,0,up in pTR-2
UBA52,0,0.381608724,0.912,0.683,0,up in pTR-2
RPL5,0,0.381429148,0.924,0.737,0,up in pTR-2
CST7,1.10E-242,0.380322557,0.792,0.573,3.70E-238,up in pTR-2
CLIC1,0,0.377875987,0.849,0.593,0,up in pTR-2
EEF1B2,6.56E-296,0.375730932,0.843,0.602,2.20E-291,up in pTR-2
RPS25,0,0.374588171,0.964,0.818,0,up in pTR-2
RPL19,0,0.374098989,0.967,0.868,0,up in pTR-2
COX4I1,0,0.373965806,0.85,0.592,0,up in pTR-2
PSME1,2.02E-281,0.373915406,0.829,0.567,6.79E-277,up in pTR-2
RPL18,0,0.371124086,0.955,0.805,0,up in pTR-2
RPS14,0,0.370751664,0.959,0.849,0,up in pTR-2
RPL7A,0,0.369484114,0.962,0.83,0,up in pTR-2
FTL,0,0.369466837,0.87,0.66,0,up in pTR-2
RPL24,0,0.369185255,0.937,0.735,0,up in pTR-2
EIF3K,1.46E-255,0.368356544,0.751,0.479,4.91E-251,up in pTR-2
RPL36AL,2.61E-292,0.367898807,0.877,0.617,8.76E-288,up in pTR-2
RPL10A,0,0.367218013,0.915,0.73,0,up in pTR-2
DRAP1,1.27E-218,0.366804261,0.662,0.383,4.28E-214,up in pTR-2
RPL3,0,0.366718438,0.951,0.824,0,up in pTR-2
RPLP2,0,0.366334957,0.956,0.812,0,up in pTR-2
CORO1A,0,0.366115941,0.911,0.712,0,up in pTR-2
LGALS1,6.15E-155,0.36597328,0.454,0.248,2.06E-150,up in pTR-2
SNRPD2,1.90E-237,0.365699756,0.754,0.473,6.39E-233,up in pTR-2
RPL35A,0,0.362898193,0.952,0.791,0,up in pTR-2
NACA,0,0.362860311,0.929,0.74,0,up in pTR-2
TOMM7,6.29E-259,0.362737963,0.817,0.551,2.11E-254,up in pTR-2
PPIA,0,0.361250332,0.903,0.705,0,up in pTR-2
TAGLN2,5.76E-207,0.361182534,0.657,0.419,1.93E-202,up in pTR-2
GZMM,6.20E-199,0.359815969,0.6,0.341,2.08E-194,up in pTR-2
SH3BGRL3,0,0.359001208,0.945,0.784,0,up in pTR-2
CXCR3,6.23E-192,0.358985685,0.595,0.341,2.09E-187,up in pTR-2
RPLP0,0,0.358841694,0.947,0.806,0,up in pTR-2
UQCR11,7.15E-219,0.357222181,0.699,0.425,2.40E-214,up in pTR-2
GIMAP7,3.74E-192,0.356461729,0.639,0.392,1.25E-187,up in pTR-2
FAU,0,0.356334193,0.961,0.817,0,up in pTR-2
APRT,4.40E-214,0.355916162,0.647,0.383,1.48E-209,up in pTR-2
RPL32,0,0.355911718,0.964,0.868,0,up in pTR-2
EDF1,1.44E-221,0.355728347,0.687,0.415,4.83E-217,up in pTR-2
ATP5MG,2.51E-260,0.354684969,0.835,0.578,8.41E-256,up in pTR-2
GSTK1,1.96E-243,0.354369584,0.744,0.493,6.56E-239,up in pTR-2
RPS27A,0,0.35356356,0.97,0.873,0,up in pTR-2
RPL38,1.01E-283,0.353216339,0.882,0.646,3.39E-279,up in pTR-2
RPS3,0,0.351836645,0.961,0.871,0,up in pTR-2
RPL23,1.10E-211,0.351411657,0.672,0.417,3.69E-207,up in pTR-2
ACTG1,0,0.350406188,0.959,0.835,0,up in pTR-2
RPL31,9.20E-250,0.34801468,0.83,0.579,3.09E-245,up in pTR-2
RPL13,0,0.347987071,0.976,0.913,0,up in pTR-2
TBC1D10C,4.13E-223,0.347674144,0.705,0.47,1.38E-218,up in pTR-2
RPL36,0,0.347202806,0.954,0.791,0,up in pTR-2
COMMD6,1.64E-217,0.345492177,0.79,0.523,5.49E-213,up in pTR-2
SMDT1,3.93E-196,0.345250018,0.475,0.232,1.32E-191,up in pTR-2
RPL6,0,0.345204433,0.95,0.823,0,up in pTR-2
RPL15,0,0.344712611,0.937,0.786,0,up in pTR-2
COX6A1,2.70E-210,0.344434454,0.726,0.452,9.07E-206,up in pTR-2
PSME2,4.04E-194,0.343806511,0.675,0.416,1.36E-189,up in pTR-2
RPL14,0,0.343252462,0.956,0.818,0,up in pTR-2
RPL34,0,0.343248951,0.964,0.872,0,up in pTR-2
RPS12,0,0.343052654,0.971,0.92,0,up in pTR-2
RPL21,0,0.342814772,0.928,0.762,0,up in pTR-2
ATP5F1E,9.48E-255,0.342120292,0.917,0.688,3.18E-250,up in pTR-2
RPS6,0,0.341836787,0.949,0.825,0,up in pTR-2
RPL7,4.79E-211,0.340397986,0.733,0.486,1.61E-206,up in pTR-2
VPS28,4.49E-190,0.340362172,0.538,0.298,1.51E-185,up in pTR-2
KRTCAP2,1.71E-201,0.340257034,0.687,0.414,5.74E-197,up in pTR-2
RPS18,0,0.339816795,0.966,0.877,0,up in pTR-2
RPS7,0,0.339790481,0.96,0.837,0,up in pTR-2
RPS4Y1,2.06E-169,0.339309108,0.594,0.419,6.92E-165,up in pTR-2
RPL11,0,0.338933487,0.968,0.874,0,up in pTR-2
COX7C,9.93E-234,0.338755547,0.835,0.583,3.33E-229,up in pTR-2
TMSB10,0,0.338153563,0.971,0.859,0,up in pTR-2
RPL37,0,0.336774933,0.959,0.848,0,up in pTR-2
PEBP1,1.53E-187,0.336417902,0.464,0.233,5.14E-183,up in pTR-2
MIF,7.54E-215,0.335921626,0.805,0.55,2.53E-210,up in pTR-2
PSMB10,4.33E-180,0.335077225,0.58,0.335,1.45E-175,up in pTR-2
RPS23,0,0.334577947,0.96,0.851,0,up in pTR-2
RPS8,0,0.333124667,0.961,0.853,0,up in pTR-2
CIRBP,4.31E-252,0.332343848,0.791,0.576,1.45E-247,up in pTR-2
RPS19,0,0.33174292,0.974,0.905,0,up in pTR-2
GUK1,1.60E-196,0.330208837,0.695,0.451,5.35E-192,up in pTR-2
RAC2,9.30E-295,0.329852704,0.888,0.686,3.12E-290,up in pTR-2
COX7A2,2.43E-190,0.329779616,0.683,0.426,8.14E-186,up in pTR-2
ICAM3,4.88E-180,0.329667311,0.568,0.335,1.64E-175,up in pTR-2
RPS13,0,0.327962754,0.948,0.815,0,up in pTR-2
TMSB4X,0,0.326543454,0.987,0.952,0,up in pTR-2
MT-ND1,0,0.326250676,0.964,0.834,0,up in pTR-2
RPL30,0,0.324608039,0.968,0.898,0,up in pTR-2
CSTB,2.82E-173,0.324590265,0.557,0.316,9.47E-169,up in pTR-2
OAZ1,6.24E-233,0.324321144,0.836,0.613,2.09E-228,up in pTR-2
GABARAP,2.66E-181,0.323412651,0.673,0.421,8.92E-177,up in pTR-2
RPS3A,0,0.323335948,0.955,0.862,0,up in pTR-2
RPL10,0,0.323070588,0.981,0.942,0,up in pTR-2
ZNF683,4.82E-105,0.322839827,0.309,0.169,1.62E-100,up in pTR-2
ALDOA,5.09E-181,0.322529685,0.67,0.438,1.71E-176,up in pTR-2
RPS21,0,0.32236387,0.959,0.838,0,up in pTR-2
PSMB9,1.91E-192,0.321773321,0.775,0.533,6.42E-188,up in pTR-2
ANXA1,1.53E-150,0.319875295,0.658,0.438,5.12E-146,up in pTR-2
RPS15,0,0.319555117,0.966,0.856,0,up in pTR-2
UBB,6.69E-193,0.319084849,0.747,0.513,2.24E-188,up in pTR-2
MT-ND4L,0,0.317741766,0.991,0.927,0,up in pTR-2
UBL5,2.04E-176,0.317449292,0.758,0.495,6.86E-172,up in pTR-2
C12orf57,2.08E-177,0.315515751,0.709,0.48,6.97E-173,up in pTR-2
CFL1,0,0.315500275,0.93,0.771,0,up in pTR-2
ATP5MC2,4.41E-213,0.31512548,0.828,0.597,1.48E-208,up in pTR-2
COX6B1,3.88E-173,0.314187516,0.728,0.469,1.30E-168,up in pTR-2
PAXX,7.75E-175,0.313376921,0.689,0.463,2.60E-170,up in pTR-2
ZYX,8.93E-161,0.31215613,0.623,0.394,3.00E-156,up in pTR-2
MYL6,3.09E-260,0.311135233,0.899,0.704,1.04E-255,up in pTR-2
H3F3A,3.12E-288,0.311122917,0.861,0.679,1.05E-283,up in pTR-2
NDUFB11,7.90E-162,0.311043167,0.565,0.32,2.65E-157,up in pTR-2
COTL1,4.78E-195,0.310571788,0.786,0.606,1.60E-190,up in pTR-2
RPS15A,0,0.310506872,0.969,0.899,0,up in pTR-2
GIMAP4,4.36E-142,0.309672862,0.589,0.369,1.46E-137,up in pTR-2
CCDC85B,6.84E-158,0.309638915,0.544,0.314,2.30E-153,up in pTR-2
PLP2,7.19E-158,0.309119293,0.64,0.403,2.41E-153,up in pTR-2
TMA7,5.58E-193,0.308432187,0.882,0.646,1.87E-188,up in pTR-2
CD27,4.39E-149,0.308321882,0.619,0.405,1.47E-144,up in pTR-2
C19orf66,1.75E-140,0.307980317,0.495,0.296,5.86E-136,up in pTR-2
SERF2,5.67E-211,0.307555424,0.897,0.681,1.90E-206,up in pTR-2
SHISA5,6.94E-155,0.306610643,0.581,0.365,2.33E-150,up in pTR-2
DAZAP2,6.22E-194,0.306585113,0.745,0.526,2.09E-189,up in pTR-2
CD99,1.56E-297,0.306342234,0.89,0.712,5.23E-293,up in pTR-2
UQCRB,5.16E-167,0.30590604,0.702,0.468,1.73E-162,up in pTR-2
UXT,3.51E-156,0.305574804,0.522,0.294,1.18E-151,up in pTR-2
ABRACL,1.31E-154,0.305162319,0.542,0.314,4.39E-150,up in pTR-2
OST4,1.08E-173,0.304794777,0.786,0.542,3.62E-169,up in pTR-2
LYAR,1.21E-141,0.304578071,0.396,0.198,4.06E-137,up in pTR-2
REX1BD,7.12E-153,0.304412146,0.474,0.257,2.39E-148,up in pTR-2
CUTA,5.54E-155,0.303902648,0.517,0.29,1.86E-150,up in pTR-2
EIF5A,2.46E-151,0.303809825,0.527,0.308,8.24E-147,up in pTR-2
RPS24,0,0.303591198,0.961,0.855,0,up in pTR-2
RPS2,0,0.303307122,0.94,0.813,0,up in pTR-2
SPCS1,1.43E-158,0.303119852,0.596,0.362,4.80E-154,up in pTR-2
EIF3G,2.09E-153,0.302580134,0.606,0.377,7.00E-149,up in pTR-2
HINT1,1.12E-175,0.30257485,0.779,0.551,3.74E-171,up in pTR-2
SLC9A3R1,2.13E-156,0.302531591,0.615,0.401,7.15E-152,up in pTR-2
ELOB,1.44E-158,0.302189506,0.714,0.467,4.82E-154,up in pTR-2
ATP6V1G1,1.66E-158,0.302174091,0.593,0.356,5.56E-154,up in pTR-2
EIF3F,2.46E-161,0.301268726,0.642,0.419,8.24E-157,up in pTR-2
CD37,2.75E-204,0.299920413,0.798,0.586,9.23E-200,up in pTR-2
GPX4,8.18E-144,0.299641367,0.512,0.301,2.74E-139,up in pTR-2
CHCHD2,1.16E-171,0.29962743,0.763,0.526,3.90E-167,up in pTR-2
RPL28,0,0.297018876,0.977,0.932,0,up in pTR-2
DPP7,2.52E-143,0.296615057,0.506,0.301,8.45E-139,up in pTR-2
RPS28,0,0.295955525,0.966,0.887,0,up in pTR-2
RPL4,1.76E-234,0.295539711,0.848,0.671,5.90E-230,up in pTR-2
FOS,1.83E-102,0.294019001,0.67,0.591,6.13E-98,up in pTR-2
PPP1CA,2.22E-148,0.293012357,0.663,0.431,7.46E-144,up in pTR-2
RPL39,1.05E-299,0.292269379,0.964,0.882,3.52E-295,up in pTR-2
RARRES3,1.31E-138,0.291412263,0.689,0.466,4.41E-134,up in pTR-2
C19orf53,1.34E-143,0.291343887,0.541,0.312,4.48E-139,up in pTR-2
EEF1A1,0,0.2893288,0.985,0.973,0,up in pTR-2
ISG15,5.30E-115,0.2866125,0.443,0.251,1.78E-110,up in pTR-2
ARHGDIA,3.38E-140,0.286548094,0.599,0.384,1.14E-135,up in pTR-2
GLIPR2,4.72E-140,0.285723394,0.381,0.188,1.58E-135,up in pTR-2
CD8B,2.11E-163,0.285282392,0.75,0.589,7.08E-159,up in pTR-2
TRAPPC1,1.35E-135,0.284475277,0.56,0.34,4.52E-131,up in pTR-2
NDUFA4,1.73E-142,0.283818275,0.695,0.465,5.81E-138,up in pTR-2
ARPC3,2.70E-165,0.28286381,0.784,0.571,9.06E-161,up in pTR-2
CD3D,4.60E-229,0.282303585,0.925,0.746,1.54E-224,up in pTR-2
POLR2L,4.33E-131,0.280266717,0.581,0.349,1.45E-126,up in pTR-2
UBXN1,4.51E-133,0.279729483,0.559,0.349,1.51E-128,up in pTR-2
RPS27,0,0.279438184,0.98,0.957,0,up in pTR-2
RPL41,0,0.279129714,0.986,0.967,0,up in pTR-2
TYMP,1.19E-116,0.279001726,0.327,0.168,4.00E-112,up in pTR-2
OTUB1,7.10E-132,0.277939194,0.447,0.249,2.38E-127,up in pTR-2
HOPX,4.44E-99,0.277306279,0.296,0.156,1.49E-94,up in pTR-2
CRIP1,2.04E-121,0.276865014,0.549,0.35,6.83E-117,up in pTR-2
CD48,1.14E-129,0.27655797,0.631,0.415,3.84E-125,up in pTR-2
GMFG,1.86E-139,0.276183552,0.693,0.482,6.23E-135,up in pTR-2
TRBC2,9.52E-131,0.27616434,0.733,0.537,3.19E-126,up in pTR-2
CALR,5.60E-127,0.275696657,0.684,0.488,1.88E-122,up in pTR-2
ISCU,4.22E-129,0.275625262,0.519,0.311,1.42E-124,up in pTR-2
COX5B,6.91E-130,0.275048686,0.656,0.428,2.32E-125,up in pTR-2
PRDX2,1.31E-133,0.274948792,0.393,0.201,4.39E-129,up in pTR-2
ATP6V0C,1.64E-127,0.274625874,0.534,0.324,5.49E-123,up in pTR-2
SASH3,1.31E-120,0.273868095,0.496,0.306,4.40E-116,up in pTR-2
ARF5,7.72E-128,0.273771947,0.523,0.315,2.59E-123,up in pTR-2
NME2,3.05E-125,0.273574242,0.458,0.26,1.02E-120,up in pTR-2
HIGD2A,6.82E-125,0.271740809,0.59,0.383,2.29E-120,up in pTR-2
LINC02446,4.33E-72,0.271594986,0.347,0.226,1.45E-67,up in pTR-2
NDUFB2,2.56E-122,0.270193276,0.55,0.332,8.60E-118,up in pTR-2
SUMO2,1.25E-142,0.26980827,0.751,0.539,4.20E-138,up in pTR-2
RPLP1,0,0.269206099,0.979,0.96,0,up in pTR-2
NDUFA1,2.31E-123,0.269130421,0.616,0.392,7.75E-119,up in pTR-2
SELENOW,2.02E-125,0.268696775,0.467,0.264,6.78E-121,up in pTR-2
SEC61B,1.73E-120,0.267955163,0.577,0.365,5.80E-116,up in pTR-2
LAMTOR4,2.90E-122,0.267674094,0.524,0.316,9.74E-118,up in pTR-2
FLT3LG,3.64E-136,0.267481144,0.293,0.125,1.22E-131,up in pTR-2
NOP53,1.03E-120,0.26713573,0.591,0.397,3.46E-116,up in pTR-2
SSR2,2.40E-132,0.267094953,0.675,0.468,8.06E-128,up in pTR-2
SAP18,2.72E-124,0.26707314,0.564,0.351,9.14E-120,up in pTR-2
MT-ATP6,0,0.26705224,0.996,0.96,0,up in pTR-2
COX8A,2.74E-119,0.266843807,0.622,0.401,9.18E-115,up in pTR-2
PARK7,1.12E-119,0.266649534,0.612,0.408,3.74E-115,up in pTR-2
C19orf70,2.52E-128,0.265905205,0.386,0.198,8.44E-124,up in pTR-2
PKM,3.07E-115,0.265381962,0.584,0.394,1.03E-110,up in pTR-2
MATK,4.10E-141,0.265317449,0.265,0.1,1.38E-136,up in pTR-2
UQCRH,1.39E-116,0.265200213,0.568,0.354,4.66E-112,up in pTR-2
TUFM,1.89E-122,0.264942951,0.435,0.243,6.34E-118,up in pTR-2
PSMA7,2.50E-121,0.264214292,0.679,0.462,8.37E-117,up in pTR-2
APH1A,2.67E-129,0.264064237,0.372,0.188,8.97E-125,up in pTR-2
WDR83OS,2.79E-117,0.263750932,0.549,0.338,9.37E-113,up in pTR-2
1-Sep,1.74E-130,0.263681743,0.695,0.5,5.85E-126,up in pTR-2
LIME1,2.93E-122,0.263278699,0.352,0.173,9.83E-118,up in pTR-2
TSPO,2.80E-118,0.263226155,0.488,0.291,9.39E-114,up in pTR-2
EMD,1.30E-120,0.262091239,0.401,0.217,4.35E-116,up in pTR-2
C9orf16,1.99E-115,0.262057978,0.517,0.317,6.69E-111,up in pTR-2
ITM2C,1.13E-89,0.262048983,0.566,0.407,3.79E-85,up in pTR-2
SRP14,2.76E-140,0.261930682,0.78,0.577,9.25E-136,up in pTR-2
PCBP1,1.10E-151,0.261659713,0.793,0.602,3.69E-147,up in pTR-2
DBI,1.34E-116,0.261310993,0.499,0.296,4.50E-112,up in pTR-2
PDLIM2,5.48E-125,0.260903558,0.349,0.173,1.84E-120,up in pTR-2
TBCB,8.69E-117,0.260604274,0.451,0.261,2.92E-112,up in pTR-2
CD3E,0,0.260412268,0.955,0.856,0,up in pTR-2
TPT1,0,0.260367861,0.958,0.912,0,up in pTR-2
MYL12B,1.13E-139,0.259727208,0.811,0.612,3.79E-135,up in pTR-2
PRDX1,3.15E-114,0.259670175,0.481,0.284,1.06E-109,up in pTR-2
PRELID1,8.64E-115,0.259300759,0.513,0.308,2.90E-110,up in pTR-2
NDUFB7,2.48E-121,0.258626081,0.417,0.224,8.33E-117,up in pTR-2
COX6C,1.16E-116,0.258584193,0.699,0.482,3.88E-112,up in pTR-2
GYPC,2.57E-113,0.258577943,0.555,0.365,8.61E-109,up in pTR-2
SIGIRR,9.09E-114,0.258214512,0.415,0.233,3.05E-109,up in pTR-2
DAD1,1.78E-113,0.257805686,0.585,0.374,5.98E-109,up in pTR-2
MT-ND3,0,0.257023335,0.988,0.933,0,up in pTR-2
TRMT112,2.97E-110,0.25634461,0.607,0.392,9.97E-106,up in pTR-2
PRR13,1.88E-112,0.255560701,0.608,0.411,6.30E-108,up in pTR-2
NEDD8,2.34E-112,0.254324888,0.49,0.293,7.86E-108,up in pTR-2
NOSIP,5.21E-110,0.253131097,0.329,0.169,1.75E-105,up in pTR-2
CALM1,5.31E-213,0.25246908,0.892,0.747,1.78E-208,up in pTR-2
SOCS3,4.17E-125,0.252342396,0.199,0.065,1.40E-120,up in pTR-2
RPL17,5.92E-114,0.252173971,0.685,0.488,1.98E-109,up in pTR-2
TIMP1,1.33E-157,0.251477816,0.187,0.045,4.46E-153,up in pTR-2
VIM,0,0.250949617,0.953,0.886,0,up in pTR-2
YWHAB,3.87E-141,0.250777939,0.765,0.589,1.30E-136,up in pTR-2
MRPL54,2.47E-125,0.250596745,0.318,0.146,8.27E-121,up in pTR-2
GZMH,3.87E-60,0.250552315,0.471,0.374,1.30E-55,up in pTR-2
ATP5IF1,6.13E-105,0.250451001,0.559,0.357,2.06E-100,up in pTR-2
EEF2,3.94E-204,0.250154028,0.851,0.716,1.32E-199,up in pTR-2
IRF7,3.80E-93,0.250108278,0.372,0.219,1.27E-88,up in pTR-2
NDUFB10,2.55E-109,0.250082835,0.476,0.284,8.56E-105,up in pTR-2
ETV6,7.93E-90,-0.250047661,0.145,0.266,2.66E-85,down in pTR-2
ARNTL,1.29E-107,-0.250123487,0.11,0.237,4.32E-103,down in pTR-2
CSNK1G3,1.06E-100,-0.250597548,0.12,0.244,3.56E-96,down in pTR-2
TTC19,1.70E-105,-0.250668843,0.153,0.291,5.71E-101,down in pTR-2
ANKRD36C,1.03E-105,-0.250802944,0.132,0.266,3.44E-101,down in pTR-2
KDM3B,1.05E-125,-0.250975742,0.081,0.211,3.53E-121,down in pTR-2
ZBTB38,5.87E-88,-0.251101966,0.264,0.391,1.97E-83,down in pTR-2
PRKCA,6.10E-69,-0.251458923,0.136,0.234,2.05E-64,down in pTR-2
AKAP11,2.68E-103,-0.251577213,0.132,0.261,8.98E-99,down in pTR-2
CHD2,5.29E-93,-0.251959233,0.345,0.47,1.77E-88,down in pTR-2
GPD2,1.97E-136,-0.252116348,0.046,0.164,6.61E-132,down in pTR-2
ATR,3.75E-100,-0.252182342,0.15,0.282,1.26E-95,down in pTR-2
AP1G1,3.31E-115,-0.252462146,0.116,0.251,1.11E-110,down in pTR-2
BICRAL,8.06E-100,-0.252510294,0.155,0.286,2.70E-95,down in pTR-2
GALNT2,1.11E-84,-0.252552939,0.193,0.319,3.74E-80,down in pTR-2
WWP1,1.95E-101,-0.253044398,0.141,0.271,6.53E-97,down in pTR-2
CD109,1.72E-155,-0.25308784,0.021,0.131,5.77E-151,down in pTR-2
IMMP2L,1.90E-63,-0.253609171,0.115,0.204,6.36E-59,down in pTR-2
DCAF6,7.47E-106,-0.2539955,0.116,0.242,2.50E-101,down in pTR-2
CDK19,1.45E-133,-0.254330143,0.052,0.172,4.86E-129,down in pTR-2
OPA1,1.79E-104,-0.254344419,0.132,0.261,6.01E-100,down in pTR-2
ATG5,3.72E-95,-0.254466671,0.204,0.333,1.25E-90,down in pTR-2
USP48,4.26E-99,-0.254696879,0.16,0.29,1.43E-94,down in pTR-2
FUBP1,6.39E-97,-0.254859756,0.223,0.357,2.14E-92,down in pTR-2
ROCK1,1.64E-103,-0.255152846,0.384,0.509,5.51E-99,down in pTR-2
SNX14,1.21E-113,-0.255211518,0.127,0.265,4.06E-109,down in pTR-2
TMEM135,2.40E-127,-0.255212217,0.061,0.183,8.06E-123,down in pTR-2
TNS3,6.65E-149,-0.25524421,0.032,0.148,2.23E-144,down in pTR-2
RC3H2,1.02E-105,-0.256048384,0.146,0.282,3.42E-101,down in pTR-2
KCNQ5,2.56E-97,-0.2562957,0.05,0.145,8.60E-93,down in pTR-2
FBXW4,2.81E-136,-0.25688987,0.068,0.2,9.42E-132,down in pTR-2
NELL2,1.68E-54,-0.257052767,0.355,0.425,5.63E-50,down in pTR-2
INTS6,5.84E-106,-0.257148687,0.13,0.261,1.96E-101,down in pTR-2
USP15,8.56E-117,-0.257573919,0.451,0.578,2.87E-112,down in pTR-2
NLK,1.68E-137,-0.257763374,0.049,0.171,5.64E-133,down in pTR-2
7-Mar,4.34E-99,-0.258090709,0.219,0.355,1.46E-94,down in pTR-2
CLIC5,1.61E-121,-0.258241695,0.083,0.211,5.42E-117,down in pTR-2
MSL2,3.95E-111,-0.258276672,0.118,0.249,1.32E-106,down in pTR-2
MAPKAP1,3.10E-106,-0.258324808,0.119,0.245,1.04E-101,down in pTR-2
CASD1,3.78E-145,-0.258472814,0.059,0.192,1.27E-140,down in pTR-2
RC3H1,3.64E-98,-0.258540067,0.179,0.311,1.22E-93,down in pTR-2
TAF10,3.97E-102,-0.258759632,0.224,0.371,1.33E-97,down in pTR-2
RAP1B,1.02E-163,-0.25893069,0.58,0.692,3.42E-159,down in pTR-2
TMEM131L,7.81E-93,-0.259075722,0.168,0.292,2.62E-88,down in pTR-2
PTPN1,2.18E-90,-0.25938723,0.233,0.356,7.30E-86,down in pTR-2
ZBTB1,1.56E-94,-0.259853235,0.211,0.34,5.22E-90,down in pTR-2
BACH1,5.91E-110,-0.259888879,0.096,0.22,1.98E-105,down in pTR-2
HIPK1,3.29E-110,-0.260447016,0.127,0.259,1.10E-105,down in pTR-2
DNAJC1,1.04E-92,-0.260604713,0.329,0.451,3.49E-88,down in pTR-2
BTAF1,9.81E-112,-0.260629842,0.144,0.285,3.29E-107,down in pTR-2
SNRK,1.55E-100,-0.260719548,0.155,0.284,5.21E-96,down in pTR-2
AGTPBP1,2.17E-101,-0.261166589,0.126,0.252,7.28E-97,down in pTR-2
RNF115,8.26E-96,-0.26194901,0.186,0.313,2.77E-91,down in pTR-2
MKL1,2.12E-104,-0.261950695,0.141,0.271,7.11E-100,down in pTR-2
ADD1,3.30E-107,-0.262060133,0.2,0.342,1.11E-102,down in pTR-2
TLK2,1.04E-144,-0.262065811,0.072,0.211,3.50E-140,down in pTR-2
WWOX,7.84E-67,-0.262425839,0.133,0.229,2.63E-62,down in pTR-2
MAP3K5,1.20E-103,-0.262699475,0.137,0.267,4.03E-99,down in pTR-2
PPP2R5E,3.11E-101,-0.262900858,0.175,0.309,1.04E-96,down in pTR-2
PSPC1,9.63E-105,-0.262952199,0.163,0.297,3.23E-100,down in pTR-2
GLG1,1.39E-96,-0.26323434,0.293,0.42,4.68E-92,down in pTR-2
CARD11,3.87E-91,-0.263550377,0.263,0.39,1.30E-86,down in pTR-2
PVT1,3.30E-95,-0.263739093,0.16,0.285,1.11E-90,down in pTR-2
CEP120,1.09E-123,-0.263749951,0.098,0.233,3.65E-119,down in pTR-2
GNAI2,7.98E-113,-0.263779552,0.381,0.522,2.68E-108,down in pTR-2
TULP4,1.64E-109,-0.263831758,0.114,0.242,5.51E-105,down in pTR-2
UBR3,3.63E-125,-0.263995612,0.093,0.226,1.22E-120,down in pTR-2
NSD1,3.82E-102,-0.264308155,0.23,0.369,1.28E-97,down in pTR-2
DDX6,3.42E-113,-0.264457019,0.368,0.512,1.15E-108,down in pTR-2
SND1,1.07E-96,-0.264660718,0.223,0.352,3.58E-92,down in pTR-2
PABPN1,2.52E-117,-0.265076052,0.167,0.316,8.45E-113,down in pTR-2
ARHGEF6,8.10E-100,-0.265515442,0.186,0.316,2.72E-95,down in pTR-2
INVS,3.42E-118,-0.266096595,0.081,0.205,1.15E-113,down in pTR-2
ST8SIA4,2.14E-93,-0.266223544,0.242,0.37,7.19E-89,down in pTR-2
CNOT1,2.28E-107,-0.266349652,0.188,0.328,7.66E-103,down in pTR-2
RAB3GAP2,1.70E-109,-0.266512395,0.135,0.268,5.69E-105,down in pTR-2
HNRNPLL,2.51E-95,-0.266545001,0.267,0.403,8.42E-91,down in pTR-2
LMBR1,4.83E-104,-0.26687194,0.155,0.285,1.62E-99,down in pTR-2
EXT1,7.65E-142,-0.267111999,0.04,0.157,2.57E-137,down in pTR-2
AHI1,1.75E-89,-0.267530035,0.161,0.283,5.87E-85,down in pTR-2
FAM208A,3.01E-110,-0.267768167,0.199,0.344,1.01E-105,down in pTR-2
OTULIN,6.24E-124,-0.267822263,0.111,0.25,2.09E-119,down in pTR-2
CCDC88C,1.58E-107,-0.267827534,0.291,0.434,5.31E-103,down in pTR-2
TMPO,1.90E-113,-0.267919809,0.193,0.341,6.38E-109,down in pTR-2
SCLT1,1.04E-98,-0.268177892,0.148,0.275,3.50E-94,down in pTR-2
SP3,1.62E-110,-0.268463359,0.187,0.329,5.43E-106,down in pTR-2
PKN2,9.77E-104,-0.2690325,0.171,0.305,3.28E-99,down in pTR-2
KIAA1468,8.96E-112,-0.269189734,0.158,0.3,3.01E-107,down in pTR-2
TSPAN14,3.05E-106,-0.269225797,0.32,0.454,1.02E-101,down in pTR-2
PHIP,3.45E-95,-0.269580384,0.276,0.404,1.16E-90,down in pTR-2
ATRX,4.04E-119,-0.269937574,0.405,0.54,1.35E-114,down in pTR-2
HECTD4,1.53E-136,-0.270146104,0.095,0.238,5.12E-132,down in pTR-2
BRWD3,3.95E-130,-0.270169031,0.091,0.228,1.32E-125,down in pTR-2
SYNE2,2.09E-134,-0.271369739,0.548,0.661,7.02E-130,down in pTR-2
SSH1,3.42E-139,-0.272398037,0.072,0.206,1.15E-134,down in pTR-2
CRACR2A,8.62E-137,-0.272406865,0.089,0.229,2.89E-132,down in pTR-2
RPAP2,5.81E-117,-0.272469767,0.131,0.269,1.95E-112,down in pTR-2
ANKRD28,5.24E-76,-0.272649724,0.216,0.335,1.76E-71,down in pTR-2
RLF,7.45E-117,-0.272808065,0.15,0.293,2.50E-112,down in pTR-2
NF1,6.08E-116,-0.273036521,0.122,0.258,2.04E-111,down in pTR-2
PTPRC,0,-0.273327646,0.955,0.981,0,down in pTR-2
ZHX2,1.21E-112,-0.273559827,0.122,0.255,4.06E-108,down in pTR-2
SCAPER,7.90E-103,-0.273934186,0.166,0.298,2.65E-98,down in pTR-2
PTPN4,1.26E-106,-0.274114007,0.257,0.399,4.23E-102,down in pTR-2
FBXL20,1.45E-136,-0.274525895,0.089,0.229,4.88E-132,down in pTR-2
GBF1,1.64E-119,-0.274834157,0.132,0.273,5.51E-115,down in pTR-2
FAM120B,1.16E-119,-0.27499168,0.143,0.287,3.89E-115,down in pTR-2
MED14,1.50E-151,-0.275042592,0.072,0.214,5.02E-147,down in pTR-2
CHD6,2.45E-111,-0.275054069,0.147,0.283,8.22E-107,down in pTR-2
AEBP2,1.29E-132,-0.275382176,0.103,0.245,4.33E-128,down in pTR-2
TTC39B,1.36E-118,-0.275470418,0.11,0.243,4.57E-114,down in pTR-2
SPAG9,3.31E-123,-0.275687227,0.134,0.278,1.11E-118,down in pTR-2
PIK3R5,1.31E-104,-0.27570585,0.179,0.313,4.39E-100,down in pTR-2
RORA,6.37E-82,-0.275892436,0.267,0.387,2.14E-77,down in pTR-2
PSME4,1.05E-128,-0.276190151,0.117,0.263,3.52E-124,down in pTR-2
MYO9B,2.11E-111,-0.276389532,0.226,0.376,7.08E-107,down in pTR-2
MAP4,1.63E-105,-0.276638673,0.241,0.381,5.48E-101,down in pTR-2
MAP4K5,5.05E-112,-0.276806703,0.152,0.29,1.70E-107,down in pTR-2
NBAS,4.47E-111,-0.277426523,0.149,0.286,1.50E-106,down in pTR-2
PTP4A2,6.04E-125,-0.277736473,0.404,0.551,2.02E-120,down in pTR-2
DENND4C,8.36E-118,-0.277903069,0.177,0.325,2.80E-113,down in pTR-2
PRKDC,1.36E-110,-0.278031755,0.247,0.39,4.57E-106,down in pTR-2
JMY,2.13E-138,-0.278202182,0.082,0.221,7.14E-134,down in pTR-2
SRPK2,1.34E-98,-0.278202336,0.245,0.373,4.50E-94,down in pTR-2
GABPB1-AS1,2.51E-128,-0.278252694,0.119,0.263,8.43E-124,down in pTR-2
BICD1,7.16E-114,-0.278275018,0.091,0.215,2.40E-109,down in pTR-2
RANBP9,2.02E-139,-0.278711877,0.098,0.243,6.77E-135,down in pTR-2
GPHN,2.73E-103,-0.278891106,0.097,0.214,9.16E-99,down in pTR-2
NFATC2,3.15E-115,-0.279094082,0.419,0.554,1.06E-110,down in pTR-2
SUCO,2.35E-113,-0.279607031,0.17,0.311,7.88E-109,down in pTR-2
AMBRA1,5.20E-118,-0.279789983,0.179,0.326,1.74E-113,down in pTR-2
VPS13A,2.01E-119,-0.279818219,0.179,0.329,6.74E-115,down in pTR-2
CPD,3.92E-110,-0.280230683,0.164,0.303,1.31E-105,down in pTR-2
BCLAF1,1.38E-129,-0.280309481,0.411,0.559,4.64E-125,down in pTR-2
NKTR,3.04E-118,-0.280544008,0.298,0.45,1.02E-113,down in pTR-2
APBA2,4.48E-105,-0.280575571,0.081,0.193,1.50E-100,down in pTR-2
ZNRF1,1.36E-136,-0.280642068,0.104,0.25,4.55E-132,down in pTR-2
RAPGEF2,8.41E-138,-0.280814075,0.07,0.203,2.82E-133,down in pTR-2
MAPKAPK2,9.63E-150,-0.280836795,0.101,0.254,3.23E-145,down in pTR-2
XPO6,5.67E-130,-0.280993832,0.122,0.268,1.90E-125,down in pTR-2
PTBP2,3.02E-143,-0.281053033,0.083,0.225,1.01E-138,down in pTR-2
STXBP5,1.03E-127,-0.281157868,0.093,0.228,3.45E-123,down in pTR-2
MUC20-OT1,9.78E-126,-0.281287976,0.149,0.299,3.28E-121,down in pTR-2
UBE3C,1.26E-146,-0.28138237,0.1,0.252,4.24E-142,down in pTR-2
FAM120A,1.83E-133,-0.281675487,0.142,0.296,6.13E-129,down in pTR-2
RUNX3,3.74E-146,-0.281906839,0.492,0.633,1.25E-141,down in pTR-2
TNIK,4.99E-99,-0.282001794,0.181,0.31,1.67E-94,down in pTR-2
AC022126.1,1.14E-111,-0.282205501,0.074,0.191,3.81E-107,down in pTR-2
GIGYF2,3.52E-125,-0.282892614,0.147,0.295,1.18E-120,down in pTR-2
CDYL2,3.75E-175,-0.284232154,0.043,0.182,1.26E-170,down in pTR-2
STRN3,5.00E-155,-0.284384963,0.07,0.214,1.68E-150,down in pTR-2
GPR174,6.01E-117,-0.284451247,0.304,0.451,2.02E-112,down in pTR-2
CLTC,9.13E-122,-0.284785203,0.196,0.347,3.06E-117,down in pTR-2
VPS13D,7.86E-123,-0.285207543,0.146,0.292,2.64E-118,down in pTR-2
ATM,1.87E-118,-0.285976415,0.379,0.518,6.27E-114,down in pTR-2
IFI16,3.65E-128,-0.286037745,0.396,0.543,1.22E-123,down in pTR-2
HECA,1.10E-134,-0.286040336,0.117,0.266,3.70E-130,down in pTR-2
ETNK1,1.17E-124,-0.286450392,0.189,0.341,3.91E-120,down in pTR-2
STAM,5.92E-126,-0.286456818,0.106,0.242,1.98E-121,down in pTR-2
SMARCC1,4.17E-127,-0.286549734,0.182,0.338,1.40E-122,down in pTR-2
EPC2,3.69E-139,-0.286739856,0.105,0.252,1.24E-134,down in pTR-2
MNAT1,3.15E-117,-0.287307027,0.15,0.289,1.06E-112,down in pTR-2
RERE,7.76E-112,-0.287763109,0.127,0.257,2.60E-107,down in pTR-2
TAOK3,2.45E-112,-0.288097353,0.275,0.417,8.23E-108,down in pTR-2
RANBP2,2.03E-120,-0.28819726,0.288,0.44,6.82E-116,down in pTR-2
SPEN,2.84E-127,-0.288315574,0.157,0.308,9.53E-123,down in pTR-2
QKI,1.39E-142,-0.288499008,0.093,0.238,4.68E-138,down in pTR-2
FBXO11,1.85E-122,-0.288748686,0.153,0.301,6.21E-118,down in pTR-2
EMB,2.01E-165,-0.289155543,0.543,0.657,6.74E-161,down in pTR-2
HNRNPU,8.37E-169,-0.289554085,0.499,0.657,2.81E-164,down in pTR-2
SCAF11,1.97E-128,-0.289556387,0.357,0.504,6.62E-124,down in pTR-2
ADARB2,7.49E-292,-0.289623182,0.002,0.153,2.51E-287,down in pTR-2
AKNA,1.31E-145,-0.289727904,0.454,0.601,4.40E-141,down in pTR-2
MYO5A,7.10E-126,-0.289948985,0.139,0.285,2.38E-121,down in pTR-2
RBM6,2.21E-122,-0.290060944,0.211,0.364,7.42E-118,down in pTR-2
ANKIB1,4.62E-130,-0.290429146,0.127,0.274,1.55E-125,down in pTR-2
ARF6,2.41E-134,-0.290618296,0.37,0.526,8.10E-130,down in pTR-2
IL7R,3.33E-74,-0.290879678,0.45,0.532,1.12E-69,down in pTR-2
OSBPL3,2.90E-122,-0.291275104,0.127,0.267,9.73E-118,down in pTR-2
CLNK,8.43E-133,-0.291830053,0.065,0.192,2.83E-128,down in pTR-2
6-Mar,5.29E-119,-0.292151148,0.199,0.347,1.77E-114,down in pTR-2
FAM3C,2.93E-128,-0.292513914,0.103,0.239,9.83E-124,down in pTR-2
TG,2.67E-195,-0.293100613,0.047,0.2,8.94E-191,down in pTR-2
STIM1,3.91E-115,-0.29331736,0.213,0.356,1.31E-110,down in pTR-2
ZFYVE28,4.39E-115,-0.293517244,0.204,0.351,1.47E-110,down in pTR-2
DDHD1,3.22E-136,-0.293804089,0.127,0.278,1.08E-131,down in pTR-2
DTHD1,1.14E-97,-0.293811728,0.105,0.22,3.84E-93,down in pTR-2
AUTS2,1.85E-100,-0.293883528,0.185,0.319,6.21E-96,down in pTR-2
MON2,2.68E-127,-0.29420928,0.177,0.332,9.00E-123,down in pTR-2
CBFB,1.42E-141,-0.294528883,0.116,0.267,4.77E-137,down in pTR-2
PPP2R5A,2.23E-134,-0.294551125,0.147,0.3,7.47E-130,down in pTR-2
TAOK1,3.56E-135,-0.294657155,0.142,0.296,1.19E-130,down in pTR-2
SETD5,4.52E-130,-0.294671783,0.19,0.349,1.52E-125,down in pTR-2
SYTL2,1.06E-95,-0.294731101,0.253,0.379,3.56E-91,down in pTR-2
WDR70,6.25E-128,-0.295118123,0.135,0.28,2.10E-123,down in pTR-2
DIP2A,5.31E-129,-0.295340491,0.178,0.333,1.78E-124,down in pTR-2
TENT2,1.93E-130,-0.29557361,0.171,0.325,6.47E-126,down in pTR-2
DIAPH2,1.14E-124,-0.29575562,0.114,0.253,3.82E-120,down in pTR-2
MYH9,4.77E-243,-0.296217048,0.684,0.792,1.60E-238,down in pTR-2
DMTF1,1.12E-137,-0.296909221,0.138,0.292,3.75E-133,down in pTR-2
CAMKMT,2.39E-102,-0.297183259,0.131,0.254,8.03E-98,down in pTR-2
TRIM33,5.86E-153,-0.297725386,0.117,0.279,1.97E-148,down in pTR-2
FBXW11,7.54E-129,-0.297870541,0.146,0.294,2.53E-124,down in pTR-2
TNFAIP3,2.33E-135,-0.298176452,0.574,0.708,7.83E-131,down in pTR-2
SCAF8,9.58E-143,-0.298238049,0.121,0.275,3.21E-138,down in pTR-2
HAVCR2,4.62E-136,-0.298403585,0.092,0.234,1.55E-131,down in pTR-2
FAM160B1,6.01E-132,-0.298624809,0.143,0.294,2.02E-127,down in pTR-2
SH3KBP1,7.49E-161,-0.298720225,0.481,0.624,2.51E-156,down in pTR-2
AAK1,8.04E-131,-0.298756075,0.357,0.504,2.70E-126,down in pTR-2
FTO,4.10E-129,-0.29959906,0.121,0.264,1.38E-124,down in pTR-2
UBR5,3.55E-131,-0.299934878,0.157,0.308,1.19E-126,down in pTR-2
PLPP1,1.38E-116,-0.300065812,0.088,0.211,4.63E-112,down in pTR-2
PIAS1,2.83E-131,-0.300268945,0.303,0.46,9.51E-127,down in pTR-2
LPGAT1,9.42E-132,-0.300554157,0.113,0.255,3.16E-127,down in pTR-2
SNTB2,7.48E-170,-0.300699998,0.085,0.244,2.51E-165,down in pTR-2
TRPM7,4.96E-139,-0.300985119,0.155,0.314,1.66E-134,down in pTR-2
CD226,2.01E-109,-0.301037169,0.133,0.262,6.73E-105,down in pTR-2
BMPR1A,1.57E-183,-0.301343871,0.048,0.196,5.28E-179,down in pTR-2
SOS2,1.63E-169,-0.301561088,0.078,0.233,5.47E-165,down in pTR-2
PIK3IP1,1.95E-124,-0.301639546,0.303,0.452,6.54E-120,down in pTR-2
ZNF148,2.90E-125,-0.301919429,0.22,0.369,9.72E-121,down in pTR-2
TBCK,2.25E-143,-0.301970668,0.113,0.265,7.56E-139,down in pTR-2
TTC17,5.26E-132,-0.302186616,0.269,0.429,1.77E-127,down in pTR-2
RIF1,1.23E-142,-0.302304075,0.145,0.304,4.12E-138,down in pTR-2
FAM118A,4.47E-138,-0.302442159,0.173,0.335,1.50E-133,down in pTR-2
RMND5A,8.09E-168,-0.302446379,0.095,0.256,2.71E-163,down in pTR-2
PREX1,7.69E-134,-0.302573137,0.314,0.472,2.58E-129,down in pTR-2
GALNT1,6.24E-153,-0.302634408,0.112,0.271,2.09E-148,down in pTR-2
TXNIP,1.87E-165,-0.302707551,0.606,0.712,6.29E-161,down in pTR-2
RGS1,5.15E-117,-0.302709436,0.392,0.553,1.73E-112,down in pTR-2
INPP4A,2.87E-137,-0.302917111,0.177,0.339,9.62E-133,down in pTR-2
KLRC1,9.71E-92,-0.303052716,0.107,0.223,3.26E-87,down in pTR-2
SIDT1,1.13E-133,-0.303216141,0.139,0.29,3.80E-129,down in pTR-2
LCOR,2.92E-137,-0.303407223,0.138,0.291,9.78E-133,down in pTR-2
USP9Y,1.23E-163,-0.304257717,0.075,0.225,4.13E-159,down in pTR-2
NUFIP2,4.65E-143,-0.304350378,0.162,0.325,1.56E-138,down in pTR-2
KDM2A,4.00E-134,-0.304445243,0.226,0.388,1.34E-129,down in pTR-2
IFNG-AS1,3.82E-88,-0.30447946,0.16,0.28,1.28E-83,down in pTR-2
PTBP3,1.34E-137,-0.304512012,0.275,0.44,4.49E-133,down in pTR-2
SEC24B,9.16E-151,-0.304753901,0.127,0.288,3.07E-146,down in pTR-2
RAB8B,1.98E-123,-0.305114882,0.242,0.392,6.66E-119,down in pTR-2
RBM33,3.26E-135,-0.305351948,0.196,0.357,1.09E-130,down in pTR-2
KDM7A,1.89E-140,-0.305615142,0.106,0.253,6.35E-136,down in pTR-2
PLEKHA2,2.06E-134,-0.305625395,0.167,0.323,6.90E-130,down in pTR-2
ITFG1,1.48E-121,-0.306044239,0.227,0.374,4.95E-117,down in pTR-2
SENP6,5.55E-130,-0.30702173,0.271,0.426,1.86E-125,down in pTR-2
DDX17,5.81E-191,-0.30711046,0.505,0.667,1.95E-186,down in pTR-2
SETX,5.23E-137,-0.307246115,0.271,0.434,1.75E-132,down in pTR-2
CRYBG1,2.77E-106,-0.307258866,0.25,0.383,9.31E-102,down in pTR-2
MAN1A2,6.62E-125,-0.307361376,0.204,0.353,2.22E-120,down in pTR-2
MAP2K4,6.19E-154,-0.307363474,0.102,0.256,2.08E-149,down in pTR-2
CDC42SE2,7.08E-183,-0.307619113,0.574,0.686,2.38E-178,down in pTR-2
MAP4K4,1.49E-135,-0.307917907,0.145,0.299,5.00E-131,down in pTR-2
TANK,3.52E-123,-0.308025885,0.301,0.45,1.18E-118,down in pTR-2
PIK3R1,9.10E-128,-0.30803314,0.372,0.516,3.05E-123,down in pTR-2
WDR7,8.62E-159,-0.308085177,0.094,0.249,2.89E-154,down in pTR-2
ITGAE,1.61E-103,-0.308204433,0.414,0.527,5.41E-99,down in pTR-2
LRCH3,1.89E-153,-0.308318185,0.127,0.289,6.34E-149,down in pTR-2
NUTM2B-AS1,9.29E-134,-0.308508518,0.208,0.365,3.12E-129,down in pTR-2
ADAM10,5.61E-135,-0.308900695,0.205,0.366,1.88E-130,down in pTR-2
MYO7A,3.59E-158,-0.308968989,0.067,0.21,1.20E-153,down in pTR-2
TBC1D1,6.79E-140,-0.30985687,0.172,0.331,2.28E-135,down in pTR-2
MBNL2,8.35E-140,-0.310465418,0.151,0.308,2.80E-135,down in pTR-2
STAG2,2.83E-135,-0.310671422,0.288,0.442,9.50E-131,down in pTR-2
STRBP,4.54E-157,-0.310873791,0.1,0.257,1.52E-152,down in pTR-2
RAB3GAP1,2.26E-122,-0.311571705,0.25,0.397,7.57E-118,down in pTR-2
MFSD6,6.23E-145,-0.31162239,0.152,0.313,2.09E-140,down in pTR-2
DNM2,9.83E-150,-0.312373819,0.224,0.401,3.30E-145,down in pTR-2
ZNF831,2.57E-124,-0.313090725,0.211,0.36,8.64E-120,down in pTR-2
PCED1B,1.02E-133,-0.313302427,0.363,0.507,3.42E-129,down in pTR-2
PPP4R3A,1.66E-150,-0.313385181,0.195,0.367,5.56E-146,down in pTR-2
ZMYM2,3.72E-145,-0.313635058,0.238,0.408,1.25E-140,down in pTR-2
TET2,4.21E-163,-0.313787863,0.09,0.246,1.41E-158,down in pTR-2
PRDM2,6.55E-133,-0.314807181,0.215,0.371,2.20E-128,down in pTR-2
PDS5B,9.79E-151,-0.314996349,0.12,0.277,3.28E-146,down in pTR-2
IGF2R,5.35E-144,-0.3153114,0.194,0.362,1.80E-139,down in pTR-2
ACSL4,4.68E-165,-0.315725795,0.094,0.251,1.57E-160,down in pTR-2
ABLIM1,1.22E-116,-0.316206526,0.304,0.442,4.09E-112,down in pTR-2
SLC38A1,1.25E-163,-0.316275466,0.484,0.612,4.20E-159,down in pTR-2
TLN1,2.94E-148,-0.316506926,0.361,0.519,9.88E-144,down in pTR-2
PAG1,2.53E-102,-0.316734191,0.291,0.412,8.49E-98,down in pTR-2
ACTR2,1.22E-174,-0.317011344,0.418,0.588,4.10E-170,down in pTR-2
KLF13,1.51E-151,-0.317199311,0.298,0.469,5.08E-147,down in pTR-2
SOS1,6.09E-133,-0.317217467,0.195,0.354,2.04E-128,down in pTR-2
DENND1A,4.90E-179,-0.317335678,0.068,0.224,1.64E-174,down in pTR-2
NFKB1,1.29E-122,-0.317384752,0.258,0.414,4.33E-118,down in pTR-2
ANKRD36,5.50E-158,-0.317476822,0.135,0.304,1.85E-153,down in pTR-2
PMEPA1,9.18E-185,-0.317593986,0.068,0.227,3.08E-180,down in pTR-2
NSMCE2,1.53E-122,-0.31767829,0.152,0.293,5.13E-118,down in pTR-2
SP100,3.35E-245,-0.317985286,0.604,0.749,1.12E-240,down in pTR-2
USP9X,3.61E-150,-0.318957314,0.167,0.333,1.21E-145,down in pTR-2
FOXJ3,4.92E-154,-0.319259218,0.139,0.303,1.65E-149,down in pTR-2
PUM1,2.40E-150,-0.319331262,0.199,0.37,8.06E-146,down in pTR-2
RALGAPA2,3.04E-152,-0.319576033,0.12,0.278,1.02E-147,down in pTR-2
PRKACB,9.74E-139,-0.319586081,0.28,0.437,3.27E-134,down in pTR-2
UMAD1,3.67E-132,-0.320212338,0.143,0.291,1.23E-127,down in pTR-2
LARP4B,7.92E-183,-0.320421659,0.104,0.281,2.66E-178,down in pTR-2
MAN2A1,1.14E-134,-0.321476563,0.145,0.296,3.81E-130,down in pTR-2
ATP9B,1.86E-149,-0.321523471,0.155,0.321,6.23E-145,down in pTR-2
FAM107B,3.95E-162,-0.321705194,0.377,0.544,1.33E-157,down in pTR-2
UHRF2,1.71E-166,-0.321767073,0.119,0.286,5.74E-162,down in pTR-2
CREBBP,2.91E-155,-0.322119045,0.156,0.326,9.77E-151,down in pTR-2
URI1,3.75E-159,-0.322290608,0.191,0.372,1.26E-154,down in pTR-2
PARP4,3.79E-151,-0.322681118,0.161,0.327,1.27E-146,down in pTR-2
TNKS2,1.91E-157,-0.323472193,0.217,0.395,6.42E-153,down in pTR-2
XPR1,4.45E-166,-0.323909829,0.101,0.262,1.49E-161,down in pTR-2
RAD51B,5.96E-112,-0.324298777,0.133,0.264,2.00E-107,down in pTR-2
KAT2B,3.38E-163,-0.325055372,0.1,0.259,1.13E-158,down in pTR-2
FAM208B,1.24E-164,-0.325188187,0.122,0.29,4.15E-160,down in pTR-2
TNRC6A,1.22E-162,-0.325252388,0.137,0.308,4.11E-158,down in pTR-2
PDZD8,3.82E-171,-0.325419719,0.086,0.245,1.28E-166,down in pTR-2
SUZ12,1.34E-173,-0.325581629,0.149,0.33,4.48E-169,down in pTR-2
BRD4,3.20E-165,-0.325935242,0.217,0.402,1.07E-160,down in pTR-2
TBC1D22A,3.51E-144,-0.326169651,0.209,0.374,1.18E-139,down in pTR-2
XPO1,7.06E-154,-0.326188906,0.194,0.366,2.37E-149,down in pTR-2
PPP1R12A,1.39E-173,-0.326328683,0.418,0.573,4.66E-169,down in pTR-2
ASCC3,2.14E-146,-0.32682215,0.201,0.366,7.19E-142,down in pTR-2
INPP5D,1.11E-149,-0.327418442,0.275,0.442,3.74E-145,down in pTR-2
IVNS1ABP,2.76E-118,-0.32743003,0.243,0.385,9.25E-114,down in pTR-2
AL357060.1,3.55E-169,-0.327482399,0.095,0.257,1.19E-164,down in pTR-2
EP300,6.75E-166,-0.327725485,0.155,0.332,2.26E-161,down in pTR-2
FNBP1,1.24E-185,-0.327828555,0.474,0.628,4.16E-181,down in pTR-2
BCL11B,3.80E-153,-0.32928019,0.389,0.543,1.27E-148,down in pTR-2
CCND2,3.14E-133,-0.329410991,0.293,0.437,1.05E-128,down in pTR-2
GNPTAB,1.06E-149,-0.329455361,0.16,0.324,3.54E-145,down in pTR-2
DAPK2,3.44E-149,-0.32953536,0.109,0.263,1.15E-144,down in pTR-2
ARHGEF3,1.12E-145,-0.329556928,0.271,0.437,3.75E-141,down in pTR-2
ZNRF2,4.31E-196,-0.329595207,0.088,0.264,1.45E-191,down in pTR-2
PTK2B,2.26E-145,-0.329689329,0.267,0.431,7.58E-141,down in pTR-2
RBM26,8.73E-164,-0.329892413,0.141,0.311,2.93E-159,down in pTR-2
LPP,2.79E-128,-0.330015161,0.234,0.385,9.35E-124,down in pTR-2
HELZ,4.20E-150,-0.330374422,0.2,0.367,1.41E-145,down in pTR-2
STIM2,7.58E-157,-0.330756803,0.222,0.401,2.54E-152,down in pTR-2
TRAPPC9,1.71E-141,-0.331538766,0.176,0.335,5.72E-137,down in pTR-2
BRAF,4.09E-154,-0.331718721,0.156,0.324,1.37E-149,down in pTR-2
MED13,8.76E-178,-0.332572396,0.104,0.273,2.94E-173,down in pTR-2
GNA13,4.67E-172,-0.333354993,0.15,0.328,1.57E-167,down in pTR-2
BOD1L1,5.97E-170,-0.333862503,0.18,0.365,2.00E-165,down in pTR-2
FNDC3A,7.97E-157,-0.334369507,0.171,0.343,2.68E-152,down in pTR-2
PHF3,4.04E-164,-0.334529486,0.295,0.473,1.36E-159,down in pTR-2
R3HDM1,2.58E-152,-0.335044256,0.167,0.332,8.65E-148,down in pTR-2
ATAD2B,3.82E-164,-0.335151478,0.145,0.316,1.28E-159,down in pTR-2
IPCEF1,5.14E-163,-0.335270022,0.127,0.293,1.73E-158,down in pTR-2
ST6GALNAC3,2.91E-210,-0.335712897,0.019,0.154,9.75E-206,down in pTR-2
ARHGEF12,8.06E-185,-0.335865315,0.065,0.221,2.70E-180,down in pTR-2
ITPR1,1.02E-155,-0.335917792,0.152,0.319,3.44E-151,down in pTR-2
MEF2A,3.85E-155,-0.336430243,0.143,0.306,1.29E-150,down in pTR-2
CD96,0,-0.33671593,0.726,0.841,0,down in pTR-2
CDYL,2.94E-206,-0.336974576,0.061,0.228,9.85E-202,down in pTR-2
PPM1B,5.85E-171,-0.337027117,0.163,0.342,1.96E-166,down in pTR-2
ADNP,2.86E-192,-0.337389402,0.106,0.286,9.60E-188,down in pTR-2
SUSD6,4.64E-170,-0.337394832,0.113,0.279,1.56E-165,down in pTR-2
GNB1,2.89E-173,-0.337498826,0.238,0.43,9.68E-169,down in pTR-2
RNGTT,1.10E-165,-0.338070021,0.141,0.312,3.70E-161,down in pTR-2
RIN3,2.84E-127,-0.338192414,0.203,0.35,9.54E-123,down in pTR-2
PTPN22,9.70E-164,-0.339171281,0.42,0.569,3.25E-159,down in pTR-2
CYTIP,1.30E-268,-0.339718345,0.589,0.742,4.37E-264,down in pTR-2
XKR6,3.90E-194,-0.33994771,0.062,0.222,1.31E-189,down in pTR-2
RFTN1,7.29E-155,-0.340172554,0.288,0.455,2.45E-150,down in pTR-2
ABCC1,1.09E-178,-0.340391583,0.12,0.293,3.66E-174,down in pTR-2
SUPT3H,1.46E-141,-0.340599444,0.257,0.415,4.89E-137,down in pTR-2
PRKCB,4.56E-144,-0.340704196,0.276,0.435,1.53E-139,down in pTR-2
BBX,1.73E-139,-0.34089127,0.266,0.418,5.79E-135,down in pTR-2
FAM69A,6.22E-165,-0.341259432,0.11,0.271,2.09E-160,down in pTR-2
AP3B1,2.69E-158,-0.341443881,0.212,0.387,9.02E-154,down in pTR-2
PPP1R14B,2.29E-106,-0.34159028,0.234,0.365,7.68E-102,down in pTR-2
SENP7,1.52E-161,-0.34367097,0.228,0.406,5.09E-157,down in pTR-2
ITK,1.19E-165,-0.343793061,0.363,0.529,3.99E-161,down in pTR-2
MAP4K3,1.92E-225,-0.343832429,0.033,0.189,6.45E-221,down in pTR-2
PYHIN1,6.62E-169,-0.34491844,0.267,0.458,2.22E-164,down in pTR-2
ABCB1,2.60E-189,-0.345005733,0.09,0.261,8.72E-185,down in pTR-2
AUH,1.67E-170,-0.34521527,0.108,0.272,5.61E-166,down in pTR-2
HUWE1,9.39E-162,-0.345658299,0.228,0.405,3.15E-157,down in pTR-2
TM9SF3,2.81E-182,-0.345844234,0.165,0.353,9.42E-178,down in pTR-2
RBMS1,1.37E-161,-0.345875999,0.341,0.505,4.59E-157,down in pTR-2
N4BP1,5.58E-176,-0.34646572,0.201,0.389,1.87E-171,down in pTR-2
MALT1,5.84E-176,-0.346551706,0.15,0.331,1.96E-171,down in pTR-2
SPPL3,8.05E-190,-0.347252739,0.107,0.285,2.70E-185,down in pTR-2
BTBD9,1.85E-137,-0.347923816,0.174,0.329,6.20E-133,down in pTR-2
CCDC6,6.13E-204,-0.34812501,0.074,0.245,2.06E-199,down in pTR-2
DDX3Y,6.50E-147,-0.349282153,0.18,0.345,2.18E-142,down in pTR-2
MARK3,5.52E-181,-0.349350908,0.172,0.359,1.85E-176,down in pTR-2
PHF21A,2.05E-166,-0.349552339,0.137,0.307,6.87E-162,down in pTR-2
DYM,1.53E-166,-0.350070095,0.17,0.344,5.13E-162,down in pTR-2
NIN,8.83E-170,-0.350505556,0.242,0.428,2.96E-165,down in pTR-2
ZNF638,2.38E-179,-0.350690924,0.284,0.471,7.99E-175,down in pTR-2
USP24,3.83E-188,-0.350803284,0.121,0.303,1.28E-183,down in pTR-2
NCOA3,1.55E-177,-0.351522784,0.177,0.362,5.20E-173,down in pTR-2
STAT5B,6.21E-183,-0.351570362,0.165,0.351,2.08E-178,down in pTR-2
HERC4,1.02E-176,-0.353452597,0.185,0.371,3.41E-172,down in pTR-2
ARHGEF7,2.53E-174,-0.354678819,0.164,0.344,8.49E-170,down in pTR-2
ENTPD1-AS1,1.04E-198,-0.356023061,0.086,0.261,3.48E-194,down in pTR-2
GSPT1,1.67E-179,-0.356715419,0.192,0.379,5.61E-175,down in pTR-2
HNRNPD,5.77E-201,-0.357191397,0.269,0.478,1.94E-196,down in pTR-2
IL6ST,8.07E-157,-0.357241387,0.138,0.298,2.71E-152,down in pTR-2
BRWD1,1.68E-177,-0.357936832,0.228,0.416,5.63E-173,down in pTR-2
EPB41,2.94E-167,-0.358563703,0.316,0.487,9.85E-163,down in pTR-2
MBD5,3.16E-154,-0.359120385,0.266,0.432,1.06E-149,down in pTR-2
ARFGEF1,7.28E-189,-0.359419879,0.176,0.369,2.44E-184,down in pTR-2
NFAT5,7.19E-183,-0.359889478,0.172,0.362,2.41E-178,down in pTR-2
ZNF292,1.75E-183,-0.359914132,0.26,0.454,5.87E-179,down in pTR-2
ITCH,2.28E-190,-0.360633378,0.155,0.345,7.64E-186,down in pTR-2
CEP350,4.73E-185,-0.360682875,0.219,0.415,1.59E-180,down in pTR-2
PTPRA,2.29E-181,-0.360700143,0.22,0.41,7.68E-177,down in pTR-2
SEL1L3,1.04E-182,-0.360883278,0.179,0.367,3.50E-178,down in pTR-2
LNPEP,4.81E-204,-0.3615951,0.377,0.569,1.61E-199,down in pTR-2
SKAP1,8.50E-284,-0.361840625,0.636,0.762,2.85E-279,down in pTR-2
RALGAPA1,4.44E-164,-0.362474476,0.226,0.403,1.49E-159,down in pTR-2
GPRIN3,1.52E-176,-0.362643256,0.37,0.537,5.10E-172,down in pTR-2
SMG1,4.28E-194,-0.362814599,0.313,0.507,1.44E-189,down in pTR-2
ZSWIM6,1.05E-187,-0.363651023,0.083,0.249,3.52E-183,down in pTR-2
WAC,4.03E-186,-0.363660248,0.24,0.43,1.35E-181,down in pTR-2
ARHGAP15,1.85E-292,-0.363660689,0.685,0.799,6.22E-288,down in pTR-2
CSGALNACT1,2.83E-117,-0.363740306,0.12,0.248,9.50E-113,down in pTR-2
ERBIN,4.63E-175,-0.364628546,0.225,0.408,1.55E-170,down in pTR-2
ZNF407,6.95E-187,-0.364943517,0.089,0.257,2.33E-182,down in pTR-2
FAM129A,5.29E-156,-0.365505919,0.404,0.553,1.78E-151,down in pTR-2
TRAPPC10,2.41E-204,-0.365730536,0.156,0.355,8.09E-200,down in pTR-2
UBE2H,6.26E-220,-0.36574576,0.112,0.311,2.10E-215,down in pTR-2
HIF1A,1.28E-177,-0.365891992,0.312,0.489,4.31E-173,down in pTR-2
GPCPD1,1.17E-171,-0.365924945,0.199,0.379,3.93E-167,down in pTR-2
TMEM131,3.45E-199,-0.366321193,0.129,0.317,1.16E-194,down in pTR-2
TOP2B,5.55E-187,-0.36640381,0.183,0.37,1.86E-182,down in pTR-2
CCNY,2.08E-207,-0.367105488,0.128,0.323,6.96E-203,down in pTR-2
SLAMF6,2.97E-189,-0.367988202,0.222,0.418,9.98E-185,down in pTR-2
MBNL1,0,-0.368355346,0.811,0.904,0,down in pTR-2
ARID2,1.16E-182,-0.36931312,0.17,0.355,3.89E-178,down in pTR-2
BCL2L11,1.08E-223,-0.370123796,0.045,0.208,3.62E-219,down in pTR-2
NR3C1,3.94E-173,-0.370569532,0.418,0.564,1.32E-168,down in pTR-2
CDK6,9.55E-156,-0.370648714,0.152,0.315,3.20E-151,down in pTR-2
AFF1,3.76E-190,-0.370802225,0.133,0.316,1.26E-185,down in pTR-2
DOCK11,2.69E-194,-0.371267613,0.168,0.362,9.04E-190,down in pTR-2
GALNT10,1.18E-217,-0.371909191,0.101,0.293,3.95E-213,down in pTR-2
KAT6B,4.22E-168,-0.372812394,0.178,0.353,1.42E-163,down in pTR-2
RAB27A,1.88E-195,-0.373129439,0.363,0.536,6.30E-191,down in pTR-2
ANK3,9.56E-97,-0.373448746,0.185,0.301,3.21E-92,down in pTR-2
CAMK4,2.82E-191,-0.373471024,0.47,0.607,9.46E-187,down in pTR-2
BABAM2,1.22E-174,-0.374030068,0.175,0.353,4.09E-170,down in pTR-2
MAPK1,5.86E-212,-0.37474959,0.189,0.4,1.96E-207,down in pTR-2
SMURF2,1.46E-197,-0.37500297,0.154,0.35,4.91E-193,down in pTR-2
MCTP2,4.18E-172,-0.375688765,0.132,0.301,1.40E-167,down in pTR-2
RASGRP1,7.67E-193,-0.377096347,0.275,0.47,2.57E-188,down in pTR-2
SPIDR,6.87E-183,-0.377328779,0.186,0.373,2.30E-178,down in pTR-2
RFX3,1.85E-179,-0.377776628,0.118,0.291,6.22E-175,down in pTR-2
ZCCHC7,1.55E-173,-0.378187836,0.217,0.399,5.19E-169,down in pTR-2
CTNNB1,5.64E-186,-0.378218293,0.206,0.392,1.89E-181,down in pTR-2
OSBPL8,4.92E-182,-0.378408414,0.313,0.49,1.65E-177,down in pTR-2
SFPQ,3.38E-237,-0.37852173,0.377,0.6,1.13E-232,down in pTR-2
INPP4B,2.38E-181,-0.379024481,0.382,0.547,8.00E-177,down in pTR-2
ELF1,2.07E-257,-0.380970986,0.47,0.65,6.95E-253,down in pTR-2
GSK3B,2.38E-190,-0.381054385,0.215,0.405,7.97E-186,down in pTR-2
JARID2,5.86E-172,-0.381083649,0.165,0.34,1.97E-167,down in pTR-2
AGFG1,3.76E-238,-0.382499495,0.096,0.296,1.26E-233,down in pTR-2
CDK17,8.65E-195,-0.382740588,0.297,0.491,2.90E-190,down in pTR-2
STK24,2.92E-227,-0.382772109,0.168,0.386,9.78E-223,down in pTR-2
KDM4C,3.60E-189,-0.383114976,0.254,0.445,1.21E-184,down in pTR-2
VWA8,1.92E-200,-0.383263341,0.134,0.323,6.45E-196,down in pTR-2
USP3,2.95E-199,-0.383430136,0.268,0.462,9.90E-195,down in pTR-2
TSPAN5,1.25E-181,-0.383450435,0.154,0.334,4.19E-177,down in pTR-2
MYCBP2,1.84E-221,-0.383811102,0.388,0.576,6.17E-217,down in pTR-2
CDK13,2.27E-215,-0.384247035,0.189,0.4,7.62E-211,down in pTR-2
HERC1,2.36E-192,-0.384578022,0.279,0.468,7.91E-188,down in pTR-2
PPP6R3,1.52E-204,-0.384993417,0.237,0.435,5.11E-200,down in pTR-2
SRRM2,2.19E-254,-0.385139843,0.418,0.642,7.34E-250,down in pTR-2
PCM1,4.16E-226,-0.386824084,0.351,0.551,1.40E-221,down in pTR-2
SMCHD1,7.37E-289,-0.386855238,0.529,0.713,2.47E-284,down in pTR-2
USP47,1.92E-203,-0.387846444,0.234,0.433,6.44E-199,down in pTR-2
NCALD,1.78E-141,-0.388179066,0.185,0.337,5.97E-137,down in pTR-2
DUSP16,7.29E-211,-0.388377451,0.119,0.31,2.44E-206,down in pTR-2
USP34,1.49E-207,-0.388745268,0.287,0.484,4.98E-203,down in pTR-2
NCOA1,2.58E-192,-0.388968122,0.176,0.367,8.64E-188,down in pTR-2
HNRNPL,1.94E-237,-0.389062394,0.26,0.488,6.51E-233,down in pTR-2
KIAA1109,2.55E-202,-0.389758054,0.206,0.405,8.55E-198,down in pTR-2
NAP1L4,6.53E-215,-0.389878686,0.386,0.561,2.19E-210,down in pTR-2
GPATCH8,3.66E-208,-0.390222517,0.23,0.433,1.23E-203,down in pTR-2
AOAH,3.30E-213,-0.390550899,0.538,0.669,1.11E-208,down in pTR-2
GNAS,1.25E-307,-0.390748092,0.507,0.729,4.19E-303,down in pTR-2
ARID5B,1.48E-173,-0.392645842,0.296,0.47,4.97E-169,down in pTR-2
PHC3,1.68E-221,-0.392846969,0.274,0.485,5.64E-217,down in pTR-2
SUCLG2,1.11E-184,-0.39314237,0.24,0.42,3.73E-180,down in pTR-2
THADA,3.77E-216,-0.393435091,0.119,0.314,1.26E-211,down in pTR-2
KAT6A,5.19E-198,-0.393814677,0.245,0.438,1.74E-193,down in pTR-2
ITPR2,1.86E-202,-0.394815397,0.177,0.374,6.26E-198,down in pTR-2
GATAD2B,1.70E-227,-0.395014103,0.154,0.365,5.69E-223,down in pTR-2
SYTL3,4.25E-249,-0.395089682,0.525,0.676,1.43E-244,down in pTR-2
PRDM1,1.02E-175,-0.396878989,0.213,0.397,3.41E-171,down in pTR-2
JAZF1,1.08E-157,-0.398497181,0.191,0.357,3.61E-153,down in pTR-2
ASXL2,1.35E-212,-0.398676777,0.194,0.398,4.53E-208,down in pTR-2
TRERF1,2.30E-187,-0.399144718,0.21,0.397,7.71E-183,down in pTR-2
FRYL,8.43E-221,-0.399974196,0.248,0.458,2.83E-216,down in pTR-2
ASAP1,6.00E-196,-0.401376392,0.159,0.347,2.01E-191,down in pTR-2
RFX7,1.63E-230,-0.401854049,0.106,0.306,5.47E-226,down in pTR-2
MDFIC,1.05E-218,-0.4022727,0.173,0.382,3.52E-214,down in pTR-2
UBASH3B,2.21E-216,-0.402531579,0.066,0.238,7.40E-212,down in pTR-2
HIVEP2,7.80E-197,-0.402935767,0.228,0.424,2.62E-192,down in pTR-2
R3HDM2,1.88E-239,-0.405215438,0.16,0.38,6.30E-235,down in pTR-2
TRIP12,3.21E-225,-0.405937388,0.205,0.417,1.08E-220,down in pTR-2
ZNF609,6.80E-240,-0.405964516,0.1,0.302,2.28E-235,down in pTR-2
DOCK10,2.85E-220,-0.407296777,0.393,0.575,9.57E-216,down in pTR-2
LYST,6.38E-209,-0.407596888,0.342,0.533,2.14E-204,down in pTR-2
CAMK2D,1.92E-197,-0.407662637,0.18,0.37,6.43E-193,down in pTR-2
UBL3,2.20E-197,-0.408114688,0.223,0.418,7.37E-193,down in pTR-2
ARAP2,1.44E-224,-0.408135254,0.328,0.533,4.83E-220,down in pTR-2
TBC1D2B,1.07E-258,-0.408858878,0.133,0.357,3.59E-254,down in pTR-2
MKLN1,7.77E-220,-0.409034334,0.218,0.429,2.61E-215,down in pTR-2
CD81,5.82E-234,-0.409652618,0.299,0.536,1.95E-229,down in pTR-2
RETREG1,7.35E-224,-0.410894855,0.089,0.275,2.47E-219,down in pTR-2
SYNE1,7.65E-229,-0.411829245,0.355,0.561,2.57E-224,down in pTR-2
DLG1,2.97E-237,-0.41207339,0.161,0.377,9.96E-233,down in pTR-2
ZDHHC20,2.04E-230,-0.414011105,0.156,0.366,6.83E-226,down in pTR-2
PLCL2,3.53E-225,-0.414292937,0.151,0.357,1.18E-220,down in pTR-2
KDM6A,1.11E-232,-0.41445268,0.152,0.363,3.72E-228,down in pTR-2
VPS13C,9.34E-265,-0.414755611,0.361,0.58,3.13E-260,down in pTR-2
CTLA4,1.27E-202,-0.415200852,0.125,0.311,4.26E-198,down in pTR-2
OGT,1.46E-244,-0.416064448,0.247,0.473,4.89E-240,down in pTR-2
SETD2,1.93E-242,-0.416725895,0.254,0.476,6.47E-238,down in pTR-2
CCDC91,4.77E-200,-0.417025003,0.28,0.464,1.60E-195,down in pTR-2
OXNAD1,4.57E-243,-0.417155883,0.358,0.556,1.53E-238,down in pTR-2
SEMA4D,3.93E-250,-0.417236064,0.358,0.567,1.32E-245,down in pTR-2
ASH1L,3.41E-253,-0.417845365,0.287,0.521,1.14E-248,down in pTR-2
JMJD1C,6.89E-229,-0.417968532,0.363,0.559,2.31E-224,down in pTR-2
SLFN12L,5.31E-242,-0.418770803,0.302,0.521,1.78E-237,down in pTR-2
TNKS,1.44E-241,-0.418873189,0.125,0.335,4.84E-237,down in pTR-2
MYO1E,1.02E-274,-0.419742132,0.034,0.215,3.41E-270,down in pTR-2
XYLT1,4.32E-237,-0.420277209,0.081,0.273,1.45E-232,down in pTR-2
MVB12B,1.03E-211,-0.420762062,0.169,0.366,3.45E-207,down in pTR-2
DPYD,2.48E-212,-0.420871415,0.328,0.518,8.33E-208,down in pTR-2
IQGAP1,0,-0.421003822,0.505,0.694,0,down in pTR-2
AKAP13,0,-0.421381735,0.573,0.726,0,down in pTR-2
AGO2,3.44E-252,-0.422121873,0.142,0.361,1.15E-247,down in pTR-2
PELI1,6.00E-198,-0.422307851,0.082,0.25,2.01E-193,down in pTR-2
CCNH,3.00E-249,-0.423565509,0.335,0.562,1.00E-244,down in pTR-2
OGA,1.45E-268,-0.425004148,0.278,0.518,4.85E-264,down in pTR-2
DOCK8,0,-0.425619279,0.507,0.699,0,down in pTR-2
RNF38,1.21E-250,-0.426271235,0.149,0.37,4.05E-246,down in pTR-2
MED13L,7.17E-227,-0.426846991,0.148,0.354,2.41E-222,down in pTR-2
BPTF,4.27E-270,-0.427278194,0.319,0.555,1.43E-265,down in pTR-2
IQGAP2,1.10E-229,-0.42733724,0.343,0.539,3.70E-225,down in pTR-2
CEP85L,5.19E-221,-0.427501039,0.206,0.411,1.74E-216,down in pTR-2
KLF12,4.86E-211,-0.428802843,0.293,0.488,1.63E-206,down in pTR-2
VTI1A,1.35E-216,-0.429165301,0.199,0.402,4.52E-212,down in pTR-2
BCAS3,7.05E-224,-0.430387058,0.147,0.352,2.37E-219,down in pTR-2
CDV3,9.02E-273,-0.430398886,0.19,0.429,3.02E-268,down in pTR-2
THEMIS,4.98E-264,-0.430463826,0.471,0.661,1.67E-259,down in pTR-2
PTEN,7.38E-274,-0.430663998,0.141,0.373,2.48E-269,down in pTR-2
PITPNC1,2.53E-248,-0.431933832,0.426,0.61,8.47E-244,down in pTR-2
FBXL17,1.14E-210,-0.432167731,0.165,0.362,3.81E-206,down in pTR-2
RICTOR,7.04E-247,-0.432212307,0.217,0.439,2.36E-242,down in pTR-2
SLC4A7,4.01E-221,-0.432330238,0.209,0.415,1.35E-216,down in pTR-2
NIPBL,6.53E-266,-0.432394989,0.355,0.57,2.19E-261,down in pTR-2
STT3B,1.80E-261,-0.433812383,0.202,0.435,6.04E-257,down in pTR-2
XRN1,6.28E-277,-0.433975564,0.311,0.547,2.11E-272,down in pTR-2
FAM214A,5.90E-268,-0.43644607,0.124,0.348,1.98E-263,down in pTR-2
NEDD9,3.60E-233,-0.436478171,0.199,0.411,1.21E-228,down in pTR-2
GMDS,1.36E-216,-0.436688082,0.173,0.371,4.58E-212,down in pTR-2
DOCK2,4.10E-247,-0.437189905,0.314,0.524,1.37E-242,down in pTR-2
ZNF644,1.30E-250,-0.438171492,0.255,0.474,4.36E-246,down in pTR-2
IKZF3,1.22E-306,-0.438617338,0.442,0.659,4.10E-302,down in pTR-2
TAB2,2.81E-265,-0.440257818,0.186,0.42,9.42E-261,down in pTR-2
MBD2,0,-0.440378977,0.105,0.351,0,down in pTR-2
FAM102B,9.18E-265,-0.440778149,0.103,0.319,3.08E-260,down in pTR-2
KMT2C,5.73E-256,-0.44099337,0.261,0.488,1.92E-251,down in pTR-2
KMT2A,1.71E-285,-0.441943291,0.302,0.553,5.75E-281,down in pTR-2
ZEB1,1.97E-231,-0.44340819,0.207,0.419,6.62E-227,down in pTR-2
MAP3K2,1.50E-270,-0.444201536,0.179,0.414,5.02E-266,down in pTR-2
LDLRAD4,9.51E-257,-0.444382794,0.408,0.6,3.19E-252,down in pTR-2
RUNX1,4.22E-216,-0.445246454,0.216,0.42,1.41E-211,down in pTR-2
FOXN3,2.24E-280,-0.446894709,0.41,0.61,7.50E-276,down in pTR-2
CAB39,8.67E-278,-0.448322878,0.187,0.427,2.91E-273,down in pTR-2
CDC14A,1.03E-197,-0.450718475,0.207,0.395,3.45E-193,down in pTR-2
DENND1B,2.82E-239,-0.450861251,0.198,0.412,9.46E-235,down in pTR-2
ANKRD17,9.54E-268,-0.451376055,0.182,0.415,3.20E-263,down in pTR-2
CASK,2.81E-251,-0.451702437,0.257,0.482,9.42E-247,down in pTR-2
FYN,0,-0.45194943,0.716,0.872,0,down in pTR-2
SMYD3,1.31E-212,-0.452920276,0.214,0.414,4.38E-208,down in pTR-2
RAP1GDS1,2.19E-271,-0.454860448,0.175,0.407,7.34E-267,down in pTR-2
TBC1D5,2.91E-250,-0.455661713,0.283,0.501,9.76E-246,down in pTR-2
KIF13B,1.19E-278,-0.455835135,0.132,0.361,3.99E-274,down in pTR-2
MSI2,2.41E-252,-0.456128846,0.166,0.385,8.08E-248,down in pTR-2
MACF1,2.59E-300,-0.456137558,0.409,0.626,8.70E-296,down in pTR-2
CEMIP2,1.56E-239,-0.458199064,0.222,0.444,5.24E-235,down in pTR-2
ATP11B,3.51E-293,-0.458344047,0.203,0.455,1.18E-288,down in pTR-2
PUM2,5.55E-296,-0.458432257,0.216,0.468,1.86E-291,down in pTR-2
STAT4,1.52E-301,-0.459965851,0.418,0.642,5.10E-297,down in pTR-2
SGMS1,5.52E-251,-0.46136118,0.203,0.425,1.85E-246,down in pTR-2
ARIH1,1.34E-272,-0.461813586,0.213,0.453,4.48E-268,down in pTR-2
PDS5A,6.93E-308,-0.462535927,0.199,0.456,2.32E-303,down in pTR-2
FTX,1.31E-281,-0.463517879,0.135,0.37,4.38E-277,down in pTR-2
COP1,9.28E-284,-0.465506263,0.175,0.415,3.11E-279,down in pTR-2
TCF12,2.60E-257,-0.465885305,0.211,0.435,8.73E-253,down in pTR-2
CDKAL1,8.08E-256,-0.466700219,0.185,0.408,2.71E-251,down in pTR-2
ANKRD11,8.87E-301,-0.467106535,0.317,0.556,2.98E-296,down in pTR-2
PAN3,3.54E-279,-0.467279171,0.174,0.412,1.19E-274,down in pTR-2
DGKH,0,-0.467476584,0.066,0.286,0,down in pTR-2
PDE7A,2.74E-282,-0.467642226,0.283,0.527,9.21E-278,down in pTR-2
DLEU2,2.11E-267,-0.469627449,0.141,0.368,7.09E-263,down in pTR-2
NEAT1,2.12E-277,-0.47030193,0.421,0.612,7.12E-273,down in pTR-2
TNRC6B,3.26E-289,-0.470336916,0.332,0.555,1.09E-284,down in pTR-2
EXOC4,2.60E-250,-0.471044227,0.224,0.442,8.73E-246,down in pTR-2
PACS1,6.58E-284,-0.47301427,0.209,0.45,2.21E-279,down in pTR-2
EIF4G3,1.20E-302,-0.476517909,0.136,0.379,4.02E-298,down in pTR-2
PPP3CA,3.01E-248,-0.477435248,0.222,0.439,1.01E-243,down in pTR-2
PPP1R16B,5.41E-306,-0.478515762,0.366,0.6,1.82E-301,down in pTR-2
PRKCH,0,-0.478595962,0.634,0.786,0,down in pTR-2
PICALM,2.60E-298,-0.478834682,0.223,0.472,8.73E-294,down in pTR-2
FBXW7,3.70E-283,-0.479259313,0.147,0.381,1.24E-278,down in pTR-2
UTY,3.07E-277,-0.479609112,0.154,0.384,1.03E-272,down in pTR-2
BCL2,7.23E-221,-0.480569411,0.174,0.375,2.43E-216,down in pTR-2
PPP2R5C,0,-0.480629878,0.523,0.732,0,down in pTR-2
HIST1H1C,3.95E-293,-0.480692963,0.141,0.382,1.32E-288,down in pTR-2
EPS15,0,-0.480755716,0.31,0.571,0,down in pTR-2
PAM,5.62E-241,-0.481353136,0.21,0.42,1.88E-236,down in pTR-2
UTRN,0,-0.481756914,0.448,0.673,0,down in pTR-2
FAF1,4.00E-298,-0.481823573,0.18,0.427,1.34E-293,down in pTR-2
PDE4D,1.02E-233,-0.483463893,0.288,0.49,3.44E-229,down in pTR-2
MAST4,2.51E-278,-0.483791447,0.059,0.257,8.41E-274,down in pTR-2
GTDC1,6.97E-264,-0.484503314,0.213,0.44,2.34E-259,down in pTR-2
NEK7,3.67E-286,-0.485204407,0.245,0.487,1.23E-281,down in pTR-2
KIAA1551,0,-0.485421318,0.589,0.815,0,down in pTR-2
SRGAP3,6.10E-247,-0.486616095,0.097,0.296,2.05E-242,down in pTR-2
STK39,0,-0.486848971,0.123,0.377,0,down in pTR-2
CUL3,0,-0.487143864,0.167,0.429,0,down in pTR-2
TGFBR2,0,-0.487563956,0.317,0.573,0,down in pTR-2
ATF7IP,0,-0.487579799,0.346,0.598,0,down in pTR-2
VAV3,1.14E-283,-0.488552252,0.129,0.359,3.84E-279,down in pTR-2
BIRC6,0,-0.489531372,0.331,0.586,0,down in pTR-2
ELMO1,1.13E-278,-0.490029951,0.264,0.496,3.79E-274,down in pTR-2
LINC01934,1.22E-261,-0.490063283,0.213,0.441,4.08E-257,down in pTR-2
STAG1,0,-0.4905992,0.228,0.481,0,down in pTR-2
IKZF1,0,-0.491343546,0.51,0.739,0,down in pTR-2
SMARCA2,0,-0.49160911,0.308,0.55,0,down in pTR-2
RUNX2,1.50E-253,-0.491636475,0.155,0.37,5.04E-249,down in pTR-2
GLCCI1,1.47E-292,-0.491758733,0.183,0.426,4.93E-288,down in pTR-2
ZFAND3,4.21E-290,-0.4925761,0.236,0.475,1.41E-285,down in pTR-2
TRPS1,2.73E-270,-0.493284774,0.128,0.351,9.17E-266,down in pTR-2
ARHGAP26,1.64E-297,-0.496509672,0.202,0.452,5.51E-293,down in pTR-2
USP25,0,-0.496510773,0.179,0.442,0,down in pTR-2
GLS,0,-0.500797964,0.279,0.552,0,down in pTR-2
MGAT5,4.43E-284,-0.503859621,0.147,0.378,1.49E-279,down in pTR-2
TBL1XR1,0,-0.505247411,0.193,0.447,0,down in pTR-2
PCNX2,0,-0.505315548,0.171,0.43,0,down in pTR-2
SIK3,2.00E-300,-0.507419712,0.301,0.548,6.70E-296,down in pTR-2
AC016831.7,0,-0.509565572,0.544,0.712,0,down in pTR-2
ITGA1,2.48E-280,-0.509712295,0.227,0.463,8.31E-276,down in pTR-2
FAM172A,1.70E-307,-0.510946447,0.237,0.483,5.69E-303,down in pTR-2
NCK2,0,-0.51118624,0.157,0.425,0,down in pTR-2
SSH2,0,-0.512435137,0.353,0.591,0,down in pTR-2
MLLT3,4.23E-264,-0.513514329,0.24,0.465,1.42E-259,down in pTR-2
NCOA2,0,-0.514416775,0.208,0.46,0,down in pTR-2
HIST1H1D,0,-0.517591374,0.214,0.48,0,down in pTR-2
FOXP1,0,-0.517798246,0.381,0.606,0,down in pTR-2
SLA,0,-0.518505647,0.282,0.53,0,down in pTR-2
SFMBT2,0,-0.5209949,0.2,0.459,0,down in pTR-2
SIPA1L1,1.19E-262,-0.521069605,0.233,0.448,4.01E-258,down in pTR-2
FUT8,1.83E-276,-0.524003823,0.204,0.43,6.14E-272,down in pTR-2
CELF2,0,-0.526457138,0.542,0.743,0,down in pTR-2
CMIP,4.31E-301,-0.527213539,0.206,0.448,1.44E-296,down in pTR-2
VPS13B,0,-0.530202808,0.213,0.476,0,down in pTR-2
WNK1,0,-0.532679925,0.377,0.63,0,down in pTR-2
RPS6KA3,0,-0.53327217,0.258,0.517,0,down in pTR-2
CCSER2,0,-0.535866712,0.339,0.588,0,down in pTR-2
ANKRD44,0,-0.536473771,0.539,0.773,0,down in pTR-2
DYRK1A,0,-0.540715777,0.149,0.425,0,down in pTR-2
ENTPD1,4.84E-251,-0.541589727,0.14,0.351,1.62E-246,down in pTR-2
CLASP1,0,-0.549382969,0.145,0.417,0,down in pTR-2
RBPJ,3.26E-267,-0.549734258,0.272,0.485,1.09E-262,down in pTR-2
SLC7A5,0,-0.553255634,0.261,0.514,0,down in pTR-2
SNX9,1.44E-244,-0.553814074,0.165,0.373,4.82E-240,down in pTR-2
ATP8B4,2.17E-278,-0.555059518,0.087,0.297,7.28E-274,down in pTR-2
RASA2,0,-0.557422442,0.38,0.647,0,down in pTR-2
RAPGEF1,0,-0.558779219,0.191,0.466,0,down in pTR-2
LRBA,0,-0.562149048,0.36,0.631,0,down in pTR-2
ARL15,0,-0.564501061,0.158,0.416,0,down in pTR-2
AKT3,0,-0.566066822,0.278,0.539,0,down in pTR-2
RASA1,0,-0.568762792,0.148,0.435,0,down in pTR-2
PHACTR2,0,-0.57321009,0.127,0.412,0,down in pTR-2
CNOT6L,0,-0.578341606,0.314,0.561,0,down in pTR-2
PCNX1,0,-0.582101981,0.221,0.515,0,down in pTR-2
RABGAP1L,0,-0.582170427,0.483,0.739,0,down in pTR-2
MAML2,0,-0.582987369,0.275,0.531,0,down in pTR-2
RNF19A,0,-0.599440943,0.418,0.678,0,down in pTR-2
ZBTB20,0,-0.602116259,0.469,0.719,0,down in pTR-2
ARID1B,0,-0.602275815,0.215,0.515,0,down in pTR-2
KANSL1,0,-0.607956142,0.263,0.583,0,down in pTR-2
JUND,0,-0.614206332,0.383,0.781,0,down in pTR-2
SMAP2,0,-0.620636202,0.255,0.575,0,down in pTR-2
HIST1H1E,0,-0.626915396,0.297,0.63,0,down in pTR-2
PTPRJ,0,-0.629207118,0.206,0.506,0,down in pTR-2
PARP8,0,-0.63196609,0.566,0.812,0,down in pTR-2
FOXO1,0,-0.637416066,0.182,0.481,0,down in pTR-2
ATP8A1,0,-0.65324161,0.263,0.571,0,down in pTR-2
CBLB,0,-0.653810199,0.526,0.767,0,down in pTR-2
ATXN1,0,-0.659112654,0.326,0.625,0,down in pTR-2
ZEB2,0,-0.665708351,0.228,0.543,0,down in pTR-2
PIP4K2A,0,-0.673729772,0.337,0.66,0,down in pTR-2
TOX,0,-0.677969475,0.266,0.562,0,down in pTR-2
CHST11,0,-0.678073613,0.357,0.646,0,down in pTR-2
ETS1,0,-0.679118069,0.457,0.781,0,down in pTR-2
H1FX,0,-0.702290104,0.255,0.611,0,down in pTR-2
PDE3B,0,-0.709295289,0.383,0.646,0,down in pTR-2
CXCL13,0,-0.789542379,0.124,0.487,0,down in pTR-2
FKBP5,0,-0.945632043,0.23,0.635,0,down in pTR-2